SYMBOL,COMPANY_NAME,MARKET_CAP_CATEGORY,CURRENT_PRICE,CHANGE_1D,CHANGE_1W,CHANGE_1M,TECHNICAL_SCORE,RSI,RELATIVE_STRENGTH,CAN_SLIM_SCORE,MINERVINI_SCORE,ENHANCED_FUND_SCORE,TREND_SIGNAL,TRADING_SIGNAL
MRPL,MRPL,SMALL_CAP,206.55,5.25,4.77,13.12,54.7,69.1,,20,12,,STRONG_BULLISH,HOLD
MTARTECH,MTARTECH,LARGE_CAP,3782.2,5.67,2.68,15.19,54.7,58.3,,18,14,,STRONG_BULLISH,HOLD
KIRLOSENG,KIRLOSENG,LARGE_CAP,1510.5,2.9,8.18,26.11,52.7,77.1,,18,14,,STRONG_BULLISH,HOLD
AETHER,AETHER,MID_CAP,1011.95,4.62,5.26,-0.98,51.3,60.0,,16,14,,STRONG_BULLISH,HOLD
ASTRAL,ASTRAL,LARGE_CAP,1689.2,1.57,0.3,12.34,50.7,70.7,,14,15,,STRONG_BULLISH,HOLD
UNIONGOLD,UNIONGOLD,MICRO_CAP,154.85,-0.93,-0.23,4.63,50.0,58.5,,18,8,,STRONG_BULLISH,HOLD
MBAPL,MBAPL,SMALL_CAP,469.7,0.95,-1.21,8.24,48.7,52.1,,12,11,,STRONG_BULLISH,WEAK_HOLD
MARICO,Marico Limited,MID_CAP,785.25,0.82,-2.54,4.94,48.0,59.4,,10,13,,STRONG_BULLISH,WEAK_HOLD
KTKBANK,KTKBANK,SMALL_CAP,217.8,1.97,5.85,8.92,47.3,69.7,,14,7,,STRONG_BULLISH,WEAK_HOLD
BELRISE,BELRISE,MICRO_CAP,197.2,5.11,6.37,6.86,47.3,64.7,,13,14,,STRONG_BULLISH,WEAK_HOLD
ABSLAMC,ABSLAMC,SMALL_CAP,924.4,3.57,1.27,14.16,47.3,64.0,,16,10,,STRONG_BULLISH,WEAK_HOLD
DCXINDIA,DCXINDIA,MICRO_CAP,190.98,7.44,3.33,13.88,46.0,63.2,,16,16,,BULLISH,WEAK_HOLD
BEL,BEL,SMALL_CAP,468.45,1.84,4.32,8.21,46.0,67.7,,16,8,,STRONG_BULLISH,WEAK_HOLD
GLENMARK,GLENMARK,MID_CAP,2124.4,0.73,0.0,7.88,45.3,67.0,,11,12,,STRONG_BULLISH,WEAK_HOLD
UBL,United Breweries Limited,LARGE_CAP,1758.2,6.55,10.29,18.49,44.7,69.3,,13,14,,BULLISH,WEAK_HOLD
CASHIETF,CASHIETF,MID_CAP,1052.52,0.04,0.13,0.39,44.7,100.0,,9,15,,STRONG_BULLISH,WEAK_HOLD
ASTERDM,Aster DM Healthcare Limited,MID_CAP,672.7,2.63,3.58,25.05,44.7,80.1,,12,16,,STRONG_BULLISH,WEAK_HOLD
TORNTPHARM,Torrent Pharmaceuticals Limited,LARGE_CAP,4317.8,-0.82,-1.86,8.59,44.7,68.7,,11,12,,STRONG_BULLISH,WEAK_HOLD
LUPIN,Lupin Limited,LARGE_CAP,2343.8,0.47,0.89,5.65,44.0,77.8,,14,10,,STRONG_BULLISH,WEAK_HOLD
STLTECH,STLTECH,MICRO_CAP,181.3,4.48,10.19,35.18,44.0,67.7,,15,6,,STRONG_BULLISH,WEAK_HOLD
SUNPHARMA,SUNPHARMA,LARGE_CAP,1799.4,0.83,0.77,5.69,44.0,72.5,,11,13,,STRONG_BULLISH,WEAK_HOLD
COSMOFIRST,COSMOFIRST,SMALL_CAP,700.05,2.74,-0.65,11.07,44.0,40.7,,13,16,,BULLISH,WEAK_HOLD
NTPC,NTPC Limited,SMALL_CAP,380.6,0.67,-0.34,3.71,43.3,63.0,,10,10,,STRONG_BULLISH,WEAK_HOLD
ONGC,Oil and Natural Gas Corporation Limited,SMALL_CAP,278.95,0.94,-0.41,3.62,43.3,63.0,,10,10,,STRONG_BULLISH,WEAK_HOLD
HINDALCO,Hindalco Industries Limited,MID_CAP,958.9,0.41,1.87,2.51,43.3,62.7,,10,10,,STRONG_BULLISH,WEAK_HOLD
BSLGOLDETF,BSLGOLDETF,MICRO_CAP,139.09,-1.14,0.35,3.51,42.7,57.9,,12,8,,STRONG_BULLISH,WEAK_HOLD
INOXINDIA,INOXINDIA,MICRO_CAP,1180.6,1.51,2.69,4.09,42.7,53.1,,11,13,,STRONG_BEARISH,WEAK_HOLD
LIQUIDETF,LIQUIDETF,MID_CAP,1000.0,0.0,0.0,0.0,42.7,100.0,,10,12,,STRONG_BULLISH,WEAK_HOLD
SETFGOLD,SETFGOLD,MICRO_CAP,134.86,-1.19,0.14,4.06,42.7,58.5,,12,8,,STRONG_BULLISH,WEAK_HOLD
GOLDIETF,GOLDIETF,MICRO_CAP,135.26,-1.23,0.19,2.66,42.7,57.9,,12,8,,STRONG_BULLISH,WEAK_HOLD
GOLD1,GOLD1,MICRO_CAP,131.85,-1.02,0.28,4.59,42.7,58.4,,12,8,,STRONG_BULLISH,WEAK_HOLD
GESHIP,GESHIP,LARGE_CAP,1415.3,1.86,5.1,11.78,42.7,75.9,,18,4,,STRONG_BULLISH,WEAK_HOLD
HEMIPROP,HEMIPROP,MICRO_CAP,139.27,0.8,-1.69,5.19,42.7,61.4,,10,15,,STRONG_BULLISH,WEAK_HOLD
ROSSTECH,ROSSTECH,MICRO_CAP,725.4,3.06,0.12,-1.16,42.7,52.4,,9,12,,BULLISH,WEAK_HOLD
LOKESHMACH,LOKESHMACH,MICRO_CAP,205.61,4.65,11.59,18.58,42.0,87.5,,18,12,,BULLISH,WEAK_HOLD
DATAPATTNS,DATAPATTNS,LARGE_CAP,3491.2,3.93,7.63,38.35,42.0,85.0,,18,6,,STRONG_BULLISH,WEAK_HOLD
CGPOWER,CG Power and Industrial Solutions Limited,MID_CAP,715.45,2.05,-1.55,7.1,42.0,60.4,,10,12,,STRONG_BULLISH,WEAK_HOLD
SOLARINDS,SOLARINDS,LARGE_CAP,15152.0,3.28,10.16,13.21,42.0,85.6,,18,9,,BULLISH,WEAK_HOLD
BRITANNIA,Britannia Industries Limited,LARGE_CAP,5983.0,0.34,-2.51,1.92,41.3,50.2,,7,13,,STRONG_BULLISH,WEAK_HOLD
TI,TI,SMALL_CAP,450.55,5.75,-0.14,-0.45,41.3,49.9,,10,12,,BULLISH,WEAK_HOLD
CUMMINSIND,CUMMINSIND,LARGE_CAP,4800.7,0.19,-3.27,9.32,41.3,64.9,,10,8,,STRONG_BULLISH,WEAK_HOLD
GULPOLY,GULPOLY,MICRO_CAP,156.31,3.52,0.62,20.86,41.3,42.4,,11,16,,BULLISH,WEAK_HOLD
VEDL,Vedanta Limited,MID_CAP,721.0,1.37,-2.23,10.04,41.3,64.8,,14,8,,STRONG_BULLISH,WEAK_HOLD
BLUESTARCO,BLUESTARCO,LARGE_CAP,1948.5,0.09,-0.83,4.65,41.3,43.7,,12,9,,BULLISH,WEAK_HOLD
FINCABLES,FINCABLES,MID_CAP,968.85,5.54,10.93,29.96,40.7,71.6,,16,10,,BULLISH,WEAK_HOLD
SBIN,State Bank of India,LARGE_CAP,1143.0,-2.27,-5.5,6.47,40.7,32.5,,12,10,,STRONG_BULLISH,WEAK_HOLD
SHRIRAMFIN,SHRIRAMFIN,LARGE_CAP,1007.5,-3.08,-8.79,1.56,40.7,39.0,,14,6,,STRONG_BULLISH,WEAK_HOLD
MIDHANI,MIDHANI,SMALL_CAP,352.85,2.68,-0.08,-2.5,40.7,44.9,,11,18,,STRONG_BEARISH,WEAK_HOLD
BAJAJ-AUTO,Bajaj Auto Limited,LARGE_CAP,9816.0,0.12,-2.91,1.75,40.7,51.6,,8,11,,STRONG_BULLISH,WEAK_HOLD
POWERINDIA,POWERINDIA,LARGE_CAP,25860.0,2.19,1.81,34.69,40.7,74.6,,15,9,,STRONG_BULLISH,WEAK_HOLD
LIQUIDADD,LIQUIDADD,MID_CAP,1116.42,0.04,0.13,0.38,40.0,100.0,,7,15,,STRONG_BULLISH,WEAK_HOLD
NAVINFLUOR,NAVINFLUOR,LARGE_CAP,6572.0,1.04,1.35,4.77,40.0,57.1,,9,6,,STRONG_BULLISH,WEAK_HOLD
COALINDIA,COALINDIA,SMALL_CAP,440.45,-1.99,1.6,1.99,40.0,68.1,,10,10,,STRONG_BULLISH,WEAK_HOLD
NATIONALUM,National Aluminium Company Limited,SMALL_CAP,396.15,0.05,9.65,8.88,40.0,76.2,,16,2,,STRONG_BULLISH,WEAK_HOLD
QGOLDHALF,QGOLDHALF,MICRO_CAP,130.99,-1.29,0.09,4.23,39.3,58.5,,12,8,,STRONG_BULLISH,WEAK_HOLD
HDFCGOLD,HDFCGOLD,MICRO_CAP,135.11,-1.05,0.19,4.06,39.3,58.7,,12,8,,STRONG_BULLISH,WEAK_HOLD
OIL,OIL,SMALL_CAP,484.5,1.13,2.33,-2.81,39.3,66.1,,9,10,,STRONG_BULLISH,WEAK_HOLD
BHARATFORG,BHARATFORG,LARGE_CAP,1923.9,1.34,0.62,22.29,38.7,74.7,,15,6,,STRONG_BULLISH,WEAK_HOLD
GVT&D,GVT&D,LARGE_CAP,3869.0,1.17,0.12,10.12,38.7,64.5,,14,4,,STRONG_BULLISH,WEAK_HOLD
SAILIFE,SAILIFE,MID_CAP,1037.0,-3.01,7.52,27.89,38.7,71.1,,15,6,,STRONG_BULLISH,WEAK_HOLD
UNITDSPR,UNITDSPR,LARGE_CAP,1389.8,4.83,0.07,2.24,38.7,47.8,,9,14,,STRONG_BEARISH,WEAK_HOLD
CHENNPETRO,CHENNPETRO,LARGE_CAP,1007.5,1.61,9.94,12.65,38.7,75.6,,16,4,,STRONG_BULLISH,WEAK_HOLD
JSWENERGY,JSWENERGY,SMALL_CAP,488.2,1.81,-2.1,3.01,38.7,56.1,,10,11,,BULLISH,WEAK_HOLD
KIRLOSBROS,KIRLOSBROS,LARGE_CAP,1645.7,10.16,3.28,6.5,38.7,54.7,,10,14,,STRONG_BEARISH,WEAK_HOLD
GOLDETF,GOLDETF,MICRO_CAP,153.53,-1.2,0.1,3.74,38.7,58.8,,11,8,,STRONG_BULLISH,WEAK_HOLD
CENTUM,CENTUM,SMALL_CAP,2855.6,4.8,6.58,22.85,38.0,73.4,,13,16,,STRONG_BULLISH,WEAK_HOLD
INDIANB,Indian Bank,MID_CAP,939.4,-1.3,-5.26,6.81,38.0,64.8,,13,10,,STRONG_BULLISH,WEAK_HOLD
GRSE,GRSE,LARGE_CAP,2523.2,4.74,2.17,3.45,38.0,57.1,,12,11,,STRONG_BEARISH,WEAK_HOLD
SARDAEN,SARDAEN,MID_CAP,553.5,2.0,6.67,4.54,38.0,68.0,,10,11,,STRONG_BULLISH,WEAK_HOLD
TITAN,TITAN,LARGE_CAP,4244.6,-0.72,-2.26,3.59,37.3,56.5,,9,10,,STRONG_BULLISH,WEAK_HOLD
QPOWER,QPOWER,MID_CAP,833.75,4.26,-7.59,2.09,37.3,54.7,,11,10,,STRONG_BULLISH,WEAK_HOLD
BHAGYANGR,BHAGYANGR,MICRO_CAP,160.65,-0.47,6.31,17.78,37.3,66.6,,15,6,,STRONG_BULLISH,WEAK_HOLD
AXISBANK,Axis Bank Limited,LARGE_CAP,1315.8,-2.47,-5.71,-1.11,37.3,45.9,,6,6,,STRONG_BULLISH,WEAK_HOLD
NELCAST,NELCAST,MICRO_CAP,114.59,8.25,2.72,-2.54,37.3,44.0,,9,12,,STRONG_BEARISH,WEAK_HOLD
ANTELOPUS,ANTELOPUS,SMALL_CAP,593.3,9.99,15.9,1.14,37.3,53.8,,11,8,,BEARISH,WEAK_HOLD
JBCHEPHARM,JBCHEPHARM,SMALL_CAP,2052.9,-0.85,-1.37,10.51,37.3,75.0,,13,12,,STRONG_BULLISH,WEAK_HOLD
JSWINFRA,JSWINFRA,SMALL_CAP,268.8,2.81,3.78,2.13,37.3,58.9,,9,16,,STRONG_BEARISH,WEAK_HOLD
SMSPHARMA,SMSPHARMA,MICRO_CAP,375.75,-2.67,-3.51,17.26,36.7,66.0,,13,8,,STRONG_BULLISH,WEAK_HOLD
KEI,KEI,LARGE_CAP,4921.0,0.01,-1.76,10.76,36.7,65.2,,15,6,,STRONG_BULLISH,WEAK_HOLD
TDPOWERSYS,TDPOWERSYS,MID_CAP,878.75,-0.63,-0.32,8.54,36.7,63.7,,15,6,,STRONG_BULLISH,WEAK_HOLD
LIQUID1,LIQUID1,MID_CAP,1094.3,0.04,0.13,0.39,36.7,100.0,,7,15,,STRONG_BULLISH,WEAK_HOLD
JWL,JWL,SMALL_CAP,298.6,17.19,7.53,-0.86,36.7,52.5,,12,12,,STRONG_BEARISH,WEAK_HOLD
LIQUIDBETF,LIQUIDBETF,SMALL_CAP,1071.97,0.04,0.12,0.37,36.7,100.0,,7,15,,STRONG_BULLISH,WEAK_HOLD
AEROFLEX,AEROFLEX,SMALL_CAP,220.24,-1.56,-3.96,17.16,36.7,68.1,,15,6,,STRONG_BULLISH,WEAK_HOLD
UNIONBANK,Union Bank of India,MICRO_CAP,188.65,-1.33,-6.4,6.03,36.7,60.4,,13,10,,STRONG_BULLISH,WEAK_HOLD
POLYCAB,POLYCAB,LARGE_CAP,8552.0,-0.14,0.54,13.47,36.7,77.6,,15,8,,STRONG_BULLISH,WEAK_HOLD
BIOCON,Biocon Limited,SMALL_CAP,390.7,1.01,-1.05,6.23,36.7,62.6,,8,12,,STRONG_BULLISH,WEAK_HOLD
CEIGALL,CEIGALL,MICRO_CAP,277.8,2.08,-3.17,-3.68,36.0,34.5,,10,13,,STRONG_BULLISH,WEAK_HOLD
LIQUIDPLUS,LIQUIDPLUS,SMALL_CAP,1075.58,0.04,0.13,0.39,36.0,100.0,,6,15,,STRONG_BULLISH,WEAK_HOLD
TATASTEEL,Tata Steel Limited,MICRO_CAP,198.46,-1.05,-7.92,0.35,36.0,45.3,,11,6,,STRONG_BULLISH,WEAK_HOLD
HIRECT,HIRECT,MICRO_CAP,1456.8,7.42,3.74,7.75,36.0,58.4,,7,14,,STRONG_BULLISH,WEAK_HOLD
GRAPHITE,GRAPHITE,MID_CAP,665.8,-2.75,-8.81,6.88,35.3,54.6,,13,8,,STRONG_BULLISH,WEAK_HOLD
CPSEETF,CPSEETF,MICRO_CAP,103.67,0.35,0.39,3.89,35.3,73.8,,9,12,,STRONG_BULLISH,WEAK_HOLD
CIEINDIA,CIEINDIA,MICRO_CAP,463.95,-1.34,-5.67,7.87,35.3,53.0,,11,8,,STRONG_BULLISH,WEAK_HOLD
GMBREW,GMBREW,MICRO_CAP,992.05,2.84,-1.51,-2.45,35.3,44.8,,4,18,,STRONG_BEARISH,WEAK_HOLD
RADICO,RADICO,LARGE_CAP,2766.9,7.81,2.45,-0.01,35.3,48.0,,6,16,,STRONG_BEARISH,WEAK_HOLD
FINPIPE,FINPIPE,MICRO_CAP,187.47,0.69,1.27,7.32,35.3,48.0,,9,12,,STRONG_BEARISH,WEAK_HOLD
ASHOKLEY,Ashok Leyland Limited,MICRO_CAP,194.67,-4.12,-8.14,-3.39,35.3,37.7,,11,6,,STRONG_BULLISH,WEAK_HOLD
GOLDBEES,GOLDBEES,MICRO_CAP,130.82,-1.07,0.26,4.47,35.3,58.8,,11,8,,STRONG_BULLISH,WEAK_HOLD
BLISSGVS,BLISSGVS,MICRO_CAP,213.89,-1.24,-1.6,15.13,35.3,46.7,,15,6,,STRONG_BULLISH,WEAK_HOLD
ASTRAMICRO,ASTRAMICRO,MID_CAP,1038.05,0.74,4.72,10.91,34.7,78.5,,14,6,,STRONG_BEARISH,SELL
TIINDIA,TIINDIA,LARGE_CAP,2722.9,-2.12,0.1,14.33,34.7,67.2,,12,8,,BULLISH,SELL
VTL,VTL,MICRO_CAP,538.9,-1.39,-1.89,11.03,34.7,66.5,,15,6,,STRONG_BULLISH,SELL
PETRONET,PETRONET,SMALL_CAP,290.4,-0.9,-8.39,-2.83,34.7,50.0,,7,4,,STRONG_BULLISH,SELL
APLAPOLLO,APLAPOLLO,LARGE_CAP,2152.8,-0.39,-3.31,-1.34,34.7,36.0,,10,6,,STRONG_BULLISH,SELL
GODAVARIB,GODAVARIB,MICRO_CAP,291.45,2.73,2.79,14.45,34.7,53.9,,9,14,,BULLISH,SELL
RKFORGE,RKFORGE,MICRO_CAP,565.2,1.95,3.56,0.47,34.7,47.6,,5,15,,STRONG_BEARISH,SELL
ICICIB22,ICICIB22,MICRO_CAP,124.42,-0.88,-2.81,1.97,34.7,53.2,,7,8,,STRONG_BULLISH,SELL
ABB,ABB,LARGE_CAP,6062.0,2.24,-1.16,5.06,34.7,59.2,,9,11,,STRONG_BULLISH,SELL
ADANIENSOL,ADANIENSOL,MID_CAP,992.5,0.47,-3.07,-1.87,34.7,50.9,,6,7,,STRONG_BULLISH,SELL
ACUTAAS,ACUTAAS,MID_CAP,2250.7,0.71,3.0,13.64,34.7,71.5,,10,6,,STRONG_BULLISH,SELL
LIQUIDBEES,LIQUIDBEES,LARGE_CAP,1000.0,0.0,0.0,0.0,34.7,50.0,,6,8,,BULLISH,SELL
PIRAMALFIN,PIRAMALFIN,SMALL_CAP,1773.8,-1.82,0.56,4.98,34.0,50.8,,9,10,,BULLISH,SELL
MAZDOCK,MAZDOCK,LARGE_CAP,2471.9,5.08,9.78,3.06,34.0,59.7,,9,11,,STRONG_BEARISH,SELL
CUPID,CUPID,SMALL_CAP,402.2,-0.81,-2.8,-4.25,34.0,43.4,,5,8,,BULLISH,SELL
PSUBNKBEES,PSUBNKBEES,MICRO_CAP,102.28,-1.79,-6.91,2.81,34.0,51.0,,9,10,,STRONG_BULLISH,SELL
AXISGOLD,AXISGOLD,MICRO_CAP,131.46,-1.15,-0.14,4.0,34.0,57.4,,11,6,,STRONG_BULLISH,SELL
LIQUIDCASE,LIQUIDCASE,MICRO_CAP,113.04,0.04,0.12,0.38,34.0,100.0,,6,12,,STRONG_BULLISH,SELL
MAHLOG,MAHLOG,MICRO_CAP,392.1,0.49,-3.86,7.91,34.0,45.4,,13,6,,STRONG_BULLISH,SELL
SILVERIETF,Silver ETF,SMALL_CAP,257.51,-0.58,0.31,4.07,33.3,56.3,,13,6,,STRONG_BULLISH,SELL
VIDHIING,VIDHIING,MICRO_CAP,317.95,4.43,2.35,0.33,33.3,52.9,,6,16,,STRONG_BEARISH,SELL
DRREDDY,DRREDDY,LARGE_CAP,1303.8,-0.74,-1.17,4.73,33.3,61.5,,6,12,,STRONG_BULLISH,SELL
SILVER,SILVER,SMALL_CAP,257.32,-0.58,0.29,2.87,33.3,56.4,,13,6,,STRONG_BULLISH,SELL
MARINE,MARINE,MICRO_CAP,191.75,2.7,0.27,0.44,33.3,57.8,,6,16,,STRONG_BEARISH,SELL
SILVERADD,SILVERADD,MICRO_CAP,248.69,-0.67,0.31,5.12,33.3,56.5,,13,6,,STRONG_BULLISH,SELL
SILVERBEES,SILVERBEES,SMALL_CAP,246.76,-0.47,0.28,4.37,33.3,56.5,,13,6,,STRONG_BULLISH,SELL
RRKABEL,RRKABEL,SMALL_CAP,1528.5,1.88,0.61,3.69,33.3,72.2,,10,8,,STRONG_BULLISH,SELL
SBISILVER,SBISILVER,SMALL_CAP,252.82,-0.47,0.7,3.5,33.3,56.6,,13,6,,STRONG_BULLISH,SELL
AMBER,AMBER,LARGE_CAP,7872.5,0.6,-0.88,23.02,33.3,54.7,,13,6,,STRONG_BULLISH,SELL
STAR,STAR,MICRO_CAP,864.85,1.67,0.19,0.35,32.7,53.1,,3,13,,BULLISH,SELL
BDL,BDL,LARGE_CAP,1356.7,5.94,6.54,6.55,32.7,67.7,,8,10,,STRONG_BEARISH,SELL
KIMS,KIMS,SMALL_CAP,720.6,2.29,-3.05,18.82,32.7,59.6,,9,13,,BULLISH,SELL
AGIIL,AGIIL,SMALL_CAP,299.95,-3.66,-2.91,18.79,32.7,79.1,,12,8,,BULLISH,SELL
FORCEMOT,FORCEMOT,LARGE_CAP,21345.0,-1.88,-16.15,1.21,32.7,37.1,,11,2,,STRONG_BULLISH,SELL
J&KBANK,J&KBANK,MICRO_CAP,118.62,-1.93,-2.15,13.99,32.7,73.7,,13,8,,STRONG_BULLISH,SELL
AUROPHARMA,Aurobindo Pharma Limited,MID_CAP,1231.9,0.52,0.92,4.26,32.7,68.5,,6,8,,STRONG_BULLISH,SELL
ANANDRATHI,ANANDRATHI,SMALL_CAP,3198.7,0.03,4.09,8.67,32.7,89.8,,11,10,,STRONG_BULLISH,SELL
CCL,CCL,MICRO_CAP,1015.8,-1.29,-1.74,2.61,32.7,54.8,,7,8,,STRONG_BULLISH,SELL
IDBI,IDBI,MICRO_CAP,108.89,-1.22,-4.24,5.74,32.7,45.1,,9,8,,STRONG_BULLISH,SELL
PRECWIRE,PRECWIRE,SMALL_CAP,333.45,-0.36,8.62,34.35,32.7,81.0,,15,6,,STRONG_BULLISH,SELL
TORNTPOWER,TORNTPOWER,SMALL_CAP,1481.3,-1.5,-5.35,4.49,32.0,53.0,,9,10,,STRONG_BULLISH,SELL
ESILVER,E-Silver Limited,MICRO_CAP,257.37,-1.13,0.31,1.76,32.0,56.1,,13,4,,STRONG_BULLISH,SELL
POWERGRID,Power Grid Corporation of India Limited,SMALL_CAP,299.15,-0.1,-1.35,3.39,32.0,60.8,,8,8,,BULLISH,SELL
HDFCSILVER,HDFCSILVER,SMALL_CAP,247.06,-0.27,0.42,3.74,32.0,56.6,,13,4,,STRONG_BULLISH,SELL
EICHERMOT,Eicher Motors Limited,LARGE_CAP,7620.5,-1.73,-6.95,5.7,32.0,35.7,,9,10,,STRONG_BULLISH,SELL
RAINBOW,RAINBOW,SMALL_CAP,1199.4,-0.92,-0.7,6.3,32.0,53.7,,6,12,,STRONG_BEARISH,SELL
M&MFIN,M&MFIN,SMALL_CAP,363.5,-0.34,-5.99,-3.14,32.0,50.0,,2,10,,STRONG_BULLISH,SELL
SUNTV,Sun TV Network Limited,MICRO_CAP,600.05,0.8,-1.86,11.05,32.0,57.6,,9,8,,STRONG_BULLISH,SELL
JINDALPOLY,JINDALPOLY,MID_CAP,768.35,4.11,28.99,90.68,32.0,86.0,,16,6,,BULLISH,SELL
AXISILVER,AXISILVER,SMALL_CAP,256.05,-0.42,0.04,4.37,32.0,56.5,,13,4,,STRONG_BULLISH,SELL
THERMAX,THERMAX,SMALL_CAP,3161.9,3.21,-0.64,8.71,32.0,67.1,,11,12,,BULLISH,SELL
FEDERALBNK,Federal Bank Limited,SMALL_CAP,286.5,-1.1,-4.34,-0.38,32.0,47.6,,8,8,,STRONG_BULLISH,SELL
ORKLAINDIA,ORKLAINDIA,MID_CAP,566.0,1.53,-4.07,0.92,32.0,56.6,,5,15,,NEUTRAL,SELL
AHCL,AHCL,MICRO_CAP,116.64,5.02,7.81,-5.78,31.3,43.2,,5,16,,BEARISH,SELL
ATLANTAELE,ATLANTAELE,MICRO_CAP,918.2,-2.32,3.92,13.7,31.3,56.5,,9,6,,BULLISH,SELL
APOLLOHOSP,APOLLOHOSP,LARGE_CAP,7724.5,-0.65,-0.65,8.46,31.3,62.1,,7,10,,STRONG_BULLISH,SELL
PFOCUS,PFOCUS,SMALL_CAP,275.65,-1.15,3.43,3.09,31.3,56.4,,11,4,,STRONG_BULLISH,SELL
SCHAEFFLER,SCHAEFFLER,MID_CAP,4325.8,0.86,-0.48,13.41,31.3,74.7,,11,11,,BULLISH,SELL
LIQUIDIETF,LIQUIDIETF,MID_CAP,999.99,0.0,0.0,0.0,31.3,,,8,12,,STRONG_BEARISH,SELL
INDUSINDBK,INDUSINDBK,MID_CAP,917.85,-2.06,-4.85,0.38,31.3,47.3,,7,8,,STRONG_BULLISH,SELL
JAMNAAUTO,JAMNAAUTO,MICRO_CAP,132.57,-3.96,-10.58,1.65,31.3,47.3,,9,6,,STRONG_BULLISH,SELL
IOC,Indian Oil Corporation Limited,MICRO_CAP,168.68,-1.67,-9.54,-4.03,31.3,41.0,,6,4,,STRONG_BULLISH,SELL
BANKBEES,BANKBEES,MID_CAP,597.24,-1.87,-5.25,-3.76,31.3,31.7,,6,6,,STRONG_BULLISH,SELL
VOLTAS,VOLTAS,LARGE_CAP,1478.4,-0.46,-4.28,3.62,31.3,42.7,,9,6,,STRONG_BULLISH,SELL
SAIL,Steel Authority of India Limited,MICRO_CAP,154.94,-0.77,-6.39,-2.25,30.7,43.6,,8,6,,STRONG_BULLISH,SELL
TMB,TMB,MICRO_CAP,630.15,-3.05,-8.65,-2.09,30.7,43.0,,10,4,,STRONG_BULLISH,SELL
GAEL,GAEL,MICRO_CAP,135.75,-2.33,-6.07,5.71,30.7,45.1,,7,10,,STRONG_BULLISH,SELL
PGEL,PGEL,MID_CAP,609.25,-0.85,-2.47,4.15,30.7,47.6,,7,8,,STRONG_BULLISH,SELL
NATCOPHARM,NATCOPHARM,LARGE_CAP,1019.7,1.89,4.89,23.01,30.7,84.6,,13,8,,STRONG_BULLISH,SELL
BANDHANBNK,BANDHANBNK,MICRO_CAP,183.03,-1.08,-1.65,15.99,30.7,70.2,,13,8,,BULLISH,SELL
SKYGOLD,SKYGOLD,MICRO_CAP,338.85,1.71,-5.9,8.03,30.7,28.7,,8,11,,STRONG_BULLISH,SELL
AVANTIFEED,AVANTIFEED,SMALL_CAP,1165.1,-3.89,-12.76,7.76,30.7,18.5,,15,6,,STRONG_BULLISH,SELL
JSWSTEEL,JSW Steel Limited,LARGE_CAP,1233.7,-1.15,-3.66,-0.49,30.7,50.4,,8,6,,STRONG_BULLISH,SELL
TVSMOTOR,TVS Motor Company Limited,LARGE_CAP,3784.0,-0.9,-4.3,1.92,30.7,44.1,,6,8,,STRONG_BULLISH,SELL
GROWWLIQID,GROWWLIQID,MICRO_CAP,108.13,0.04,0.12,0.37,30.7,100.0,,6,12,,STRONG_BULLISH,SELL
ONESOURCE,ONESOURCE,MID_CAP,1480.5,3.95,11.93,27.4,30.7,76.4,,9,11,,STRONG_BEARISH,SELL
TRIVENI,TRIVENI,MICRO_CAP,390.55,-1.85,-1.26,4.45,30.0,54.1,,7,6,,STRONG_BULLISH,SELL
LGEINDIA,LGEINDIA,MID_CAP,1579.7,-0.01,1.3,4.1,30.0,66.9,,3,10,,BULLISH,SELL
MFSL,MFSL,LARGE_CAP,1701.5,-2.69,-8.37,0.0,30.0,29.2,,2,6,,STRONG_BULLISH,SELL
GRASIM,GRASIM,LARGE_CAP,2718.4,-0.21,-5.07,-5.08,30.0,31.6,,5,8,,STRONG_BULLISH,SELL
HINDCOPPER,Hindustan Copper Limited,MID_CAP,558.6,0.11,-4.31,-8.02,30.0,40.4,,10,6,,STRONG_BULLISH,SELL
PARAS,PARAS,MID_CAP,749.35,4.49,17.63,14.66,30.0,81.4,,16,4,,STRONG_BEARISH,SELL
PREMEXPLN,PREMEXPLN,MICRO_CAP,507.55,0.31,-6.34,5.28,30.0,62.8,,7,11,,BULLISH,SELL
JARO,JARO,MICRO_CAP,444.35,5.27,0.42,-8.13,29.3,36.3,,5,16,,BEARISH,SELL
JINDALSTEL,Jindal Steel & Power Limited,MID_CAP,1180.4,-0.3,-6.39,0.2,29.3,49.0,,8,4,,STRONG_BULLISH,SELL
KARURVYSYA,Karur Vysya Bank Limited,SMALL_CAP,312.55,-1.33,-7.05,-0.51,29.3,47.6,,10,2,,STRONG_BULLISH,SELL
SIEMENS,SIEMENS,LARGE_CAP,3268.9,1.65,-2.04,-0.94,29.3,58.1,,4,13,,BULLISH,SELL
DEEDEV,DEEDEV,SMALL_CAP,280.2,1.34,-7.81,34.01,29.3,71.3,,13,6,,BULLISH,SELL
HCG,HCG,SMALL_CAP,555.3,2.5,-3.36,-7.03,29.3,37.2,,5,14,,STRONG_BEARISH,SELL
MOVALUE,MOVALUE,MICRO_CAP,121.07,-1.48,-5.2,-0.85,29.3,46.8,,6,6,,STRONG_BULLISH,SELL
HONASA,HONASA,MICRO_CAP,290.8,-2.68,-5.4,3.49,29.3,42.1,,7,8,,STRONG_BULLISH,SELL
SGMART,SGMART,MICRO_CAP,446.3,-3.1,-0.12,21.67,29.3,61.9,,10,6,,STRONG_BULLISH,SELL
DIVISLAB,DIVISLAB,LARGE_CAP,6329.0,-0.56,-2.24,3.05,29.3,61.9,,6,12,,BULLISH,SELL
PNGJL,PNGJL,MICRO_CAP,540.15,2.32,-0.8,-2.57,29.3,40.2,,0,16,,STRONG_BEARISH,SELL
BANKINDIA,Bank of India,MICRO_CAP,159.58,-2.8,-9.94,-2.37,29.3,47.3,,8,4,,STRONG_BULLISH,SELL
GANDHAR,GANDHAR,MICRO_CAP,134.45,1.14,-3.8,-11.71,28.7,21.7,,6,15,,STRONG_BEARISH,SELL
GRANULES,GRANULES,SMALL_CAP,577.1,0.66,-2.35,-0.45,28.7,56.4,,4,8,,STRONG_BULLISH,SELL
PFC,PFC,SMALL_CAP,407.85,-1.4,-3.03,-1.72,28.7,53.9,,7,4,,STRONG_BEARISH,SELL
ELECON,ELECON,SMALL_CAP,410.15,2.56,-3.16,-6.47,28.7,36.7,,5,16,,STRONG_BEARISH,SELL
RAMKY,RAMKY,SMALL_CAP,468.05,-2.83,0.61,0.46,28.7,49.7,,6,6,,STRONG_BEARISH,SELL
GODIGIT,GODIGIT,MICRO_CAP,335.15,3.55,-2.43,7.08,28.7,60.4,,6,10,,BULLISH,SELL
SATIN,SATIN,MICRO_CAP,150.99,-1.32,-2.44,-5.19,28.7,43.5,,1,12,,BULLISH,SELL
BALAJITELE,BALAJITELE,MICRO_CAP,104.93,0.82,-3.42,14.93,28.7,63.1,,10,8,,BULLISH,SELL
BAJAJCON,BAJAJCON,MICRO_CAP,371.8,0.69,-7.71,2.23,28.7,45.9,,11,0,,STRONG_BULLISH,SELL
SUPREMEIND,SUPREMEIND,MID_CAP,3947.7,-0.06,-1.49,5.53,28.7,64.2,,9,10,,BULLISH,SELL
CANHLIFE,CANHLIFE,MICRO_CAP,145.91,1.16,-0.58,0.63,28.7,37.1,,5,15,,NEUTRAL,SELL
KRN,KRN,MID_CAP,926.45,-2.85,-7.09,37.61,28.7,74.4,,13,6,,BULLISH,SELL
MAFANG,MAFANG,MICRO_CAP,161.78,2.65,6.38,0.45,28.7,61.1,,3,13,,BULLISH,SELL
INDSWFTLAB,INDSWFTLAB,MICRO_CAP,136.84,-0.31,-8.38,12.04,28.7,50.6,,11,0,,STRONG_BULLISH,SELL
IRCON,IRCON,MICRO_CAP,146.95,9.94,1.26,-4.71,28.7,42.6,,5,12,,STRONG_BEARISH,SELL
IGIL,IGIL,SMALL_CAP,335.4,1.44,1.78,6.56,28.7,63.6,,7,6,,BULLISH,SELL
INDIAMART,INDIAMART,LARGE_CAP,2120.6,2.13,-2.76,-7.11,28.7,37.9,,5,16,,STRONG_BEARISH,SELL
WESTLIFE,WESTLIFE,MICRO_CAP,491.0,2.74,-1.96,-8.26,28.0,34.0,,0,20,,STRONG_BEARISH,SELL
ADANIPORTS,Adani Ports and Special Economic Zone Limited,LARGE_CAP,1477.5,-1.45,-4.71,-5.9,28.0,44.8,,2,4,,STRONG_BULLISH,SELL
LAURUSLABS,LAURUSLABS,MID_CAP,1026.2,-1.88,-6.09,6.46,28.0,53.5,,4,10,,STRONG_BULLISH,SELL
QUADFUTURE,QUADFUTURE,MICRO_CAP,289.75,2.08,-2.57,-2.01,28.0,48.4,,1,20,,STRONG_BEARISH,SELL
CAPILLARY,CAPILLARY,MICRO_CAP,521.8,1.76,1.93,-14.68,28.0,51.5,,3,13,,BEARISH,SELL
ABDL,ABDL,SMALL_CAP,474.6,5.13,-2.65,-7.84,28.0,24.0,,5,16,,STRONG_BEARISH,SELL
MAXHEALTH,MAXHEALTH,LARGE_CAP,1042.0,-1.53,-6.12,0.12,28.0,46.2,,5,8,,BULLISH,SELL
MOGOLD,MOGOLD,MICRO_CAP,155.8,-1.17,0.13,1.83,28.0,56.6,,6,8,,STRONG_BULLISH,SELL
APOLLOPIPE,APOLLOPIPE,MICRO_CAP,350.1,0.37,0.84,31.89,28.0,70.0,,13,4,,BULLISH,SELL
BEML,BEML,MID_CAP,1653.5,1.47,-3.25,-5.31,27.3,36.9,,4,15,,STRONG_BEARISH,SELL
NIBE,NIBE,MICRO_CAP,989.9,1.03,-3.51,-2.18,27.3,51.3,,1,15,,STRONG_BEARISH,SELL
RITES,RITES,SMALL_CAP,206.62,2.35,-4.18,-7.15,27.3,35.4,,5,14,,STRONG_BEARISH,SELL
SHALBY,SHALBY,MICRO_CAP,150.36,0.03,-3.27,-12.31,27.3,41.0,,3,10,,STRONG_BEARISH,SELL
ANURAS,ANURAS,SMALL_CAP,1252.9,0.69,0.1,-4.07,27.3,37.6,,1,12,,STRONG_BULLISH,SELL
INDUSTOWER,INDUSTOWER,SMALL_CAP,452.05,0.14,-1.99,2.18,27.3,38.1,,9,6,,STRONG_BULLISH,SELL
MANINDS,MANINDS,SMALL_CAP,405.95,1.42,-9.85,16.48,26.7,44.5,,8,4,,STRONG_BULLISH,SELL
SONACOMS,SONACOMS,SMALL_CAP,514.95,0.78,-5.57,-1.77,26.7,43.6,,7,4,,STRONG_BULLISH,SELL
NATCAPSUQ,NATCAPSUQ,MICRO_CAP,153.17,2.67,-0.06,-6.35,26.7,33.3,,5,13,,STRONG_BEARISH,SELL
CANTABIL,CANTABIL,MICRO_CAP,252.55,-0.63,-5.87,-17.94,26.7,6.7,,5,10,,BULLISH,SELL
TARIL,TARIL,SMALL_CAP,293.65,-0.05,-5.85,16.39,26.7,60.9,,13,6,,BULLISH,SELL
BPCL,Bharat Petroleum Corporation Limited,SMALL_CAP,352.75,-2.11,-8.61,-7.67,26.7,37.0,,4,6,,STRONG_BULLISH,SELL
LTFOODS,LTFOODS,SMALL_CAP,393.5,-8.52,-3.52,-0.76,26.7,38.7,,8,4,,STRONG_BEARISH,SELL
DIACABS,DIACABS,MICRO_CAP,135.33,-1.49,-3.57,8.48,26.7,54.0,,6,10,,STRONG_BULLISH,SELL
ELGIEQUIP,ELGIEQUIP,MICRO_CAP,519.0,0.12,-4.11,6.45,26.7,52.9,,7,6,,BULLISH,SELL
GPTHEALTH,GPTHEALTH,MICRO_CAP,125.74,2.8,-1.2,-1.57,26.7,45.7,,1,18,,STRONG_BEARISH,SELL
SCI,SCI,SMALL_CAP,241.4,-0.25,-9.99,8.14,26.7,32.8,,9,4,,BULLISH,SELL
SHAREINDIA,SHAREINDIA,MICRO_CAP,131.99,6.55,-1.29,-12.14,26.7,29.3,,5,16,,STRONG_BEARISH,SELL
BHEL,BHEL,SMALL_CAP,258.95,0.66,-2.23,-3.7,26.0,52.9,,1,13,,BULLISH,SELL
RVNL,RVNL,SMALL_CAP,286.0,2.42,-10.15,-9.67,26.0,33.8,,5,12,,STRONG_BEARISH,SELL
CPPLUS,CPPLUS,SMALL_CAP,1670.4,-2.18,3.75,13.15,26.0,59.0,,8,2,,STRONG_BULLISH,SELL
DBL,DBL,SMALL_CAP,448.55,2.97,3.96,-2.32,26.0,57.3,,1,15,,STRONG_BEARISH,SELL
GLOBUSSPR,GLOBUSSPR,MICRO_CAP,867.6,3.22,-3.37,-7.73,26.0,22.6,,5,16,,STRONG_BEARISH,SELL
BANKBARODA,Bank of Baroda,SMALL_CAP,295.35,-2.15,-8.97,1.69,26.0,55.4,,2,8,,STRONG_BULLISH,SELL
SHILPAMED,SHILPAMED,MICRO_CAP,333.1,2.87,-1.96,5.44,26.0,53.7,,6,9,,STRONG_BEARISH,SELL
TMCV,TMCV,SMALL_CAP,474.25,-1.28,-3.48,4.03,26.0,46.2,,7,8,,BULLISH,SELL
FORTIS,FORTIS,MID_CAP,892.55,-3.08,-7.38,4.12,26.0,43.2,,6,8,,STRONG_BULLISH,SELL
TATAPOWER,Tata Power Company Limited,SMALL_CAP,375.5,-0.36,-1.29,3.02,26.0,51.1,,5,8,,BULLISH,SELL
SILVERAG,SILVERAG,MICRO_CAP,251.33,-0.54,0.23,4.89,26.0,56.8,,8,6,,BULLISH,SELL
CHOICEIN,Choice International Limited,MID_CAP,702.55,2.23,-5.8,-9.45,25.3,37.9,,1,12,,STRONG_BEARISH,SELL
COLPAL,Colgate-Palmolive (India) Limited,MID_CAP,2204.6,0.18,-3.95,4.27,25.3,60.6,,4,10,,BULLISH,SELL
COCHINSHIP,COCHINSHIP,LARGE_CAP,1490.3,2.95,-0.7,0.5,25.3,52.8,,6,6,,STRONG_BEARISH,SELL
PNCINFRA,PNCINFRA,MICRO_CAP,200.64,1.79,-5.21,-13.71,25.3,31.4,,3,13,,STRONG_BEARISH,SELL
NLCINDIA,NLCINDIA,SMALL_CAP,255.25,0.55,-2.72,-1.73,25.3,45.0,,3,6,,BULLISH,SELL
AVADHSUGAR,AVADHSUGAR,MICRO_CAP,384.2,-5.88,15.31,12.36,25.3,65.2,,11,2,,BULLISH,SELL
STARHEALTH,STARHEALTH,MICRO_CAP,458.85,-0.05,-3.21,-1.3,25.3,44.3,,6,10,,BULLISH,SELL
BALRAMCHIN,BALRAMCHIN,SMALL_CAP,480.95,-1.98,4.26,7.68,25.3,56.3,,9,4,,BULLISH,SELL
LENSKART,LENSKART,MID_CAP,520.1,-0.88,1.43,16.35,25.3,57.4,,10,6,,BULLISH,SELL
MGL,MGL,MID_CAP,1049.3,-4.3,-12.84,-2.07,25.3,40.7,,3,4,,BULLISH,SELL
AZAD,AZAD,SMALL_CAP,1610.8,-1.31,-6.96,7.44,25.3,54.4,,6,8,,BULLISH,SELL
TITAGARH,TITAGARH,MID_CAP,680.3,3.39,-4.55,-12.78,24.7,27.1,,5,14,,STRONG_BEARISH,SELL
ENGINERSIN,ENGINERSIN,SMALL_CAP,204.87,0.0,-8.8,17.78,24.7,52.0,,9,6,,BULLISH,SELL
SAPPHIRE,SAPPHIRE,MICRO_CAP,193.37,3.63,-6.94,-11.08,24.7,26.4,,5,14,,STRONG_BEARISH,SELL
BALMLAWRIE,BALMLAWRIE,MICRO_CAP,175.27,1.05,-3.06,-2.61,24.7,46.2,,3,6,,STRONG_BEARISH,SELL
AVANTEL,AVANTEL,MICRO_CAP,145.11,1.72,-0.64,-3.57,24.7,33.2,,1,15,,STRONG_BEARISH,SELL
ADANIGREEN,Adani Green Energy Limited,MID_CAP,858.4,-2.96,-11.13,-11.24,24.7,33.5,,5,4,,BULLISH,SELL
KSB,KSB,MICRO_CAP,757.7,0.88,-3.27,7.8,24.7,62.4,,6,6,,BULLISH,SELL
RELIANCE,Reliance Industries Limited,LARGE_CAP,1404.8,1.11,-0.14,-2.67,24.7,47.2,,3,10,,STRONG_BEARISH,SELL
TARC,TARC,MICRO_CAP,139.76,0.7,-6.72,-10.92,24.7,30.8,,0,11,,STRONG_BEARISH,SELL
INDOUS,INDOUS,MICRO_CAP,113.42,-17.87,-19.8,-9.89,24.7,38.5,,5,4,,BULLISH,SELL
JAINREC,JAINREC,SMALL_CAP,414.85,-0.11,7.09,2.99,24.0,72.0,,4,6,,NEUTRAL,SELL
RAMRAT,RAMRAT,MICRO_CAP,352.85,1.73,11.22,19.11,24.0,90.6,,8,6,,STRONG_BEARISH,SELL
AARTIIND,AARTIIND,SMALL_CAP,419.35,-0.59,-7.98,-7.55,24.0,35.5,,6,2,,BULLISH,SELL
MOTHERSON,MOTHERSON,MICRO_CAP,122.77,-2.83,-9.27,1.47,24.0,36.9,,7,6,,BULLISH,SELL
AAVAS,AAVAS,MID_CAP,1227.9,0.24,-4.91,-10.99,24.0,31.4,,3,11,,STRONG_BEARISH,SELL
MAHSEAMLES,MAHSEAMLES,MICRO_CAP,555.45,0.56,-2.37,5.32,24.0,62.4,,6,8,,BULLISH,SELL
DHAMPURSUG,DHAMPURSUG,MICRO_CAP,121.5,-5.14,1.37,0.96,24.0,54.8,,5,4,,BULLISH,SELL
RAYMOND,RAYMOND,MICRO_CAP,380.7,-2.5,-6.05,-6.09,24.0,40.8,,1,10,,STRONG_BEARISH,SELL
DIAMONDYD,DIAMONDYD,SMALL_CAP,989.6,-2.05,-7.53,-10.26,24.0,13.5,,5,6,,BULLISH,SELL
HAL,HAL,LARGE_CAP,4023.7,3.39,0.37,-0.29,24.0,38.6,,3,15,,STRONG_BEARISH,SELL
CUB,CUB,SMALL_CAP,259.75,-3.13,-10.62,-11.54,24.0,35.4,,2,4,,STRONG_BULLISH,SELL
PNB,Punjab National Bank,MICRO_CAP,119.31,-2.36,-8.56,-3.86,23.3,50.9,,1,8,,STRONG_BULLISH,SELL
WELENT,WELENT,MICRO_CAP,455.8,-1.09,-7.32,-3.13,23.3,27.3,,3,8,,BULLISH,SELL
PVRINOX,PVRINOX,SMALL_CAP,1023.3,-0.41,-0.88,3.71,23.3,38.6,,4,10,,BULLISH,SELL
NCLIND,NCLIND,MICRO_CAP,178.15,-1.16,-3.9,-3.88,23.3,20.3,,5,12,,STRONG_BEARISH,SELL
EDELWEISS,EDELWEISS,MICRO_CAP,109.41,0.27,-7.44,1.91,23.3,31.4,,3,11,,BULLISH,SELL
GENUSPOWER,GENUSPOWER,MICRO_CAP,257.5,2.2,-1.98,-0.66,23.3,31.2,,0,18,,STRONG_BEARISH,SELL
HINDOILEXP,HINDOILEXP,MICRO_CAP,156.47,2.61,18.86,0.92,23.3,64.4,,5,6,,STRONG_BEARISH,SELL
ITI,ITI,MICRO_CAP,259.15,0.95,-5.28,-11.66,23.3,21.9,,3,11,,STRONG_BEARISH,SELL
BAJAJFINSV,Bajaj Finserv Limited,LARGE_CAP,1868.9,-2.24,-8.45,-6.56,23.3,27.9,,5,6,,BULLISH,SELL
LUMAXTECH,LUMAXTECH,SMALL_CAP,1531.9,1.56,-12.37,0.72,23.3,42.4,,2,4,,STRONG_BULLISH,SELL
CANBK,Canara Bank,MICRO_CAP,145.97,-1.71,-8.13,-1.56,23.3,55.5,,1,8,,STRONG_BULLISH,SELL
CAMPUS,CAMPUS,MICRO_CAP,244.15,1.92,-6.33,-9.25,23.3,21.6,,1,13,,STRONG_BEARISH,SELL
IKIO,IKIO,MICRO_CAP,138.53,2.0,-3.43,-8.5,23.3,33.8,,3,10,,STRONG_BEARISH,SELL
CGCL,CGCL,MICRO_CAP,161.24,2.81,-3.95,-5.04,23.3,34.0,,1,14,,STRONG_BEARISH,SELL
AUBANK,AUBANK,MID_CAP,964.25,-0.95,-0.87,-2.21,23.3,43.7,,1,8,,STRONG_BULLISH,SELL
HEG,HEG,SMALL_CAP,535.7,-1.19,-8.17,0.01,23.3,53.3,,2,10,,STRONG_BULLISH,SELL
RAILTEL,RAILTEL,SMALL_CAP,290.9,3.14,-6.94,-12.06,23.3,27.0,,5,12,,STRONG_BEARISH,SELL
PERSISTENT,PERSISTENT,LARGE_CAP,4777.5,2.93,-0.08,-20.12,23.3,27.8,,1,14,,BULLISH,SELL
DELHIVERY,DELHIVERY,SMALL_CAP,422.6,-1.28,-4.46,-4.84,23.3,51.2,,4,6,,STRONG_BULLISH,SELL
WCIL,WCIL,MICRO_CAP,103.55,-1.07,-11.25,-13.65,23.3,18.8,,5,6,,BULLISH,SELL
APOLLO,Apollo Tyres Limited,SMALL_CAP,220.27,2.64,-11.27,-10.13,23.3,42.5,,3,9,,STRONG_BEARISH,SELL
APEX,APEX,MICRO_CAP,351.25,-3.45,-17.01,-2.77,23.3,26.0,,11,2,,STRONG_BULLISH,SELL
ZYDUSLIFE,ZYDUSLIFE,SMALL_CAP,913.05,-0.17,-2.71,0.89,22.7,53.2,,4,8,,BULLISH,SELL
GENESYS,GENESYS,SMALL_CAP,272.4,0.26,-12.36,-11.99,22.7,39.1,,3,9,,STRONG_BEARISH,SELL
SHARDACROP,SHARDACROP,MICRO_CAP,1046.1,-1.98,-11.27,-10.03,22.7,26.3,,10,2,,STRONG_BULLISH,SELL
HEROMOTOCO,Hero MotoCorp Limited,LARGE_CAP,5512.5,-1.36,-4.74,-4.4,22.7,47.0,,1,8,,BULLISH,SELL
RBLBANK,RBL Bank Limited,SMALL_CAP,303.8,-2.03,-7.05,-0.2,22.7,43.2,,2,6,,STRONG_BULLISH,SELL
GREAVESCOT,GREAVESCOT,MICRO_CAP,154.08,3.08,-2.18,-9.04,22.7,40.3,,1,13,,STRONG_BEARISH,SELL
ELIN,ELIN,MICRO_CAP,124.43,-2.29,-5.28,-21.35,22.7,23.2,,5,8,,STRONG_BEARISH,SELL
EBGNG,EBGNG,MICRO_CAP,349.35,-3.56,-6.88,19.66,22.7,54.8,,6,6,,BULLISH,SELL
NAM-INDIA,NAM-INDIA,SMALL_CAP,860.25,-0.05,-8.84,-7.0,22.7,41.1,,2,4,,STRONG_BULLISH,SELL
HINDWAREAP,HINDWAREAP,MICRO_CAP,208.26,-2.45,-8.54,-15.52,22.7,22.6,,5,8,,STRONG_BEARISH,SELL
TECHNOE,TECHNOE,MICRO_CAP,1120.3,-1.75,-4.94,8.88,22.7,63.2,,7,8,,BULLISH,SELL
IREDA,IREDA,MICRO_CAP,117.28,1.41,-5.99,-9.74,22.7,37.7,,3,9,,STRONG_BEARISH,SELL
JINDRILL,JINDRILL,MID_CAP,542.2,-9.49,19.77,11.17,22.7,63.1,,10,2,,STRONG_BEARISH,SELL
WHIRLPOOL,WHIRLPOOL,MICRO_CAP,896.5,-1.35,-0.74,7.71,22.0,49.5,,4,10,,BULLISH,SELL
GANECOS,GANECOS,SMALL_CAP,706.4,-8.36,-9.79,2.52,22.0,28.5,,4,8,,STRONG_BEARISH,SELL
DREDGECORP,DREDGECORP,MICRO_CAP,975.75,0.85,0.8,-3.18,22.0,52.1,,1,8,,BULLISH,SELL
LICMFGOLD,LICMFGOLD,MICRO_CAP,143.2,-99.01,-98.99,-98.96,22.0,10.6,,5,0,,STRONG_BULLISH,SELL
ABLBL,ABLBL,MICRO_CAP,101.98,-1.98,-0.89,-10.61,22.0,22.5,,5,10,,STRONG_BEARISH,SELL
MANKIND,MANKIND,MID_CAP,2187.0,-1.77,-4.07,5.12,22.0,62.8,,6,8,,STRONG_BEARISH,SELL
SBILIFE,SBILIFE,LARGE_CAP,1941.6,-0.17,-6.78,-3.78,22.0,36.0,,2,6,,STRONG_BULLISH,SELL
AJAXENGG,Ajax Engineering Limited,MICRO_CAP,491.3,-3.04,0.49,-1.49,22.0,57.8,,0,12,,STRONG_BEARISH,SELL
KPIL,KPIL,MICRO_CAP,1133.9,0.24,-5.22,2.37,22.0,55.5,,1,13,,STRONG_BULLISH,SELL
TEXRAIL,TEXRAIL,MICRO_CAP,100.57,4.13,-4.79,-16.29,22.0,29.9,,1,14,,STRONG_BEARISH,SELL
KRBL,KRBL,SMALL_CAP,318.5,-4.48,-8.25,-10.48,22.0,30.6,,3,8,,STRONG_BEARISH,SELL
GMDCLTD,GMDCLTD,MID_CAP,546.85,0.39,-5.19,-10.91,22.0,42.9,,4,10,,BULLISH,SELL
DOLPHIN,DOLPHIN,MICRO_CAP,444.3,6.14,9.11,4.84,22.0,57.1,,6,4,,BEARISH,SELL
RESPONIND,RESPONIND,MICRO_CAP,168.34,-1.21,-4.61,-10.98,22.0,11.9,,5,10,,STRONG_BEARISH,SELL
VESUVIUS,VESUVIUS,MICRO_CAP,503.85,0.93,-6.14,3.1,22.0,49.2,,4,7,,BULLISH,SELL
KROSS,KROSS,MICRO_CAP,191.23,1.01,-3.86,-9.98,22.0,24.6,,4,10,,STRONG_BULLISH,SELL
SUVEN,SUVEN,MICRO_CAP,137.74,0.85,-6.45,-16.59,22.0,27.4,,3,9,,STRONG_BEARISH,SELL
SENORES,SENORES,MICRO_CAP,751.25,1.76,-3.01,-8.76,22.0,38.6,,1,10,,BULLISH,SELL
HINDZINC,HINDZINC,MID_CAP,586.85,-1.48,-3.76,-3.92,22.0,47.6,,4,6,,BULLISH,SELL
NAVA,Nava Bharat Ventures Limited,MICRO_CAP,566.9,-1.16,-5.68,0.97,21.3,54.6,,5,8,,BULLISH,SELL
ITCHOTELS,ITCHOTELS,MICRO_CAP,167.33,0.58,-6.08,-8.56,21.3,29.5,,3,11,,STRONG_BEARISH,SELL
VRLLOG,VRLLOG,MICRO_CAP,274.05,1.05,-4.84,-1.91,21.3,32.9,,3,13,,STRONG_BEARISH,SELL
AEGISVOPAK,AEGISVOPAK,MICRO_CAP,199.62,5.73,-14.83,-12.79,21.3,43.7,,5,4,,BEARISH,SELL
JSL,JSL,MID_CAP,752.25,-2.17,-7.03,-3.25,21.3,47.3,,1,8,,STRONG_BULLISH,SELL
ACMESOLAR,ACMESOLAR,MICRO_CAP,228.4,-1.22,-2.78,0.57,21.3,54.2,,5,8,,BULLISH,SELL
SMLMAH,SMLMAH,SMALL_CAP,4199.7,-4.93,-16.4,10.8,21.3,39.1,,10,4,,BULLISH,SELL
TENNIND,TENNIND,SMALL_CAP,547.2,1.27,-7.67,-0.35,21.3,45.7,,4,4,,BULLISH,SELL
GALLANTT,GALLANTT,MICRO_CAP,535.4,-2.07,-8.31,-10.36,21.3,43.6,,0,6,,BULLISH,SELL
VBL,VBL,SMALL_CAP,447.65,0.43,-2.78,2.41,21.3,49.0,,2,6,,STRONG_BEARISH,SELL
FUSION,FUSION,MICRO_CAP,178.11,-1.38,-12.73,-5.25,21.3,42.2,,6,4,,BULLISH,SELL
DMART,DMART,MID_CAP,3875.8,1.05,0.26,-1.5,21.3,46.5,,3,12,,STRONG_BEARISH,SELL
PANACEABIO,PANACEABIO,MICRO_CAP,320.45,-0.08,-4.67,-13.86,20.7,27.2,,3,10,,STRONG_BEARISH,SELL
ARVIND,ARVIND,MICRO_CAP,343.55,-0.67,-2.73,-8.3,20.7,23.9,,6,6,,BULLISH,SELL
EUROPRATIK,EUROPRATIK,MICRO_CAP,240.7,-0.08,-6.5,-9.52,20.7,55.2,,0,8,,NEUTRAL,SELL
GRMOVER,GRMOVER,MICRO_CAP,158.58,-2.64,-1.5,-2.66,20.7,40.2,,3,8,,STRONG_BEARISH,SELL
PURVA,PURVA,MICRO_CAP,187.32,5.05,-9.4,-21.47,20.7,10.9,,1,12,,STRONG_BEARISH,SELL
RAYMONDREL,RAYMONDREL,MICRO_CAP,380.6,-6.58,-11.14,-18.89,20.7,20.8,,5,8,,STRONG_BEARISH,SELL
HINDPETRO,Hindustan Petroleum Corporation Limited,SMALL_CAP,404.95,-3.21,-8.8,-11.75,20.7,33.8,,3,8,,STRONG_BEARISH,SELL
MONARCH,MONARCH,MICRO_CAP,258.9,-1.48,-6.8,-13.5,20.7,15.5,,5,8,,STRONG_BEARISH,SELL
ZENTEC,ZENTEC,MID_CAP,1426.8,1.54,5.11,7.1,20.7,82.9,,7,6,,BULLISH,SELL
NETWEB,NETWEB,LARGE_CAP,3222.3,-0.88,-12.85,3.65,20.7,53.8,,3,6,,STRONG_BULLISH,SELL
MANAKCOAT,MANAKCOAT,MICRO_CAP,124.8,-0.72,8.69,0.73,20.7,57.9,,4,6,,STRONG_BEARISH,SELL
JSWCEMENT,JSWCEMENT,MICRO_CAP,122.25,-1.76,-4.28,-1.03,20.7,54.2,,4,8,,BULLISH,SELL
SULA,SULA,MICRO_CAP,166.12,-0.2,-2.89,-10.76,20.7,28.7,,3,10,,STRONG_BEARISH,SELL
ICICIBANK,ICICI Bank Limited,LARGE_CAP,1313.4,-3.26,-6.51,-5.95,20.7,19.1,,3,8,,BULLISH,SELL
GPIL,GPIL,SMALL_CAP,247.35,-0.52,-9.14,-3.74,20.7,41.2,,2,6,,STRONG_BULLISH,SELL
ENRIN,ENRIN,MID_CAP,2920.6,1.98,0.01,12.38,20.7,63.7,,3,6,,BULLISH,SELL
OPTIEMUS,OPTIEMUS,MICRO_CAP,380.25,2.47,-8.19,-9.61,20.7,35.2,,3,6,,STRONG_BEARISH,SELL
NYKAA,NYKAA,SMALL_CAP,254.8,-2.3,-4.76,-1.35,20.7,34.4,,1,10,,STRONG_BULLISH,SELL
DCMSHRIRAM,DCMSHRIRAM,MICRO_CAP,990.3,0.0,-6.9,-14.3,20.7,12.7,,5,8,,STRONG_BEARISH,SELL
ORIENTELEC,ORIENTELEC,MICRO_CAP,178.98,-4.29,-7.98,4.89,20.7,53.8,,4,8,,BULLISH,SELL
GODREJAGRO,GODREJAGRO,MICRO_CAP,595.2,-2.42,-3.82,7.49,20.0,31.4,,6,8,,BULLISH,SELL
NRBBEARING,NRBBEARING,MICRO_CAP,261.05,-0.93,-4.69,-4.97,20.0,28.3,,1,8,,STRONG_BEARISH,SELL
BIKAJI,BIKAJI,MICRO_CAP,614.35,-2.55,-2.65,-6.01,20.0,33.3,,1,12,,STRONG_BEARISH,SELL
BLACKBUCK,BLACKBUCK,SMALL_CAP,586.5,0.79,0.98,-3.28,20.0,32.6,,1,11,,STRONG_BEARISH,SELL
RALLIS,RALLIS,MICRO_CAP,257.2,-0.04,-6.59,-5.86,20.0,46.3,,1,6,,STRONG_BEARISH,SELL
FACT,FACT,MICRO_CAP,680.65,0.38,-7.81,-12.74,20.0,23.7,,1,11,,STRONG_BEARISH,SELL
EPL,EPL,MICRO_CAP,199.7,0.77,-8.14,-5.83,20.0,31.3,,0,6,,BULLISH,SELL
VIPIND,VIPIND,MICRO_CAP,366.4,1.3,1.86,-5.11,20.0,36.7,,1,13,,STRONG_BEARISH,SELL
CASTROLIND,CASTROLIND,MICRO_CAP,186.82,0.18,-0.44,0.65,20.0,58.5,,1,10,,STRONG_BEARISH,SELL
KERNEX,KERNEX,MICRO_CAP,1037.0,0.86,-4.15,-12.78,20.0,14.2,,1,13,,STRONG_BEARISH,SELL
ADANIENT,Adani Enterprises Limited,LARGE_CAP,2039.9,-2.36,-7.96,-8.79,20.0,40.3,,1,6,,STRONG_BEARISH,SELL
ULTRACEMCO,UltraTech Cement Limited,LARGE_CAP,11987.0,-2.45,-7.34,-6.15,20.0,28.3,,1,6,,STRONG_BULLISH,SELL
IDEAFORGE,IDEAFORGE,SMALL_CAP,441.15,1.23,3.9,3.81,20.0,62.0,,4,7,,STRONG_BEARISH,SELL
SIRCA,SIRCA,MICRO_CAP,451.4,-0.34,-1.49,-5.77,20.0,35.4,,2,10,,STRONG_BEARISH,SELL
SILVERTUC,SILVERTUC,MICRO_CAP,141.3,-89.5,-90.21,-89.51,20.0,14.4,,5,0,,BULLISH,SELL
CHOLAHLDNG,CHOLAHLDNG,SMALL_CAP,1594.8,-2.1,-5.37,-4.87,20.0,32.4,,1,12,,STRONG_BEARISH,SELL
ACC,ACC Limited,SMALL_CAP,1501.2,-1.47,-6.94,-10.44,19.3,11.2,,3,8,,STRONG_BEARISH,SELL
KALPATARU,KALPATARU,SMALL_CAP,305.9,-1.43,-8.28,-9.23,19.3,27.6,,5,6,,STRONG_BEARISH,SELL
USHAMART,USHAMART,MICRO_CAP,419.0,-0.72,-1.56,0.99,19.3,56.6,,2,8,,STRONG_BEARISH,SELL
TATACONSUM,Tata Consumer Products Limited,LARGE_CAP,1116.7,-0.21,-3.69,-3.39,19.3,44.9,,1,6,,BULLISH,SELL
DBREALTY,DBREALTY,MICRO_CAP,103.38,-0.14,-7.47,-14.34,19.3,17.0,,0,8,,STRONG_BEARISH,SELL
SAMMAANCAP,SAMMAANCAP,MICRO_CAP,142.4,-1.94,-7.33,-2.31,19.3,47.9,,1,6,,STRONG_BULLISH,SELL
NUVOCO,NUVOCO,MICRO_CAP,297.95,-3.07,-10.2,-14.76,19.3,18.8,,3,8,,STRONG_BEARISH,SELL
GSPL,GSPL,SMALL_CAP,293.9,1.33,-3.73,-2.0,19.3,28.3,,3,10,,STRONG_BEARISH,SELL
EUREKAFORB,EUREKAFORB,MICRO_CAP,429.95,-1.31,-11.43,-15.4,19.3,15.1,,5,6,,STRONG_BEARISH,SELL
AGARIND,AGARIND,MICRO_CAP,461.65,-3.86,-16.4,-36.14,19.3,6.5,,5,6,,STRONG_BEARISH,SELL
RICOAUTO,RICOAUTO,MICRO_CAP,113.3,-3.1,-13.66,-11.43,19.3,39.1,,2,4,,STRONG_BULLISH,SELL
ZAGGLE,ZAGGLE,SMALL_CAP,226.87,4.27,-2.51,-21.01,19.3,24.3,,1,14,,STRONG_BEARISH,SELL
TEJASNET,TEJASNET,SMALL_CAP,465.05,-5.55,25.33,37.16,19.3,77.8,,8,2,,STRONG_BEARISH,SELL
MANYAVAR,MANYAVAR,SMALL_CAP,366.9,-5.36,-8.29,-21.96,19.3,16.4,,5,6,,STRONG_BEARISH,SELL
COHANCE,COHANCE,SMALL_CAP,279.9,-4.09,-9.23,-21.55,19.3,31.5,,1,6,,STRONG_BEARISH,SELL
NESTLEIND,Nestle India Limited,LARGE_CAP,1252.4,0.12,-4.98,-3.92,19.3,41.6,,1,6,,BULLISH,SELL
INTELLECT,INTELLECT,SMALL_CAP,681.0,3.44,-2.81,-12.03,19.3,50.8,,0,9,,STRONG_BEARISH,SELL
ITC,ITC Limited,SMALL_CAP,309.7,-0.58,-2.7,-0.16,19.3,45.6,,1,8,,STRONG_BEARISH,SELL
NIFTYIETF,NIFTYIETF,SMALL_CAP,275.74,-1.13,-4.0,-4.53,19.3,30.5,,1,8,,STRONG_BEARISH,SELL
VMART,VMART,MICRO_CAP,516.95,-1.72,-10.1,-13.52,19.3,8.9,,3,8,,STRONG_BEARISH,SELL
WABAG,WABAG,SMALL_CAP,1225.0,0.6,-2.97,3.29,18.7,38.4,,4,6,,STRONG_BEARISH,SELL
QUICKHEAL,QUICKHEAL,MICRO_CAP,157.16,1.54,-5.11,-15.05,18.7,34.4,,0,11,,STRONG_BEARISH,SELL
HDFCBANK,HDFC Bank Limited,MID_CAP,857.05,-2.36,-4.62,-9.76,18.7,32.3,,1,10,,STRONG_BEARISH,SELL
NIFTY1,NIFTY1,MICRO_CAP,270.04,-1.21,-4.05,-4.63,18.7,32.0,,1,8,,BULLISH,SELL
KANSAINER,KANSAINER,MICRO_CAP,189.19,-2.17,-5.6,-13.34,18.7,32.9,,1,10,,STRONG_BEARISH,SELL
SURAJEST,SURAJEST,MICRO_CAP,208.35,-0.83,-5.13,-9.42,18.7,31.5,,1,10,,STRONG_BEARISH,SELL
INDOTHAI,INDOTHAI,MICRO_CAP,261.95,1.43,-4.04,1.83,18.7,45.2,,1,11,,STRONG_BEARISH,SELL
NH,NH,SMALL_CAP,1755.3,-0.68,-5.19,1.29,18.7,40.7,,1,8,,STRONG_BEARISH,SELL
MSTCLTD,MSTCLTD,MICRO_CAP,441.3,0.11,-2.35,-4.48,18.7,23.0,,0,15,,STRONG_BEARISH,SELL
DLF,DLF,MID_CAP,577.55,-1.3,-5.44,-12.66,18.7,32.6,,1,10,,STRONG_BEARISH,SELL
INFOBEAN,INFOBEAN,MICRO_CAP,155.24,-3.31,-80.59,-81.52,18.7,9.1,,3,0,,BULLISH,SELL
ADANIPOWER,Adani Power Limited,MICRO_CAP,138.99,-0.8,-1.66,-9.42,18.7,48.1,,0,10,,STRONG_BEARISH,SELL
NAVNETEDUL,NAVNETEDUL,MICRO_CAP,139.51,-0.96,-5.71,-13.93,18.7,21.9,,1,8,,BULLISH,SELL
ICICIPRULI,ICICIPRULI,MID_CAP,614.05,-2.14,-8.97,-6.28,18.7,36.6,,0,6,,STRONG_BULLISH,SELL
BOMDYEING,BOMDYEING,MICRO_CAP,106.96,-2.58,-6.69,-11.96,18.7,30.2,,1,10,,STRONG_BEARISH,SELL
BSE,BSE,LARGE_CAP,2751.6,-0.35,-1.76,-4.86,18.7,34.0,,0,10,,BULLISH,SELL
NACLIND,NACLIND,MICRO_CAP,118.22,-4.48,-10.61,-15.92,18.7,23.6,,1,4,,BULLISH,SELL
LT,LT,LARGE_CAP,3949.8,-2.2,-7.85,-2.79,18.7,40.6,,1,4,,STRONG_BULLISH,SELL
KOLTEPATIL,KOLTEPATIL,MICRO_CAP,327.3,-2.34,-7.59,-9.9,18.0,21.0,,3,6,,STRONG_BEARISH,SELL
BBOX,BBOX,MICRO_CAP,512.15,0.04,-6.0,-0.61,18.0,35.8,,1,10,,BULLISH,SELL
HDBFS,HDBFS,MID_CAP,670.9,-1.74,-5.98,-4.22,18.0,29.5,,3,6,,STRONG_BEARISH,SELL
CRIZAC,CRIZAC,MICRO_CAP,220.46,-1.2,-4.25,-6.62,18.0,37.7,,0,10,,STRONG_BEARISH,SELL
SAMHI,SAMHI,MICRO_CAP,149.13,-1.71,-9.65,-11.37,18.0,24.7,,5,4,,STRONG_BEARISH,SELL
MEIL,MEIL,MICRO_CAP,229.34,-2.95,-4.12,-13.88,18.0,20.8,,3,6,,STRONG_BEARISH,SELL
CESC,CESC,MICRO_CAP,153.57,-1.27,-3.89,-0.52,18.0,55.3,,1,8,,STRONG_BEARISH,SELL
CHOLAFIN,CHOLAFIN,LARGE_CAP,1626.3,-2.56,-6.97,-5.57,18.0,37.4,,1,6,,STRONG_BULLISH,SELL
BHARTIARTL,Bharti Airtel Limited,LARGE_CAP,1870.8,-1.9,-3.05,-6.1,18.0,29.5,,1,10,,STRONG_BEARISH,SELL
BOROLTD,BOROLTD,MICRO_CAP,223.87,-2.49,-5.22,-13.21,18.0,23.6,,3,6,,STRONG_BEARISH,SELL
MEDIASSIST,MEDIASSIST,MICRO_CAP,323.3,-4.81,-16.06,-20.84,18.0,15.6,,5,4,,STRONG_BEARISH,SELL
M&M,Mahindra & Mahindra Limited,LARGE_CAP,3332.5,-0.46,-4.36,-6.7,18.0,34.2,,0,12,,STRONG_BEARISH,SELL
AUTOBEES,AUTOBEES,MICRO_CAP,278.32,-0.98,-5.49,-1.79,18.0,38.1,,1,6,,STRONG_BULLISH,SELL
LTF,L&T Finance Holdings Limited,SMALL_CAP,271.9,-1.31,-9.34,-4.06,18.0,41.0,,1,6,,BULLISH,SELL
SWSOLAR,SWSOLAR,MICRO_CAP,181.78,0.9,-9.5,-6.66,18.0,40.1,,1,6,,STRONG_BEARISH,SELL
ADVENZYMES,ADVENZYMES,MICRO_CAP,297.35,0.71,-1.02,2.11,18.0,47.4,,4,4,,BULLISH,SELL
ACI,ACI,MICRO_CAP,550.15,2.23,-7.69,-7.72,18.0,43.7,,3,6,,STRONG_BEARISH,SELL
ABCAPITAL,ABCAPITAL,SMALL_CAP,326.55,-0.32,-8.31,-5.25,18.0,43.3,,1,6,,BULLISH,SELL
TATACHEM,TATACHEM,MICRO_CAP,707.1,-0.72,-1.25,-0.37,17.3,57.8,,1,12,,STRONG_BEARISH,SELL
BAJAJHCARE,BAJAJHCARE,MICRO_CAP,320.9,1.04,-3.29,-12.95,17.3,14.3,,3,10,,STRONG_BEARISH,SELL
AVL,AVL,MICRO_CAP,463.15,-1.07,-5.54,-5.45,17.3,21.5,,0,12,,BULLISH,SELL
HBLENGINE,HBL Power Systems Limited,MID_CAP,676.9,2.01,-3.32,-13.17,17.3,26.0,,0,10,,STRONG_BEARISH,SELL
IIFLCAPS,IIFLCAPS,MICRO_CAP,308.65,-2.54,7.43,-4.74,17.3,42.7,,0,8,,BULLISH,SELL
INDHOTEL,INDHOTEL,MID_CAP,623.85,-0.93,-8.39,-9.48,17.3,14.9,,3,10,,STRONG_BEARISH,SELL
INOXGREEN,INOXGREEN,MICRO_CAP,151.74,-0.66,-11.37,-14.3,17.3,26.9,,1,4,,STRONG_BEARISH,SELL
HSCL,HSCL,SMALL_CAP,451.3,-1.34,-6.58,-0.88,17.3,50.4,,0,6,,STRONG_BULLISH,SELL
MOIL,MOIL,MICRO_CAP,292.85,1.38,-5.01,-9.52,17.3,35.7,,0,9,,STRONG_BEARISH,SELL
JKTYRE,JKTYRE,SMALL_CAP,452.55,2.65,-14.72,-15.58,17.3,9.6,,1,4,,STRONG_BULLISH,SELL
APTUS,APTUS,SMALL_CAP,228.21,-0.13,-7.12,-15.65,17.3,30.4,,1,8,,STRONG_BEARISH,SELL
EMAMILTD,EMAMILTD,SMALL_CAP,458.45,-2.84,-3.45,-8.91,17.3,28.2,,1,12,,STRONG_BEARISH,SELL
EMCURE,EMCURE,MICRO_CAP,1415.8,-2.59,-2.66,-4.49,17.3,29.2,,1,12,,BULLISH,SELL
WOCKPHARMA,WOCKPHARMA,SMALL_CAP,1299.6,-0.43,-4.69,-6.89,17.3,30.3,,0,10,,STRONG_BEARISH,SELL
WELCORP,Welspun Corp Limited,MICRO_CAP,809.05,-1.58,-1.92,-3.53,17.3,52.0,,3,6,,STRONG_BEARISH,SELL
LALPATHLAB,Dr. Lal PathLabs Limited,SMALL_CAP,1360.0,1.55,-3.26,-3.61,17.3,41.8,,1,10,,STRONG_BEARISH,SELL
DCBBANK,DCB Bank Limited,MICRO_CAP,171.44,-1.0,-8.75,-10.2,17.3,27.7,,1,6,,STRONG_BULLISH,SELL
PRAJIND,PRAJIND,SMALL_CAP,304.65,-0.52,-1.76,6.43,17.3,48.4,,3,10,,STRONG_BEARISH,SELL
PICCADIL,PICCADIL,MICRO_CAP,543.45,1.18,-5.94,-5.83,17.3,36.7,,1,13,,STRONG_BEARISH,SELL
ASHAPURMIN,Ashapura Minechem Limited,SMALL_CAP,521.75,1.58,-3.83,-23.44,17.3,43.3,,0,9,,BULLISH,SELL
AJMERA,AJMERA,MICRO_CAP,123.26,-0.42,-6.62,-16.94,17.3,31.7,,1,8,,STRONG_BEARISH,SELL
ATHERENERG,Ather Energy Limited,MID_CAP,674.05,-1.5,-3.75,-5.66,16.7,37.8,,0,8,,BULLISH,SELL
GOKULAGRO,GOKULAGRO,MICRO_CAP,166.2,4.09,-2.68,0.08,16.7,47.2,,1,14,,STRONG_BEARISH,SELL
CEMPRO,CEMPRO,MICRO_CAP,565.65,0.11,-4.22,-16.68,16.7,34.5,,0,8,,STRONG_BEARISH,SELL
GAIL,GAIL,MICRO_CAP,155.71,-0.65,-8.38,-2.79,16.7,40.2,,1,6,,STRONG_BEARISH,SELL
SHREEJISPG,SHREEJISPG,MICRO_CAP,377.9,-0.81,-5.51,-2.3,16.7,34.0,,3,2,,BULLISH,SELL
MARKOLINES,MARKOLINES,MICRO_CAP,156.39,-2.38,-4.28,-4.14,16.7,47.2,,0,6,,BULLISH,SELL
MUFIN,MUFIN,MICRO_CAP,107.51,-0.54,-6.72,-5.83,16.7,27.5,,1,8,,STRONG_BULLISH,SELL
SPANDANA,SPANDANA,MICRO_CAP,235.05,-3.79,-9.25,-6.04,16.7,33.1,,0,10,,STRONG_BEARISH,SELL
BHARATSE,BHARATSE,MICRO_CAP,176.48,-1.66,-9.15,4.77,16.7,55.2,,2,4,,BULLISH,SELL
TIRUMALCHM,TIRUMALCHM,MICRO_CAP,165.04,-3.25,-15.27,-15.99,16.7,16.6,,3,4,,STRONG_BEARISH,SELL
EIHOTEL,EIHOTEL,SMALL_CAP,329.35,0.92,2.49,-3.47,16.7,49.1,,0,12,,STRONG_BEARISH,SELL
ELLEN,ELLEN,MICRO_CAP,215.45,-0.78,-8.32,-15.26,16.7,31.7,,0,8,,STRONG_BEARISH,SELL
DCAL,DCAL,MICRO_CAP,164.23,-0.27,-11.17,-21.91,16.7,19.9,,3,6,,STRONG_BEARISH,SELL
CRAMC,CRAMC,MICRO_CAP,225.9,-3.25,-10.37,-11.45,16.7,25.9,,1,6,,BEARISH,SELL
ICICIGI,ICICIGI,MID_CAP,1880.3,0.27,-3.4,0.33,16.7,43.9,,1,8,,BULLISH,SELL
MARUTI,Maruti Suzuki India Limited,LARGE_CAP,14159.0,-1.78,-6.93,-5.98,16.0,30.5,,1,8,,STRONG_BEARISH,SELL
MASTEK,MASTEK,SMALL_CAP,1561.2,-4.43,-1.64,-24.65,16.0,30.7,,1,6,,STRONG_BEARISH,SELL
HUHTAMAKI,HUHTAMAKI,MICRO_CAP,172.16,1.0,-3.84,-5.22,16.0,34.3,,0,12,,STRONG_BEARISH,SELL
MON100,MON100,MICRO_CAP,221.38,0.98,-2.53,-1.65,16.0,36.2,,1,10,,STRONG_BEARISH,SELL
JIOFIN,JIOFIN,SMALL_CAP,239.35,-1.54,-6.56,-11.34,16.0,15.1,,1,10,,STRONG_BEARISH,SELL
NIFTYBEES,NIFTYBEES,SMALL_CAP,277.25,-1.11,-3.93,-4.51,16.0,30.7,,1,8,,STRONG_BEARISH,SELL
HDFCNIFTY,HDFCNIFTY,MICRO_CAP,274.19,-1.15,-4.05,-4.54,16.0,30.8,,1,8,,STRONG_BEARISH,SELL
HUBTOWN,HUBTOWN,MICRO_CAP,213.67,-1.11,0.85,-4.56,16.0,44.3,,0,10,,STRONG_BEARISH,SELL
IIFL,IIFL,SMALL_CAP,485.1,-1.28,-3.95,-3.85,16.0,38.3,,0,10,,BULLISH,SELL
SANGHVIMOV,SANGHVIMOV,MICRO_CAP,244.9,-1.96,-7.6,-25.21,16.0,13.4,,0,8,,STRONG_BEARISH,SELL
MCX,MCX,LARGE_CAP,2533.9,-0.77,3.05,5.12,16.0,72.8,,3,8,,STRONG_BEARISH,SELL
KCP,KCP,MICRO_CAP,156.04,-1.12,-2.11,-10.23,16.0,19.6,,1,10,,STRONG_BEARISH,SELL
VAIBHAVGBL,VAIBHAVGBL,MICRO_CAP,216.54,-1.31,-6.38,-6.55,16.0,19.5,,0,10,,BULLISH,SELL
AADHARHFC,AADHARHFC,SMALL_CAP,455.05,0.43,-4.24,-3.7,16.0,44.2,,0,11,,STRONG_BEARISH,SELL
ACE,ACE,MICRO_CAP,878.85,0.69,-1.72,-1.83,16.0,45.4,,0,10,,STRONG_BEARISH,SELL
GMRP&UI,GMRP&UI,MICRO_CAP,107.31,-2.42,-11.87,0.8,16.0,56.4,,0,8,,BULLISH,SELL
PDSL,PDSL,MICRO_CAP,295.1,-1.75,-1.73,-15.5,16.0,23.4,,1,10,,STRONG_BEARISH,SELL
ORIENTTECH,ORIENTTECH,MICRO_CAP,269.8,0.84,-11.79,-19.74,16.0,26.8,,0,8,,STRONG_BEARISH,SELL
GODREJPROP,GODREJPROP,LARGE_CAP,1667.3,-4.39,-7.26,-1.33,16.0,35.1,,1,6,,STRONG_BEARISH,SELL
DEEPINDS,DEEPINDS,MICRO_CAP,337.7,-3.98,-4.95,-18.39,16.0,27.5,,1,10,,STRONG_BEARISH,SELL
DEVYANI,DEVYANI,MICRO_CAP,116.83,-0.68,-9.36,-11.62,16.0,22.6,,0,6,,STRONG_BEARISH,SELL
GPPL,GPPL,MICRO_CAP,165.99,0.55,-7.23,-2.21,16.0,38.4,,1,6,,BULLISH,SELL
GABRIEL,GABRIEL,SMALL_CAP,916.25,-2.51,-9.35,-7.09,16.0,35.8,,0,6,,BULLISH,SELL
SKMEGGPROD,SKMEGGPROD,MICRO_CAP,154.21,-3.53,-8.77,-20.09,16.0,14.4,,0,8,,STRONG_BEARISH,SELL
POLICYBZR,POLICYBZR,LARGE_CAP,1428.4,-3.01,-6.32,-8.01,16.0,33.6,,1,6,,STRONG_BEARISH,SELL
RAYMONDLSL,RAYMONDLSL,MICRO_CAP,810.8,-3.26,-9.77,-18.71,16.0,7.6,,3,8,,STRONG_BEARISH,SELL
KOPRAN,KOPRAN,MICRO_CAP,122.82,-1.08,-7.94,-12.37,16.0,29.3,,1,10,,STRONG_BEARISH,SELL
KOTAKBANK,Kotak Mahindra Bank Limited,SMALL_CAP,399.8,-1.84,-5.83,-2.19,16.0,35.3,,1,6,,STRONG_BEARISH,SELL
TIMETECHNO,TIMETECHNO,MICRO_CAP,176.6,-1.09,-5.89,-7.29,16.0,23.9,,0,8,,STRONG_BEARISH,SELL
COROMANDEL,COROMANDEL,MID_CAP,2022.3,-2.0,-13.23,-10.09,16.0,27.6,,3,4,,STRONG_BEARISH,SELL
RUSTOMJEE,RUSTOMJEE,MICRO_CAP,391.75,-2.04,-4.73,-16.6,16.0,19.8,,3,8,,STRONG_BEARISH,SELL
TRANSRAILL,TRANSRAILL,SMALL_CAP,515.3,-0.1,-7.74,-7.7,16.0,36.6,,0,4,,STRONG_BEARISH,SELL
RUBYMILLS,RUBYMILLS,MICRO_CAP,214.58,-6.68,13.5,3.34,16.0,53.9,,5,0,,STRONG_BEARISH,SELL
ARKADE,ARKADE,MICRO_CAP,110.15,-0.54,-4.99,-13.17,16.0,14.8,,1,10,,STRONG_BEARISH,SELL
INDRAMEDCO,INDRAMEDCO,MICRO_CAP,398.95,0.48,-0.68,4.03,15.3,37.8,,3,10,,STRONG_BEARISH,SELL
ANTHEM,ANTHEM,MICRO_CAP,663.2,-0.68,-5.73,4.44,15.3,36.4,,1,6,,BULLISH,SELL
CLEAN,CLEAN,MICRO_CAP,755.55,-2.24,4.61,-6.68,15.3,50.0,,0,10,,STRONG_BEARISH,SELL
ANGELONE,ANGELONE,SMALL_CAP,219.56,-2.28,-10.93,-91.7,15.3,2.1,,5,0,,STRONG_BEARISH,SELL
UTLSOLAR,UTLSOLAR,MICRO_CAP,182.93,4.13,-3.87,-12.95,15.3,30.5,,0,11,,BEARISH,SELL
JSFB,JSFB,MICRO_CAP,350.35,-4.03,-4.91,1.23,15.3,26.5,,0,10,,STRONG_BEARISH,SELL
LODHA,LODHA,MID_CAP,889.25,-2.95,-12.09,-15.19,15.3,16.3,,1,6,,STRONG_BEARISH,SELL
TANLA,TANLA,MICRO_CAP,447.0,1.35,-4.69,-8.91,15.3,41.8,,0,13,,STRONG_BEARISH,SELL
JNKINDIA,JNKINDIA,MICRO_CAP,230.48,2.48,-5.11,-3.46,15.3,41.6,,1,9,,STRONG_BEARISH,SELL
LIQUID,LIQUID,MICRO_CAP,999.99,0.0,0.0,0.0,15.3,,,1,12,,STRONG_BEARISH,SELL
CHAMBLFERT,CHAMBLFERT,SMALL_CAP,427.65,-1.3,-6.79,0.05,15.3,31.2,,0,8,,STRONG_BEARISH,SELL
JYOTICNC,JYOTICNC,SMALL_CAP,802.3,1.17,-4.3,-2.68,15.3,41.3,,0,8,,STRONG_BEARISH,SELL
KPEL,KPEL,MICRO_CAP,256.4,-1.02,-11.66,-19.38,14.7,15.4,,3,6,,STRONG_BEARISH,SELL
SOLARWORLD,SOLARWORLD,MICRO_CAP,169.39,-2.43,-14.46,-23.79,14.7,10.8,,0,4,,BEARISH,SELL
WEWORK,WEWORK,MICRO_CAP,450.35,-2.38,-13.6,-21.88,14.7,13.1,,3,6,,BEARISH,SELL
BLUESTONE,BLUESTONE,MICRO_CAP,457.15,1.99,5.71,3.65,14.7,57.9,,3,6,,STRONG_BEARISH,SELL
SURYODAY,SURYODAY,MICRO_CAP,129.25,-2.31,2.72,-4.19,14.7,49.4,,0,6,,STRONG_BEARISH,SELL
HINDUNILVR,HINDUNILVR,LARGE_CAP,2225.7,-1.3,-6.61,-5.47,14.7,38.2,,0,10,,STRONG_BEARISH,SELL
MUTHOOTFIN,MUTHOOTFIN,LARGE_CAP,3238.9,-2.04,-5.73,-9.5,14.7,27.5,,1,8,,BULLISH,SELL
SONATSOFTW,SONATSOFTW,SMALL_CAP,246.45,-1.52,-9.04,-20.28,14.7,25.5,,1,8,,STRONG_BEARISH,SELL
INDIGO,INDIGO,LARGE_CAP,4404.1,-2.41,-10.73,-10.71,14.7,27.3,,3,6,,STRONG_BEARISH,SELL
IEX,IEX,MICRO_CAP,121.76,0.11,-4.51,-2.47,14.7,44.8,,1,6,,STRONG_BEARISH,SELL
BRIGADE,BRIGADE,SMALL_CAP,665.55,-0.8,-7.07,-13.73,14.7,17.0,,1,8,,STRONG_BEARISH,SELL
JUNIORBEES,JUNIORBEES,SMALL_CAP,727.2,-0.29,-4.15,-1.77,14.7,42.6,,0,6,,BULLISH,SELL
ORIENTCEM,ORIENTCEM,MICRO_CAP,145.38,-1.85,-7.81,-10.96,14.7,16.6,,1,8,,STRONG_BEARISH,SELL
PIIND,PIIND,SMALL_CAP,3079.6,-0.3,-1.74,-1.98,14.7,41.7,,0,12,,STRONG_BEARISH,SELL
PROTEAN,PROTEAN,MICRO_CAP,540.65,-0.93,-9.6,-13.28,14.7,17.0,,1,8,,STRONG_BEARISH,SELL
SAREGAMA,SAREGAMA,MICRO_CAP,322.25,-1.8,-2.27,-3.37,14.7,36.7,,0,10,,STRONG_BEARISH,SELL
GODREJCP,Godrej Consumer Products Limited,MID_CAP,1116.6,-1.4,-9.89,-4.58,14.7,32.4,,0,6,,STRONG_BEARISH,SELL
UGROCAP,UGROCAP,MICRO_CAP,105.72,0.88,-8.48,-31.51,14.7,15.0,,0,9,,STRONG_BEARISH,SELL
JUSTDIAL,JUSTDIAL,MICRO_CAP,535.05,-0.11,-7.49,-20.65,14.7,10.8,,1,8,,STRONG_BEARISH,SELL
KEC,KEC,SMALL_CAP,546.55,-0.7,-8.17,-10.42,14.7,24.2,,1,8,,STRONG_BEARISH,SELL
360ONE,360ONE,SMALL_CAP,1064.2,-1.55,-5.68,-6.71,14.7,34.1,,0,8,,BULLISH,SELL
ZUARI,ZUARI,MICRO_CAP,205.76,-2.19,-7.98,-19.01,14.7,11.8,,0,6,,STRONG_BEARISH,SELL
KALAMANDIR,KALAMANDIR,MICRO_CAP,104.17,-3.02,-9.13,-10.8,14.7,26.7,,1,8,,STRONG_BEARISH,SELL
KAYNES,KAYNES,LARGE_CAP,3746.8,-1.77,-4.33,3.61,14.0,39.4,,1,10,,STRONG_BEARISH,SELL
JYOTHYLAB,JYOTHYLAB,MICRO_CAP,244.1,-2.44,-4.04,0.09,14.0,49.8,,0,8,,STRONG_BEARISH,SELL
LICHSGFIN,LICHSGFIN,MID_CAP,511.8,-1.84,-6.16,-0.72,14.0,52.4,,0,8,,STRONG_BEARISH,SELL
HDFCLIFE,HDFCLIFE,MID_CAP,668.55,-2.3,-8.92,-7.24,14.0,39.1,,0,6,,STRONG_BEARISH,SELL
VSTIND,VSTIND,MICRO_CAP,222.18,-0.96,-5.47,-3.0,14.0,27.5,,0,8,,STRONG_BEARISH,SELL
JUBLPHARMA,JUBLPHARMA,MICRO_CAP,818.05,-2.21,-7.32,-16.0,14.0,27.7,,0,8,,STRONG_BEARISH,SELL
INDGN,INDGN,MICRO_CAP,459.2,-0.69,-8.22,-4.47,14.0,42.3,,0,6,,STRONG_BEARISH,SELL
JBMA,JBMA,MICRO_CAP,521.9,1.5,-6.92,-10.81,14.0,22.3,,0,8,,STRONG_BEARISH,SELL
MID150BEES,MID150BEES,MICRO_CAP,219.06,-0.59,-3.71,-3.2,14.0,35.0,,0,8,,BULLISH,SELL
TATACOMM,TATACOMM,MID_CAP,1456.7,-0.34,-12.26,-6.02,14.0,25.4,,1,4,,STRONG_BEARISH,SELL
CSBBANK,CSBBANK,MICRO_CAP,374.3,-0.16,-7.13,-9.53,14.0,44.5,,0,4,,BULLISH,SELL
RAIN,RAIN,MICRO_CAP,132.93,-0.55,-13.97,-19.09,14.0,27.6,,5,6,,BULLISH,SELL
SHANTIGOLD,SHANTIGOLD,MICRO_CAP,206.59,0.78,-0.74,2.28,14.0,39.9,,2,6,,BEARISH,SELL
SHK,SHK,MICRO_CAP,134.4,-0.29,-10.21,-16.8,14.0,10.0,,0,8,,STRONG_BEARISH,SELL
DEEPAKFERT,DEEPAKFERT,MICRO_CAP,962.8,1.3,-2.69,-5.4,14.0,26.3,,0,8,,STRONG_BEARISH,SELL
ORCHPHARMA,ORCHPHARMA,MICRO_CAP,508.55,-5.58,-18.96,-25.84,14.0,3.6,,3,2,,STRONG_BEARISH,SELL
RECLTD,RECLTD,SMALL_CAP,339.15,-0.79,-4.22,-11.24,14.0,44.8,,0,6,,STRONG_BEARISH,SELL
APOLLOTYRE,Apollo Tyres Limited,SMALL_CAP,439.75,-1.04,-4.58,-13.41,14.0,23.9,,0,10,,STRONG_BEARISH,SELL
SIGNATURE,SIGNATURE,SMALL_CAP,901.5,-2.36,-5.13,1.54,14.0,31.6,,1,8,,STRONG_BEARISH,SELL
RCF,RCF,MICRO_CAP,114.12,-0.08,-10.75,-15.29,13.3,22.3,,1,6,,STRONG_BEARISH,SELL
RATNAVEER,RATNAVEER,MICRO_CAP,140.29,0.49,-8.18,-9.29,13.3,42.6,,0,4,,BULLISH,SELL
KPITTECH,KPITTECH,MID_CAP,698.55,-2.64,-11.99,-27.2,13.3,19.4,,1,6,,STRONG_BEARISH,SELL
CONCOR,CONCOR,SMALL_CAP,479.75,-0.04,-4.02,-8.1,13.3,38.2,,0,8,,STRONG_BEARISH,SELL
DATAMATICS,DATAMATICS,MICRO_CAP,696.5,-2.56,-10.18,-9.45,13.3,45.6,,0,4,,BULLISH,SELL
WALCHANNAG,WALCHANNAG,MICRO_CAP,165.58,-0.1,-6.3,-8.34,13.3,46.6,,1,6,,STRONG_BEARISH,SELL
TATATECH,TATATECH,SMALL_CAP,576.5,0.07,-1.11,-10.31,13.3,37.2,,0,13,,STRONG_BEARISH,SELL
INFY,Infosys Limited,LARGE_CAP,1308.4,0.2,1.5,-13.93,13.3,35.2,,0,8,,STRONG_BEARISH,SELL
TATACAP,TATACAP,SMALL_CAP,318.45,-1.01,-4.74,-7.99,13.3,12.3,,0,12,,BEARISH,SELL
SPMLINFRA,SPMLINFRA,MICRO_CAP,172.75,-4.38,0.66,-5.05,13.3,36.4,,0,10,,STRONG_BEARISH,SELL
IGL,IGL,MICRO_CAP,157.27,-1.79,-8.74,-9.21,13.3,37.8,,0,8,,STRONG_BEARISH,SELL
NAZARA,NAZARA,SMALL_CAP,244.05,-0.69,-7.89,-11.86,13.3,9.1,,1,6,,STRONG_BEARISH,SELL
HYUNDAI,HYUNDAI,MID_CAP,2094.2,-1.88,-4.56,-3.24,13.3,43.3,,1,6,,STRONG_BEARISH,SELL
DABUR,Dabur India Limited,SMALL_CAP,478.6,-1.91,-8.74,-5.1,13.3,31.0,,0,6,,BULLISH,SELL
PTC,PTC,MICRO_CAP,158.13,-0.3,-3.56,-12.49,13.3,14.8,,0,10,,BULLISH,SELL
PARADEEP,PARADEEP,MICRO_CAP,105.36,-4.19,-11.86,-15.77,13.3,26.9,,1,6,,STRONG_BEARISH,SELL
HDFCSML250,HDFCSML250,MICRO_CAP,155.49,-0.2,-3.8,-2.92,13.3,33.9,,0,8,,STRONG_BEARISH,SELL
PARAGMILK,PARAGMILK,MICRO_CAP,198.69,0.87,-4.36,-17.88,13.3,33.1,,0,9,,STRONG_BEARISH,SELL
PHOENIXLTD,PHOENIXLTD,SMALL_CAP,1603.9,-1.82,-6.53,-6.15,13.3,28.5,,0,10,,BULLISH,SELL
TARSONS,TARSONS,MICRO_CAP,189.56,-5.84,-1.59,-8.13,13.3,42.0,,0,10,,STRONG_BEARISH,SELL
TCS,Tata Consultancy Services Limited,LARGE_CAP,2557.6,-0.82,-3.4,-14.5,13.3,30.7,,0,8,,STRONG_BEARISH,SELL
TATAINVEST,TATAINVEST,SMALL_CAP,641.55,-2.51,-2.04,3.04,13.3,52.7,,1,6,,STRONG_BEARISH,SELL
GMMPFAUDLR,GMMPFAUDLR,MICRO_CAP,873.4,-1.18,-9.43,-12.89,13.3,15.6,,1,6,,STRONG_BEARISH,SELL
ADSL,ADSL,MICRO_CAP,106.93,-0.36,-11.61,-16.79,13.3,35.5,,0,8,,STRONG_BEARISH,SELL
BORORENEW,BORORENEW,MICRO_CAP,435.4,-1.26,-6.42,-14.44,13.3,20.0,,1,8,,STRONG_BEARISH,SELL
MARKSANS,MARKSANS,MICRO_CAP,171.05,-1.59,-3.26,-4.73,13.3,32.9,,0,10,,STRONG_BEARISH,SELL
SPARC,SPARC,MICRO_CAP,123.96,-0.1,-3.48,-11.61,12.7,30.3,,0,12,,STRONG_BEARISH,SELL
SUNTECK,SUNTECK,MICRO_CAP,375.65,0.31,-9.69,-8.23,12.7,36.6,,1,6,,STRONG_BEARISH,SELL
SUMICHEM,SUMICHEM,MICRO_CAP,395.25,-0.52,-2.32,-5.89,12.7,37.9,,0,12,,STRONG_BEARISH,SELL
HCLTECH,HCL Technologies Limited,LARGE_CAP,1356.7,0.19,-1.22,-15.73,12.7,31.6,,0,8,,STRONG_BEARISH,SELL
GUJGASLTD,GUJGASLTD,SMALL_CAP,395.65,-0.38,-3.61,-6.1,12.7,33.2,,0,12,,STRONG_BEARISH,SELL
GROWW,GROWW,MICRO_CAP,152.97,-2.15,-7.26,-10.07,12.7,18.5,,0,8,,NEUTRAL,SELL
BSOFT,BSOFT,SMALL_CAP,371.2,-1.94,-3.27,-19.4,12.7,35.5,,0,8,,STRONG_BEARISH,SELL
NIFTYETF,NIFTYETF,MICRO_CAP,264.4,-1.14,-4.06,-4.65,12.7,31.1,,1,8,,STRONG_BEARISH,SELL
SRF,SRF,MID_CAP,2622.7,2.33,0.21,-9.76,12.7,28.9,,0,10,,STRONG_BEARISH,SELL
KIRIINDUS,KIRIINDUS,MICRO_CAP,410.1,-2.12,-10.09,-17.81,12.7,16.1,,0,6,,STRONG_BEARISH,SELL
ASKAUTOLTD,ASKAUTOLTD,MICRO_CAP,391.85,0.67,-7.65,-15.06,12.7,24.1,,0,6,,STRONG_BEARISH,SELL
ZENSARTECH,ZENSARTECH,SMALL_CAP,559.1,1.91,0.89,-12.8,12.7,40.1,,0,8,,STRONG_BEARISH,SELL
YATHARTH,YATHARTH,MICRO_CAP,647.35,-0.87,-7.21,-0.01,12.7,37.4,,1,2,,STRONG_BULLISH,SELL
DAMCAPITAL,DAMCAPITAL,MICRO_CAP,136.43,-4.02,-10.34,-19.85,12.7,22.3,,0,6,,STRONG_BEARISH,SELL
ASIANPAINT,ASIANPAINT,LARGE_CAP,2279.5,-0.36,-4.82,-6.27,12.7,35.4,,0,4,,STRONG_BEARISH,SELL
CONSUMBEES,CONSUMBEES,MICRO_CAP,124.53,-0.99,-4.42,-4.36,12.7,29.1,,0,8,,STRONG_BEARISH,SELL
POLYMED,POLYMED,SMALL_CAP,1356.1,-0.29,7.74,-9.74,12.7,59.0,,0,6,,STRONG_BEARISH,SELL
GODFRYPHLP,Godfrey Phillips India Limited,LARGE_CAP,2052.9,0.98,-1.73,3.58,12.7,48.8,,0,9,,STRONG_BEARISH,SELL
CEATLTD,CEATLTD,SMALL_CAP,3457.8,1.33,-6.62,-10.84,12.7,23.2,,0,8,,STRONG_BEARISH,SELL
PCBL,PCBL,MICRO_CAP,280.7,-1.14,-6.59,-0.35,12.7,37.9,,1,8,,STRONG_BEARISH,SELL
POONAWALLA,POONAWALLA,MICRO_CAP,423.5,-2.33,-8.77,3.28,12.7,33.8,,0,6,,BULLISH,SELL
EIEL,EIEL,MICRO_CAP,140.98,-2.31,-11.93,-21.53,12.7,20.6,,0,6,,STRONG_BEARISH,SELL
ATGL,ATGL,MICRO_CAP,482.65,-0.17,-6.48,-11.51,12.7,28.1,,1,10,,STRONG_BEARISH,SELL
GIPCL,GIPCL,MICRO_CAP,135.59,-1.19,-6.03,-6.98,12.7,39.5,,0,12,,STRONG_BEARISH,SELL
NIACL,NIACL,MICRO_CAP,138.62,-0.69,-6.95,-6.3,12.7,26.2,,0,6,,STRONG_BEARISH,SELL
HDFCAMC,HDFCAMC,LARGE_CAP,2503.8,-2.16,-9.08,-9.36,12.7,24.3,,0,8,,STRONG_BEARISH,SELL
IXIGO,IXIGO,MICRO_CAP,170.15,0.22,-0.17,-17.98,12.7,30.1,,0,9,,STRONG_BEARISH,SELL
MUTHOOTMF,MUTHOOTMF,MICRO_CAP,158.8,0.32,-9.51,-11.03,12.0,16.3,,0,8,,BULLISH,SELL
ABREL,ABREL,MICRO_CAP,1232.9,-0.04,-4.52,-5.42,12.0,17.2,,0,10,,STRONG_BEARISH,SELL
SETFNIF50,SETFNIF50,SMALL_CAP,262.15,-1.2,-3.9,-4.48,12.0,30.5,,0,8,,STRONG_BEARISH,SELL
GRAVITA,GRAVITA,MICRO_CAP,1539.1,0.15,-5.43,-7.68,12.0,29.4,,0,10,,STRONG_BEARISH,SELL
UPL,UPL,MID_CAP,628.35,-0.2,-1.89,-15.96,12.0,29.8,,0,8,,BULLISH,SELL
WELSPUNLIV,WELSPUNLIV,MICRO_CAP,120.36,0.05,-4.81,-15.24,12.0,14.8,,0,8,,BULLISH,SELL
TBOTEK,TBOTEK,MICRO_CAP,1183.4,2.48,-5.81,-18.88,12.0,9.9,,1,6,,STRONG_BEARISH,SELL
KALYANKJIL,KALYANKJIL,SMALL_CAP,395.55,-1.06,-2.84,5.16,12.0,34.5,,1,10,,STRONG_BEARISH,SELL
LOTUSDEV,LOTUSDEV,MICRO_CAP,121.19,-4.26,-15.48,-17.32,12.0,26.2,,1,4,,STRONG_BEARISH,SELL
BLUEJET,BLUEJET,MICRO_CAP,385.3,-0.61,-3.22,-5.26,12.0,46.6,,0,8,,STRONG_BEARISH,SELL
INDIACEM,INDIACEM,MICRO_CAP,382.0,-2.92,-10.12,-15.51,12.0,16.5,,0,8,,BULLISH,SELL
IKS,IKS,SMALL_CAP,1329.2,1.78,-6.24,-21.98,12.0,14.2,,0,8,,BULLISH,SELL
UTTAMSUGAR,UTTAMSUGAR,MICRO_CAP,195.12,-3.09,-0.95,-9.68,12.0,34.5,,1,10,,STRONG_BEARISH,SELL
GNFC,GNFC,MICRO_CAP,431.3,-0.42,-5.68,-7.41,12.0,23.1,,0,10,,STRONG_BEARISH,SELL
PRICOLLTD,PRICOLLTD,MICRO_CAP,565.8,0.61,-8.4,-3.24,12.0,27.5,,1,4,,BULLISH,SELL
PRECAM,PRECAM,MICRO_CAP,127.89,-3.65,-7.73,-15.22,12.0,19.8,,0,10,,STRONG_BEARISH,SELL
SHRINGARMS,SHRINGARMS,MICRO_CAP,211.37,-2.71,-13.92,-5.46,12.0,38.0,,0,4,,BULLISH,SELL
SANDUMA,SANDUMA,MICRO_CAP,200.89,-0.29,-8.63,-5.66,12.0,45.9,,0,4,,STRONG_BEARISH,SELL
JUBLINGREA,JUBLINGREA,MICRO_CAP,567.0,0.34,-4.45,-9.43,12.0,18.7,,0,10,,STRONG_BEARISH,SELL
LICI,LICI,MID_CAP,822.3,-1.28,-5.58,-2.08,12.0,33.4,,0,8,,STRONG_BEARISH,SELL
SYRMA,SYRMA,SMALL_CAP,761.55,-0.7,-8.63,-11.51,11.3,23.5,,1,4,,BULLISH,SELL
LTTS,LTTS,SMALL_CAP,3187.4,-3.34,-3.92,-16.32,11.3,36.0,,0,10,,STRONG_BEARISH,SELL
DYCL,DYCL,MICRO_CAP,280.2,-1.51,-2.18,-6.86,11.3,35.7,,0,10,,STRONG_BEARISH,SELL
EPACK,EPACK,MICRO_CAP,238.16,-1.11,-5.2,-2.99,11.3,39.1,,0,10,,STRONG_BEARISH,SELL
ARE&M,ARE&M,MICRO_CAP,807.75,0.34,-5.38,-7.73,11.3,35.2,,0,10,,STRONG_BEARISH,SELL
BAJFINANCE,Bajaj Finance Limited,MID_CAP,950.2,-1.27,-6.19,-1.51,11.3,26.6,,0,6,,STRONG_BEARISH,SELL
BECTORFOOD,BECTORFOOD,MICRO_CAP,195.59,0.15,-7.72,-11.87,11.3,29.8,,0,9,,STRONG_BEARISH,SELL
WAAREEENER,WAAREEENER,LARGE_CAP,2628.3,-0.68,-3.29,-14.43,11.3,22.5,,0,8,,BULLISH,SELL
OBEROIRLTY,OBEROIRLTY,MID_CAP,1474.6,-0.51,-4.52,-4.8,11.3,36.4,,0,10,,STRONG_BEARISH,SELL
JINDALSAW,JINDALSAW,MICRO_CAP,166.74,-1.22,-11.32,-9.87,11.3,31.1,,1,6,,STRONG_BEARISH,SELL
INDIGOPNTS,INDIGOPNTS,MICRO_CAP,873.5,-2.98,-7.81,-13.64,11.3,14.9,,1,8,,STRONG_BEARISH,SELL
MINDACORP,MINDACORP,MICRO_CAP,520.95,-1.4,-9.0,-12.49,11.3,16.6,,0,8,,BULLISH,SELL
NUVAMA,NUVAMA,SMALL_CAP,1225.1,-1.05,-4.36,-11.2,11.3,35.3,,0,10,,STRONG_BEARISH,SELL
GSFC,GSFC,MICRO_CAP,157.34,0.06,-8.17,-11.7,11.3,10.3,,1,8,,STRONG_BEARISH,SELL
EKC,EKC,MICRO_CAP,104.71,-0.75,-7.83,-7.77,11.3,15.8,,0,6,,STRONG_BEARISH,SELL
GARUDA,Garuda Construction Limited,MICRO_CAP,164.61,-0.84,-8.1,-3.69,11.3,12.7,,0,8,,BULLISH,SELL
BLS,BLS,SMALL_CAP,255.85,-1.1,-8.38,-14.75,10.7,42.5,,0,6,,STRONG_BEARISH,SELL
STYLEBAAZA,STYLEBAAZA,MICRO_CAP,281.6,-3.43,-7.66,-9.45,10.7,15.6,,1,6,,BULLISH,SELL
MOTILALOFS,MOTILALOFS,SMALL_CAP,715.95,-1.36,-2.07,-7.15,10.7,19.3,,0,10,,STRONG_BEARISH,SELL
HAVELLS,HAVELLS,MID_CAP,1349.2,-0.24,-4.56,-0.07,10.7,38.8,,0,6,,STRONG_BEARISH,SELL
LLOYDSME,LLOYDSME,SMALL_CAP,1184.0,-1.79,-6.36,-6.48,10.7,49.3,,0,6,,STRONG_BEARISH,SELL
SWIGGY,SWIGGY,SMALL_CAP,301.5,1.04,-1.81,-6.21,10.7,26.3,,0,13,,STRONG_BEARISH,SELL
TATAELXSI,TATAELXSI,LARGE_CAP,4330.2,-1.59,-3.93,-19.9,10.7,24.9,,0,8,,STRONG_BEARISH,SELL
ATULAUTO,ATULAUTO,MICRO_CAP,445.2,-1.68,-11.46,3.14,10.7,33.8,,0,6,,STRONG_BEARISH,SELL
NORTHARC,NORTHARC,MICRO_CAP,239.95,-0.29,-5.53,-6.47,10.7,37.4,,0,6,,STRONG_BEARISH,SELL
NCC,NCC,MICRO_CAP,141.02,-1.38,-8.1,-7.28,10.7,29.6,,0,8,,STRONG_BEARISH,SELL
GKENERGY,GKENERGY,MICRO_CAP,103.3,-0.68,-9.11,-1.98,10.7,41.7,,0,6,,BEARISH,SELL
CIPLA,CIPLA,MID_CAP,1321.2,-0.39,-2.72,-0.91,10.7,47.3,,0,6,,STRONG_BEARISH,SELL
CARTRADE,CARTRADE,MID_CAP,1769.9,-0.47,-5.16,-23.11,10.7,37.3,,0,6,,STRONG_BEARISH,SELL
CELLO,CELLO,MICRO_CAP,406.6,-3.23,-2.83,-19.73,10.7,11.2,,0,8,,STRONG_BEARISH,SELL
CYIENTDLM,CYIENTDLM,MICRO_CAP,295.7,-1.3,-5.39,-17.37,10.7,10.3,,0,8,,STRONG_BEARISH,SELL
SAKSOFT,SAKSOFT,MICRO_CAP,136.05,1.97,-6.1,-18.27,10.7,22.2,,0,8,,STRONG_BEARISH,SELL
PRESTIGE,PRESTIGE,MID_CAP,1335.5,-2.92,-6.51,-12.53,10.7,16.9,,0,10,,STRONG_BEARISH,SELL
POCL,POCL,MICRO_CAP,1074.4,-0.54,-7.74,-14.02,10.7,25.7,,0,10,,STRONG_BEARISH,SELL
EPACKPEB,EPACKPEB,MICRO_CAP,161.34,-2.65,-10.44,-22.79,10.7,27.0,,0,8,,BEARISH,SELL
PIDILITIND,PIDILITIND,MID_CAP,1433.8,-0.84,-5.48,-2.44,10.7,38.4,,0,6,,STRONG_BEARISH,SELL
PAYTM,PAYTM,LARGE_CAP,1038.3,-1.39,-7.53,-14.31,10.7,36.0,,0,6,,STRONG_BEARISH,SELL
FEDFINA,FEDFINA,MICRO_CAP,126.68,-2.01,-6.18,-10.93,10.7,24.7,,0,10,,STRONG_BEARISH,SELL
TRENT,TRENT,LARGE_CAP,3722.8,-1.8,-3.45,-9.89,10.7,15.2,,0,10,,STRONG_BEARISH,SELL
TRITURBINE,TRITURBINE,MICRO_CAP,471.9,-0.2,-4.84,-5.55,10.7,38.4,,0,4,,STRONG_BEARISH,SELL
EMMVEE,EMMVEE,MICRO_CAP,193.13,-0.37,0.3,-4.66,10.7,36.8,,0,6,,NEUTRAL,SELL
GICRE,GICRE,MICRO_CAP,363.55,-0.8,-6.52,-2.56,10.7,30.6,,0,6,,STRONG_BEARISH,SELL
REDINGTON,REDINGTON,SMALL_CAP,246.15,-1.08,0.65,-7.9,10.7,42.3,,0,6,,STRONG_BEARISH,SELL
RATEGAIN,RATEGAIN,MICRO_CAP,479.85,0.15,-6.4,-20.74,10.7,32.9,,0,6,,STRONG_BEARISH,SELL
KPIGREEN,KPIGREEN,SMALL_CAP,350.05,-0.45,-8.59,-13.62,10.7,17.6,,0,8,,STRONG_BEARISH,SELL
VINCOFE,VINCOFE,MICRO_CAP,135.13,-2.26,-9.78,-8.41,10.7,35.2,,0,6,,STRONG_BEARISH,SELL
KHADIM,KHADIM,MICRO_CAP,104.47,-6.14,-15.44,-36.79,10.0,1.4,,1,6,,STRONG_BEARISH,SELL
EIDPARRY,EIDPARRY,MICRO_CAP,824.0,-1.2,-6.02,-7.53,10.0,21.8,,0,12,,STRONG_BEARISH,SELL
CROMPTON,CROMPTON,SMALL_CAP,248.0,-0.84,-5.52,0.56,10.0,28.3,,1,8,,STRONG_BEARISH,SELL
PREMIERENE,PREMIERENE,MID_CAP,723.65,0.49,-0.22,-8.06,10.0,37.9,,0,8,,STRONG_BEARISH,SELL
SKIPPER,SKIPPER,MICRO_CAP,346.1,-0.73,-6.17,-11.05,10.0,34.5,,0,8,,STRONG_BEARISH,SELL
BIRLACORPN,BIRLACORPN,MICRO_CAP,864.4,-1.9,-12.59,-20.01,10.0,12.8,,1,6,,STRONG_BEARISH,SELL
NOCIL,NOCIL,MICRO_CAP,135.65,0.22,-8.85,-4.43,10.0,25.6,,0,4,,STRONG_BEARISH,SELL
PARKHOTELS,PARKHOTELS,MICRO_CAP,118.48,-0.19,-3.28,-5.25,10.0,35.5,,0,8,,STRONG_BEARISH,SELL
PNBHOUSING,PNBHOUSING,SMALL_CAP,772.95,-2.24,-8.82,-8.68,10.0,32.5,,0,8,,STRONG_BEARISH,SELL
PATANJALI,PATANJALI,SMALL_CAP,500.55,0.15,-3.17,-2.9,10.0,32.8,,0,8,,STRONG_BEARISH,SELL
CHALET,CHALET,MICRO_CAP,763.85,-1.01,-7.4,-10.31,10.0,19.5,,1,6,,STRONG_BEARISH,SELL
CMSINFO,CMSINFO,MICRO_CAP,300.85,-0.03,-0.15,-7.39,10.0,23.1,,0,12,,STRONG_BEARISH,SELL
TECHM,Tech Mahindra Limited,LARGE_CAP,1331.7,-0.12,-2.21,-19.1,10.0,12.4,,0,8,,STRONG_BEARISH,SELL
CAMS,CAMS,MID_CAP,648.85,-0.54,-8.43,-11.29,10.0,27.9,,1,6,,STRONG_BEARISH,SELL
KFINTECH,KFINTECH,SMALL_CAP,912.75,-1.63,-6.58,-8.03,10.0,38.6,,0,8,,STRONG_BEARISH,SELL
PRAKASH,PRAKASH,MICRO_CAP,124.28,-1.49,-8.44,-4.43,9.3,35.5,,0,4,,STRONG_BEARISH,SELL
CREDITACC,Credit Access Grameen Limited,SMALL_CAP,1202.8,-0.66,-10.16,-6.82,9.3,38.7,,0,4,,STRONG_BEARISH,SELL
PROSTARM,PROSTARM,MICRO_CAP,130.3,-1.81,-13.16,-19.78,9.3,8.7,,0,6,,STRONG_BEARISH,SELL
EMSLIMITED,EMSLIMITED,MICRO_CAP,270.5,-1.85,-8.1,-28.58,9.3,25.7,,0,6,,STRONG_BEARISH,SELL
SENCO,SENCO,MICRO_CAP,301.8,0.45,-4.51,-3.61,9.3,19.4,,0,8,,STRONG_BEARISH,SELL
VIMTALABS,VIMTALABS,MICRO_CAP,432.5,-1.48,-6.55,0.6,9.3,34.5,,1,6,,STRONG_BEARISH,SELL
RELIGARE,RELIGARE,SMALL_CAP,207.51,1.41,-0.99,-18.06,9.3,17.7,,0,8,,STRONG_BEARISH,SELL
REDTAPE,REDTAPE,MICRO_CAP,118.51,-0.88,-2.95,-4.93,9.3,24.5,,0,8,,STRONG_BEARISH,SELL
TMPV,TMPV,SMALL_CAP,350.75,-1.24,-10.42,-6.25,9.3,32.7,,0,4,,NEUTRAL,SELL
UNOMINDA,UNOMINDA,SMALL_CAP,1121.3,0.27,-8.88,-8.9,9.3,25.1,,0,8,,STRONG_BEARISH,SELL
VIKRAMSOLR,VIKRAMSOLR,MICRO_CAP,174.14,1.9,5.07,-17.71,9.3,20.1,,0,11,,STRONG_BEARISH,SELL
HUDCO,HUDCO,MICRO_CAP,176.29,-1.11,-7.28,-9.47,9.3,21.6,,0,6,,STRONG_BEARISH,SELL
HOMEFIRST,HOMEFIRST,MID_CAP,1046.9,0.38,-11.05,-9.86,9.3,32.2,,0,4,,STRONG_BEARISH,SELL
GOCOLORS,GOCOLORS,MICRO_CAP,295.65,-3.0,-8.76,-23.84,9.3,25.0,,0,6,,STRONG_BEARISH,SELL
MOSCHIP,MOSCHIP,MICRO_CAP,171.44,-2.13,-12.3,-14.97,9.3,36.5,,0,4,,STRONG_BEARISH,SELL
NEWGEN,NEWGEN,SMALL_CAP,465.5,-0.48,-10.12,-14.74,9.3,48.1,,0,4,,STRONG_BEARISH,SELL
ETERNAL,ETERNAL,SMALL_CAP,232.57,-3.15,-5.65,-18.92,9.3,2.5,,0,8,,STRONG_BEARISH,SELL
HPL,HPL,MICRO_CAP,317.35,0.95,-9.04,-1.41,9.3,32.2,,1,6,,STRONG_BEARISH,SELL
MOBIKWIK,MOBIKWIK,MICRO_CAP,182.47,1.51,-8.92,-19.77,9.3,21.5,,0,11,,STRONG_BEARISH,SELL
MANAPPURAM,MANAPPURAM,SMALL_CAP,262.75,-1.7,-10.34,-10.86,9.3,16.4,,0,4,,BULLISH,SELL
CAMLINFINE,CAMLINFINE,MICRO_CAP,137.5,-1.13,-1.33,-19.94,9.3,19.8,,0,8,,STRONG_BEARISH,SELL
JSLL,JSLL,MICRO_CAP,605.0,-1.14,-4.9,-14.66,8.7,21.4,,0,10,,STRONG_BEARISH,SELL
AFCONS,AFCONS,MICRO_CAP,283.05,-0.6,-4.73,-16.37,8.7,9.1,,0,10,,STRONG_BEARISH,SELL
TBZ,TBZ,MICRO_CAP,138.18,-1.81,-6.47,-12.09,8.7,15.8,,0,10,,STRONG_BEARISH,SELL
AWL,AWL,MICRO_CAP,177.24,-0.89,-6.43,-17.48,8.7,8.5,,0,10,,STRONG_BEARISH,SELL
AEGISLOG,AEGISLOG,SMALL_CAP,664.1,0.07,-4.96,-3.34,8.7,39.6,,0,6,,STRONG_BEARISH,SELL
JUBLFOOD,JUBLFOOD,SMALL_CAP,492.0,-1.7,-4.68,-9.74,8.7,23.5,,0,10,,STRONG_BEARISH,SELL
EXIDEIND,EXIDEIND,SMALL_CAP,315.95,-1.16,-7.03,-6.19,8.7,32.7,,0,6,,STRONG_BEARISH,SELL
QUESS,QUESS,MICRO_CAP,189.77,-0.89,-2.29,-13.37,8.7,26.7,,0,10,,STRONG_BEARISH,SELL
DIXON,DIXON,LARGE_CAP,10029.0,-1.91,-0.86,-11.84,8.7,27.3,,0,10,,STRONG_BEARISH,SELL
OSWALPUMPS,OSWALPUMPS,MICRO_CAP,302.1,-0.77,-5.98,-20.82,8.7,33.5,,0,6,,STRONG_BEARISH,SELL
STANLEY,STANLEY,MICRO_CAP,150.6,-2.76,-7.52,-16.12,8.7,31.0,,0,6,,STRONG_BEARISH,SELL
STALLION,STALLION,MICRO_CAP,107.18,-5.0,-12.13,-41.92,8.7,14.5,,0,6,,BEARISH,SELL
SBICARD,SBICARD,MID_CAP,724.05,-0.89,-6.62,-3.42,8.7,36.7,,0,6,,STRONG_BEARISH,SELL
RHIM,RHIM,MICRO_CAP,395.55,-0.33,-10.03,-10.04,8.7,35.7,,0,6,,STRONG_BEARISH,SELL
GANESHCP,GANESHCP,MICRO_CAP,169.43,-4.51,-2.07,-15.75,8.7,35.5,,0,6,,BEARISH,SELL
REFEX,REFEX,MICRO_CAP,218.39,1.75,-3.5,-6.16,8.7,39.9,,0,6,,STRONG_BEARISH,SELL
RGL,RGL,MICRO_CAP,105.93,-1.96,-27.35,-10.37,8.7,44.4,,0,0,,STRONG_BEARISH,SELL
VMM,VMM,MICRO_CAP,111.85,-2.66,-12.3,-9.1,8.7,37.2,,0,6,,STRONG_BEARISH,SELL
ARSSBL,ARSSBL,MICRO_CAP,486.65,-1.32,-3.53,-15.85,8.7,15.7,,0,10,,BEARISH,SELL
LEMONTREE,LEMONTREE,MICRO_CAP,110.49,-1.56,-5.35,-14.59,8.7,17.9,,0,10,,STRONG_BEARISH,SELL
WIPRO,Wipro Limited,MICRO_CAP,195.4,-0.14,-2.82,-16.28,8.7,15.9,,0,10,,STRONG_BEARISH,SELL
THYROCARE,THYROCARE,MICRO_CAP,369.85,-1.28,-7.31,-7.58,8.7,32.7,,0,6,,STRONG_BEARISH,SELL
SWANCORP,SWANCORP,MICRO_CAP,358.1,-0.78,-4.11,-15.86,8.7,24.9,,0,10,,STRONG_BEARISH,SELL
PACEDIGITK,PACEDIGITK,MICRO_CAP,161.38,-0.84,-9.4,-15.24,8.7,30.8,,0,6,,BEARISH,SELL
BERGEPAINT,BERGEPAINT,MICRO_CAP,440.3,1.26,-4.13,-6.78,8.7,32.1,,0,6,,STRONG_BEARISH,SELL
HAPPSTMNDS,HAPPSTMNDS,MICRO_CAP,337.5,-0.91,-6.87,-14.25,8.7,29.2,,0,10,,STRONG_BEARISH,SELL
ICIL,ICIL,MICRO_CAP,261.1,0.33,-3.84,-15.03,8.0,28.8,,0,6,,STRONG_BEARISH,SELL
STARCEMENT,STARCEMENT,MICRO_CAP,203.96,0.03,-5.73,-8.35,8.0,29.9,,0,9,,STRONG_BEARISH,SELL
HIKAL,HIKAL,MICRO_CAP,181.59,-1.35,-9.89,-4.87,8.0,10.2,,1,8,,STRONG_BEARISH,SELL
CAPACITE,CAPACITE,MICRO_CAP,225.36,-0.09,-9.15,-4.88,8.0,26.4,,0,6,,STRONG_BEARISH,SELL
ROLEXRINGS,ROLEXRINGS,MICRO_CAP,121.87,-2.66,-11.12,-3.11,8.0,26.3,,0,6,,STRONG_BEARISH,SELL
LATENTVIEW,LATENTVIEW,MICRO_CAP,304.85,-2.45,-8.63,-28.79,8.0,11.1,,0,6,,STRONG_BEARISH,SELL
BALUFORGE,BALUFORGE,MICRO_CAP,458.55,-0.65,-6.3,2.72,8.0,38.3,,1,4,,STRONG_BEARISH,SELL
KPRMILL,KPRMILL,MICRO_CAP,840.45,0.34,-8.11,-14.89,8.0,22.9,,0,6,,STRONG_BEARISH,SELL
GOLDIAM,GOLDIAM,MICRO_CAP,323.05,-2.12,-8.47,-8.99,8.0,7.9,,0,6,,STRONG_BEARISH,SELL
ANANTRAJ,ANANTRAJ,SMALL_CAP,489.15,-0.54,-8.72,-10.67,8.0,28.3,,0,6,,STRONG_BEARISH,SELL
SURYAROSNI,SURYAROSNI,MICRO_CAP,209.8,-1.6,-6.23,-18.02,7.3,21.3,,0,8,,STRONG_BEARISH,SELL
63MOONS,63MOONS,MICRO_CAP,574.3,-2.44,-5.05,-10.8,7.3,25.2,,0,8,,STRONG_BEARISH,SELL
URBANCO,URBANCO,MICRO_CAP,106.08,-1.87,-1.84,-13.85,7.3,25.6,,0,8,,STRONG_BEARISH,SELL
AMBUJACEM,Ambuja Cements Limited,SMALL_CAP,466.75,-2.76,-8.86,-12.44,7.3,17.7,,0,8,,STRONG_BEARISH,SELL
DALBHARAT,Dalmia Bharat Limited,SMALL_CAP,1899.8,-1.5,-7.83,-11.78,7.3,18.4,,0,8,,STRONG_BEARISH,SELL
EFCIL,EFCIL,MICRO_CAP,233.75,-0.95,3.73,-12.54,7.3,28.1,,0,8,,STRONG_BEARISH,SELL
KSCL,KSCL,MICRO_CAP,750.2,2.64,-5.99,-16.03,7.3,23.3,,0,8,,STRONG_BEARISH,SELL
WAAREERTL,WAAREERTL,MICRO_CAP,816.25,0.14,-3.04,-9.14,7.3,23.3,,0,8,,STRONG_BEARISH,SELL
BATAINDIA,BATAINDIA,MICRO_CAP,743.75,0.07,-6.41,-12.66,7.3,14.3,,0,8,,STRONG_BEARISH,SELL
SYMPHONY,SYMPHONY,MICRO_CAP,754.85,-0.63,-9.71,-19.51,7.3,15.1,,0,8,,STRONG_BEARISH,SELL
MPHASIS,MPHASIS,MID_CAP,2214.8,-0.75,-2.07,-16.38,7.3,21.5,,0,8,,STRONG_BEARISH,SELL
PENIND,PENIND,MICRO_CAP,141.03,-0.91,-5.93,-19.95,7.3,17.4,,0,8,,STRONG_BEARISH,SELL
CDSL,CDSL,LARGE_CAP,1224.1,-1.25,-5.53,-10.21,7.3,29.6,,0,8,,STRONG_BEARISH,SELL
NAUKRI,NAUKRI,MID_CAP,980.1,-3.47,-6.75,-15.94,7.3,20.2,,0,8,,STRONG_BEARISH,SELL
ROUTE,ROUTE,MICRO_CAP,478.45,-0.19,-4.73,-17.54,7.3,21.9,,0,8,,STRONG_BEARISH,SELL
CYIENT,CYIENT,MICRO_CAP,884.85,-0.11,-4.02,-19.71,7.3,18.7,,0,8,,STRONG_BEARISH,SELL
PPLPHARMA,PPLPHARMA,MICRO_CAP,151.87,-0.93,-6.5,-4.24,7.3,25.8,,0,8,,STRONG_BEARISH,SELL
FIRSTCRY,FIRSTCRY,MICRO_CAP,214.72,-0.25,-2.6,-19.2,7.3,20.3,,0,8,,STRONG_BEARISH,SELL
JUNIPER,JUNIPER,MICRO_CAP,210.1,2.51,-1.93,-13.24,7.3,18.2,,0,8,,STRONG_BEARISH,SELL
INDOFARM,INDOFARM,MICRO_CAP,127.83,-2.63,-7.48,-17.44,7.3,36.4,,0,4,,STRONG_BEARISH,SELL
JMFINANCIL,JMFINANCIL,MICRO_CAP,121.74,-2.8,-8.31,-2.53,7.3,29.3,,0,8,,STRONG_BEARISH,SELL
YATRA,YATRA,MICRO_CAP,108.92,-1.58,-8.93,-24.35,6.7,20.3,,0,4,,STRONG_BEARISH,SELL
ADVANCE,ADVANCE,MICRO_CAP,110.06,0.74,-12.54,-15.88,6.7,19.9,,0,4,,NEUTRAL,SELL
BLSE,BLSE,MICRO_CAP,131.47,-2.81,-15.63,-24.63,6.7,18.7,,0,4,,STRONG_BEARISH,SELL
AIIL,AIIL,MICRO_CAP,432.15,-1.32,-11.8,-13.47,6.7,26.7,,0,2,,STRONG_BEARISH,SELL
CHEMPLASTS,CHEMPLASTS,MICRO_CAP,219.84,-0.35,-13.96,-15.85,6.7,2.5,,0,4,,STRONG_BEARISH,SELL
KITEX,KITEX,MICRO_CAP,169.36,-1.75,-8.19,-18.17,6.7,29.7,,0,4,,STRONG_BEARISH,SELL
GOKEX,GOKEX,SMALL_CAP,610.15,-2.4,-10.26,-24.86,6.7,10.0,,0,4,,STRONG_BEARISH,SELL
SHAKTIPUMP,SHAKTIPUMP,SMALL_CAP,493.85,0.51,-6.25,-20.54,6.0,10.5,,0,6,,STRONG_BEARISH,SELL
GREENPLY,GREENPLY,MICRO_CAP,196.88,-1.51,-11.93,-10.56,6.0,23.8,,0,6,,STRONG_BEARISH,SELL
EMUDHRA,EMUDHRA,MICRO_CAP,413.6,1.97,-5.55,-19.18,6.0,23.2,,0,6,,STRONG_BEARISH,SELL
KNRCON,KNRCON,MICRO_CAP,122.74,-0.99,-8.72,-17.51,6.0,23.4,,0,6,,STRONG_BEARISH,SELL
ASHOKA,ASHOKA,MICRO_CAP,120.45,-1.57,-13.16,-21.11,6.0,8.3,,0,6,,STRONG_BEARISH,SELL
ECOSMOBLTY,ECOSMOBLTY,MICRO_CAP,131.25,-1.81,-13.57,-36.23,6.0,11.2,,0,6,,STRONG_BEARISH,SELL
AWFIS,AWFIS,MICRO_CAP,266.1,0.93,-10.51,-28.73,6.0,22.6,,0,6,,STRONG_BEARISH,SELL
FINOPB,FINOPB,MICRO_CAP,179.79,-1.11,-13.68,-22.48,6.0,22.8,,0,6,,STRONG_BEARISH,SELL
HGINFRA,HGINFRA,MICRO_CAP,496.5,-0.77,-11.03,-23.43,6.0,0.0,,0,6,,STRONG_BEARISH,SELL
COFORGE,COFORGE,LARGE_CAP,1162.9,0.88,-3.12,-27.31,6.0,16.5,,0,6,,STRONG_BEARISH,SELL
FIVESTAR,FIVESTAR,MICRO_CAP,406.35,-0.42,-4.07,-9.29,6.0,26.1,,0,6,,STRONG_BEARISH,SELL
FSL,FSL,SMALL_CAP,219.5,-1.62,-0.07,-26.54,6.0,30.0,,0,6,,STRONG_BEARISH,SELL
HERITGFOOD,HERITGFOOD,MICRO_CAP,306.3,-1.18,-5.99,-18.62,6.0,12.5,,0,6,,STRONG_BEARISH,SELL
HEXT,HEXT,MICRO_CAP,459.9,-0.47,-2.72,-28.31,6.0,23.6,,0,6,,STRONG_BEARISH,SELL
LXCHEM,LXCHEM,MICRO_CAP,113.72,-2.64,-13.0,-22.02,6.0,15.2,,0,6,,STRONG_BEARISH,SELL
OLECTRA,OLECTRA,SMALL_CAP,907.9,-2.3,-10.06,-13.07,6.0,25.8,,0,6,,STRONG_BEARISH,SELL
AGI,AGI,MICRO_CAP,500.15,-1.97,-9.95,-15.76,6.0,5.0,,0,6,,STRONG_BEARISH,SELL
VERANDA,VERANDA,MICRO_CAP,163.86,-2.17,-11.49,-17.43,4.7,18.4,,0,4,,STRONG_BEARISH,SELL
JKIL,JKIL,MICRO_CAP,472.05,-1.07,-13.65,-13.46,4.7,9.9,,0,4,,STRONG_BEARISH,SELL
IRCTC,IRCTC,MID_CAP,552.8,-1.63,-7.08,-11.09,4.7,27.7,,0,4,,STRONG_BEARISH,SELL
PINELABS,PINELABS,MICRO_CAP,176.52,1.09,-7.15,-19.54,3.3,28.9,,0,2,,BEARISH,SELL
SYNGENE,SYNGENE,MICRO_CAP,399.7,-0.99,-6.15,-13.01,3.3,25.3,,0,2,,STRONG_BEARISH,SELL
