"SYMBOL","CURRENT_PRICE","MONTHLY_RS","CONSOLIDATION_BREAKOUT","CUP_HANDLE","LONG_TERM_UPTREND","MOMENTUM_BREAKOUT","SUPPORT_BOUNCE","VOLUME_ACCUMULATION","EARNINGS_MOMENTUM","TECHNICAL_SCORE","MARKET_CAP_CATEGORY"
"BHARATGEAR",105.79,23.34,FALSE,FALSE,TRUE,TRUE,FALSE,TRUE,FALSE,78.7,"MICRO_CAP"
"ASTERDM",650.55,10.45,FALSE,FALSE,TRUE,FALSE,FALSE,FALSE,FALSE,76,"SMALL_CAP"
"ASTRAMICRO",1140.8,7.9,FALSE,FALSE,TRUE,FALSE,FALSE,TRUE,FALSE,75.3,"SMALL_CAP"
"CGCL",190.66,13.33,FALSE,FALSE,TRUE,FALSE,FALSE,FALSE,FALSE,74,"MID_CAP"
"CARTRADE",2540.6,69.42,FALSE,FALSE,TRUE,FALSE,FALSE,FALSE,FALSE,73.3,"MID_CAP"
"ANANTRAJ",640.4,15.41,FALSE,FALSE,FALSE,TRUE,FALSE,FALSE,FALSE,72,"LARGE_CAP"
"BORORENEW",570.05,7.17,FALSE,FALSE,FALSE,FALSE,FALSE,FALSE,FALSE,71.3,"MICRO_CAP"
"COMSYN",155.34,15.42,FALSE,FALSE,TRUE,FALSE,FALSE,FALSE,FALSE,71.3,"MICRO_CAP"
"ALKEM",5541.5,16.52,FALSE,FALSE,TRUE,FALSE,FALSE,FALSE,FALSE,70.7,"MID_CAP"
"AVL",573.3,53.93,FALSE,FALSE,TRUE,FALSE,FALSE,TRUE,FALSE,70.7,"MICRO_CAP"
"DBEIL",166.98,16.18,FALSE,FALSE,FALSE,TRUE,TRUE,FALSE,FALSE,70.7,"MICRO_CAP"
"SAMMAANCAP",143.21,-0.13,FALSE,FALSE,TRUE,FALSE,FALSE,FALSE,FALSE,70,"LARGE_CAP"
"GABRIEL",1282.7,107.77,FALSE,FALSE,TRUE,TRUE,FALSE,FALSE,FALSE,68.7,"MID_CAP"
"SUNDARMHLD",607.95,18.68,FALSE,FALSE,TRUE,TRUE,FALSE,FALSE,TRUE,68.7,"SMALL_CAP"
"TANLA",753.7,19.15,FALSE,FALSE,TRUE,TRUE,FALSE,FALSE,FALSE,68,"MID_CAP"
"TBOTEK",1631.2,26.7,FALSE,FALSE,TRUE,FALSE,FALSE,FALSE,FALSE,68,"MID_CAP"
"DCAL",300.45,41.43,FALSE,FALSE,TRUE,TRUE,FALSE,TRUE,FALSE,68,"SMALL_CAP"
"AJMERA",1052.9,16.07,FALSE,FALSE,TRUE,FALSE,FALSE,FALSE,FALSE,68,"MICRO_CAP"
"CYBERTECH",169.51,17.7,FALSE,FALSE,FALSE,TRUE,FALSE,FALSE,FALSE,68,"MICRO_CAP"
"SWIGGY",458.45,14.99,FALSE,FALSE,TRUE,FALSE,FALSE,FALSE,FALSE,67.3,"LARGE_CAP"
"MAHSCOOTER",17780,28.85,FALSE,FALSE,TRUE,FALSE,FALSE,FALSE,FALSE,67.3,"MID_CAP"
"AVANTEL",183.77,19.02,FALSE,FALSE,TRUE,TRUE,FALSE,FALSE,FALSE,67.3,"SMALL_CAP"
"ADANIPOWER",709.4,25.92,FALSE,FALSE,TRUE,TRUE,FALSE,TRUE,FALSE,66.7,"LARGE_CAP"
"MAMATA",499.4,24.84,FALSE,FALSE,FALSE,FALSE,FALSE,FALSE,FALSE,66.7,"MID_CAP"
"KEI",4200,12.87,FALSE,FALSE,TRUE,FALSE,FALSE,FALSE,FALSE,66.7,"SMALL_CAP"
"BLUESTARCO",1963.8,20.82,FALSE,FALSE,FALSE,FALSE,FALSE,FALSE,FALSE,66.7,"SMALL_CAP"
"TDPOWERSYS",553.45,2.81,FALSE,FALSE,TRUE,FALSE,FALSE,TRUE,FALSE,66,"MICRO_CAP"
"ASAHIINDIA",878.6,25.37,FALSE,FALSE,TRUE,FALSE,FALSE,FALSE,FALSE,66,"MICRO_CAP"
"ANANDRATHI",3042,53.39,FALSE,FALSE,TRUE,FALSE,FALSE,FALSE,FALSE,66,"MICRO_CAP"
"NETWEB",3279.4,90.18,FALSE,FALSE,TRUE,TRUE,FALSE,FALSE,FALSE,65.3,"LARGE_CAP"
"CANBK",117.76,6.88,FALSE,TRUE,FALSE,FALSE,FALSE,FALSE,FALSE,65.3,"LARGE_CAP"
"AARTIPHARM",930.2,7.5,FALSE,FALSE,FALSE,FALSE,FALSE,TRUE,FALSE,65.3,"MID_CAP"
"GVT&D",3068.7,35.14,FALSE,FALSE,TRUE,TRUE,FALSE,FALSE,FALSE,65.3,"MID_CAP"
"VARROC",633,10.25,FALSE,FALSE,TRUE,FALSE,FALSE,FALSE,FALSE,65.3,"MICRO_CAP"
"SUDARSCHEM",1474.4,25.2,FALSE,FALSE,TRUE,FALSE,FALSE,FALSE,FALSE,65.3,"MICRO_CAP"
"CHALET",1029.9,14.13,FALSE,FALSE,TRUE,FALSE,FALSE,FALSE,FALSE,65.3,"MICRO_CAP"
"KAYNES",7151.5,27.36,FALSE,FALSE,TRUE,FALSE,FALSE,FALSE,FALSE,64.7,"LARGE_CAP"
"CGPOWER",779.4,17.71,FALSE,FALSE,TRUE,FALSE,FALSE,FALSE,FALSE,64.7,"MID_CAP"
"CUPID",214.59,121.51,FALSE,FALSE,TRUE,FALSE,FALSE,FALSE,FALSE,64.7,"MICRO_CAP"
"SAILIFE",913.65,25.11,FALSE,FALSE,TRUE,TRUE,FALSE,TRUE,FALSE,64,"MID_CAP"
"AARTIDRUGS",525.35,20.49,FALSE,FALSE,FALSE,FALSE,FALSE,FALSE,FALSE,64,"MICRO_CAP"
"SPMLINFRA",282.35,14.8,FALSE,FALSE,FALSE,FALSE,FALSE,FALSE,FALSE,64,"MICRO_CAP"
"VIMTALABS",825.05,93.76,FALSE,FALSE,FALSE,FALSE,FALSE,FALSE,FALSE,63.3,"MID_CAP"
"LAURUSLABS",932.1,42.24,FALSE,FALSE,TRUE,FALSE,FALSE,FALSE,FALSE,63.3,"MID_CAP"
"POLYCAB",7549,19.07,FALSE,FALSE,TRUE,FALSE,FALSE,FALSE,FALSE,63.3,"MID_CAP"
"NAVA",717.3,24.19,FALSE,FALSE,TRUE,FALSE,FALSE,TRUE,FALSE,63.3,"MICRO_CAP"
"AGIIL",1176.4,20.19,FALSE,FALSE,TRUE,FALSE,FALSE,FALSE,FALSE,63.3,"MICRO_CAP"
"ASHAPURMIN",620,51.39,FALSE,FALSE,TRUE,FALSE,FALSE,FALSE,FALSE,63.3,"MICRO_CAP"
"BAJEL",224.57,37.16,FALSE,FALSE,FALSE,FALSE,FALSE,TRUE,FALSE,63.3,"MICRO_CAP"
"BANCOINDIA",835.6,48.14,FALSE,FALSE,TRUE,TRUE,FALSE,FALSE,FALSE,62.7,"MID_CAP"
"VMM",152.35,17.18,FALSE,FALSE,TRUE,FALSE,FALSE,TRUE,FALSE,62.7,"MID_CAP"
"FORTIS",953.95,23.57,FALSE,FALSE,TRUE,FALSE,FALSE,FALSE,FALSE,62.7,"MID_CAP"
"LALPATHLAB",3473.5,30.07,FALSE,FALSE,TRUE,TRUE,FALSE,FALSE,FALSE,62.7,"SMALL_CAP"
"NAVNETEDUL",163.09,17.12,FALSE,FALSE,TRUE,FALSE,FALSE,TRUE,FALSE,62.7,"MICRO_CAP"
"ARVINDFASN",564.65,18.87,FALSE,FALSE,TRUE,FALSE,FALSE,FALSE,FALSE,62.7,"MICRO_CAP"
"ASIANENE",347.9,16.44,FALSE,FALSE,FALSE,FALSE,FALSE,FALSE,FALSE,62.7,"MICRO_CAP"
"BALAJITELE",123.22,52.63,FALSE,FALSE,TRUE,FALSE,FALSE,FALSE,FALSE,62.7,"MICRO_CAP"
"VSSL",272.6,0.76,FALSE,FALSE,TRUE,FALSE,FALSE,FALSE,FALSE,62,"MICRO_CAP"
"AZAD",1665.7,5.68,FALSE,FALSE,FALSE,FALSE,FALSE,FALSE,FALSE,61.3,"MID_CAP"
"CUMMINSIND",4080.4,24.29,FALSE,FALSE,TRUE,FALSE,FALSE,FALSE,FALSE,61.3,"SMALL_CAP"
"PENIND",250.31,8.5,FALSE,FALSE,TRUE,FALSE,FALSE,FALSE,FALSE,61.3,"MICRO_CAP"
"AVALON",974.1,20.13,FALSE,FALSE,TRUE,FALSE,FALSE,FALSE,FALSE,61.3,"MICRO_CAP"
"LANDMARK",627.05,16.34,FALSE,FALSE,TRUE,FALSE,FALSE,TRUE,FALSE,61.3,"MICRO_CAP"
"HYUNDAI",2809.3,36.69,FALSE,FALSE,TRUE,TRUE,FALSE,TRUE,FALSE,60.7,"MID_CAP"
"JSWINFRA",335.8,6.58,FALSE,FALSE,TRUE,FALSE,FALSE,FALSE,FALSE,60.7,"MID_CAP"
"EMIL",157.9,7.33,FALSE,FALSE,TRUE,FALSE,FALSE,FALSE,FALSE,60.7,"SMALL_CAP"
"SYRMA",827.55,61,FALSE,FALSE,TRUE,FALSE,FALSE,FALSE,FALSE,60.7,"SMALL_CAP"
"JSL",778.95,13.96,FALSE,FALSE,TRUE,FALSE,FALSE,TRUE,FALSE,60.7,"SMALL_CAP"
"AIIL",3160.4,22.17,FALSE,FALSE,TRUE,FALSE,FALSE,FALSE,FALSE,60,"MID_CAP"
"COALINDIA",394.5,0.1,FALSE,FALSE,FALSE,FALSE,TRUE,FALSE,FALSE,60,"MID_CAP"
"AFFLE",2145.2,11,FALSE,FALSE,TRUE,FALSE,FALSE,TRUE,FALSE,60,"SMALL_CAP"
"UNOMINDA",1319.7,25.25,FALSE,FALSE,TRUE,FALSE,FALSE,FALSE,FALSE,60,"SMALL_CAP"
"SANSERA",1495,10.14,FALSE,FALSE,TRUE,FALSE,FALSE,FALSE,FALSE,60,"MICRO_CAP"
"BAJAJCON",255.49,26.33,FALSE,FALSE,TRUE,FALSE,FALSE,TRUE,FALSE,60,"MICRO_CAP"
"DEEPINDS",536.45,21.66,FALSE,FALSE,FALSE,FALSE,FALSE,FALSE,FALSE,60,"MICRO_CAP"
"ALIVUS",1047.45,6.07,FALSE,FALSE,FALSE,FALSE,TRUE,TRUE,FALSE,59.3,"MID_CAP"
"HDFCAMC",5856.5,17.58,FALSE,FALSE,TRUE,FALSE,FALSE,FALSE,FALSE,59.3,"MID_CAP"
"DENTA",466.4,67.44,FALSE,FALSE,TRUE,TRUE,FALSE,FALSE,FALSE,59.3,"SMALL_CAP"
"DALBHARAT",2409.9,11.36,FALSE,FALSE,TRUE,FALSE,FALSE,TRUE,FALSE,59.3,"SMALL_CAP"
"DELHIVERY",478.8,27.89,FALSE,FALSE,TRUE,FALSE,FALSE,FALSE,FALSE,59.3,"MICRO_CAP"
"CHOICEIN",809.65,15.06,FALSE,FALSE,TRUE,FALSE,FALSE,FALSE,FALSE,59.3,"MICRO_CAP"
"PNBGILTS",103.98,5.78,FALSE,FALSE,FALSE,FALSE,FALSE,FALSE,FALSE,59.3,"MICRO_CAP"
"MARUTI",15864,28.27,FALSE,FALSE,TRUE,FALSE,FALSE,TRUE,FALSE,58.7,"LARGE_CAP"
"IOLCP",119.93,29.99,FALSE,FALSE,TRUE,TRUE,FALSE,FALSE,FALSE,58.7,"SMALL_CAP"
"RADICO",3052.5,16.2,FALSE,FALSE,TRUE,FALSE,FALSE,FALSE,FALSE,58.7,"SMALL_CAP"
"SUMICHEM",601.8,19.12,FALSE,FALSE,FALSE,FALSE,FALSE,FALSE,FALSE,58.7,"SMALL_CAP"
"PLATIND",322.5,18.32,FALSE,FALSE,FALSE,TRUE,FALSE,FALSE,FALSE,58.7,"MICRO_CAP"
"BOMDYEING",184.82,20.09,FALSE,FALSE,TRUE,FALSE,FALSE,FALSE,FALSE,58.7,"MICRO_CAP"
"BAJAJFINSV",2067.3,0.76,FALSE,FALSE,FALSE,FALSE,TRUE,FALSE,FALSE,58,"MID_CAP"
"DABUR",535.45,12.78,FALSE,FALSE,TRUE,FALSE,FALSE,FALSE,FALSE,58,"SMALL_CAP"
"EGOLD",110.3,14,FALSE,FALSE,TRUE,FALSE,FALSE,TRUE,FALSE,58,"MICRO_CAP"
"GMDCLTD",572.05,47.19,FALSE,FALSE,TRUE,TRUE,FALSE,FALSE,FALSE,57.3,"LARGE_CAP"
"JSWENERGY",545.5,6.3,FALSE,FALSE,FALSE,FALSE,FALSE,FALSE,FALSE,57.3,"MID_CAP"
"CIPLA",1575.8,4.68,FALSE,FALSE,TRUE,FALSE,FALSE,FALSE,FALSE,57.3,"MID_CAP"
"USHAMART",426.55,26.66,FALSE,FALSE,TRUE,TRUE,FALSE,TRUE,FALSE,57.3,"SMALL_CAP"
"AFCONS",461.65,6,FALSE,FALSE,FALSE,FALSE,FALSE,FALSE,FALSE,57.3,"SMALL_CAP"
"ORCHPHARMA",788.45,13.79,FALSE,FALSE,FALSE,FALSE,FALSE,TRUE,FALSE,57.3,"SMALL_CAP"
"INTENTECH",126.41,45.14,FALSE,FALSE,FALSE,TRUE,FALSE,FALSE,TRUE,57.3,"MICRO_CAP"
"SRM",559.45,15.11,FALSE,FALSE,TRUE,FALSE,FALSE,FALSE,FALSE,57.3,"MICRO_CAP"
"BBOX",488.9,36.52,FALSE,FALSE,FALSE,FALSE,FALSE,FALSE,FALSE,57.3,"MICRO_CAP"
"BLACKBUCK",598.2,44.6,FALSE,FALSE,FALSE,FALSE,FALSE,FALSE,FALSE,57.3,"MICRO_CAP"
"AADHARHFC",539.15,24.46,FALSE,FALSE,TRUE,FALSE,FALSE,FALSE,FALSE,57.3,"MICRO_CAP"
"DATAMATICS",904.7,50.18,FALSE,FALSE,FALSE,FALSE,FALSE,FALSE,FALSE,57.3,"MICRO_CAP"
"SILVERETF",125.28,21.89,FALSE,FALSE,TRUE,FALSE,FALSE,TRUE,FALSE,57.3,"MICRO_CAP"
"MUTHOOTMF",170.24,23.92,FALSE,FALSE,TRUE,FALSE,FALSE,FALSE,FALSE,57.3,"MICRO_CAP"
"M&M",3592.1,13.36,FALSE,FALSE,TRUE,FALSE,FALSE,FALSE,FALSE,56.7,"LARGE_CAP"
"BAJAJ-AUTO",8971.5,7.29,FALSE,FALSE,FALSE,FALSE,FALSE,TRUE,FALSE,56.7,"MID_CAP"
"DIXON",18177,30.8,FALSE,FALSE,TRUE,FALSE,FALSE,FALSE,FALSE,56.7,"MID_CAP"
"APOLLO",343.9,85.37,FALSE,FALSE,TRUE,FALSE,FALSE,FALSE,FALSE,56.7,"MID_CAP"
"MUTHOOTFIN",2934.9,15.54,FALSE,FALSE,TRUE,FALSE,FALSE,TRUE,FALSE,56.7,"SMALL_CAP"
"BANKINDIA",120.47,3.44,FALSE,FALSE,FALSE,FALSE,FALSE,FALSE,FALSE,56.7,"SMALL_CAP"
"SAIL",136.2,2.2,FALSE,FALSE,FALSE,FALSE,FALSE,FALSE,FALSE,56,"MID_CAP"
"EICHERMOT",6973.5,27.71,FALSE,FALSE,TRUE,FALSE,FALSE,FALSE,FALSE,56,"MID_CAP"
"ECLERX",4270.3,24.59,FALSE,FALSE,FALSE,FALSE,FALSE,TRUE,FALSE,56,"MICRO_CAP"
"MON100",213.92,16.28,FALSE,FALSE,TRUE,FALSE,FALSE,FALSE,FALSE,56,"MICRO_CAP"
"SHALBY",240.57,35.96,FALSE,FALSE,TRUE,FALSE,FALSE,FALSE,FALSE,56,"MICRO_CAP"
"NATCAPSUQ",247.7,15.04,FALSE,FALSE,FALSE,FALSE,TRUE,FALSE,FALSE,56,"MICRO_CAP"
"THEINVEST",153.63,0.99,FALSE,FALSE,FALSE,FALSE,FALSE,FALSE,FALSE,56,"MICRO_CAP"
"ATGL",651.45,1.04,FALSE,FALSE,FALSE,FALSE,TRUE,TRUE,FALSE,55.3,"LARGE_CAP"
"EXIDEIND",414.5,7.53,FALSE,FALSE,TRUE,FALSE,FALSE,FALSE,FALSE,55.3,"SMALL_CAP"
"TORNTPHARM",3629.2,14.41,FALSE,FALSE,TRUE,FALSE,FALSE,FALSE,FALSE,55.3,"SMALL_CAP"
"LEMONTREE",172.9,28.68,FALSE,FALSE,TRUE,FALSE,FALSE,TRUE,FALSE,55.3,"SMALL_CAP"
"WABAG",1567,5.78,FALSE,FALSE,FALSE,FALSE,FALSE,FALSE,FALSE,55.3,"MICRO_CAP"
"MINDACORP",549.25,8.32,FALSE,FALSE,FALSE,FALSE,FALSE,TRUE,FALSE,55.3,"MICRO_CAP"
"DIFFNKG",396.25,28.29,FALSE,FALSE,TRUE,FALSE,FALSE,FALSE,FALSE,55.3,"MICRO_CAP"
"SJS",1480.5,18.74,FALSE,FALSE,TRUE,FALSE,FALSE,TRUE,FALSE,55.3,"MICRO_CAP"
"DBL",565.8,12.21,FALSE,FALSE,TRUE,FALSE,FALSE,FALSE,FALSE,55.3,"MICRO_CAP"
"STARCEMENT",273.45,32.34,FALSE,FALSE,FALSE,FALSE,FALSE,FALSE,FALSE,55.3,"MICRO_CAP"
"SILVER1",125.13,21.8,FALSE,FALSE,TRUE,FALSE,FALSE,FALSE,FALSE,55.3,"MICRO_CAP"
"ARIHANTCAP",107.74,28.79,FALSE,FALSE,FALSE,FALSE,FALSE,FALSE,FALSE,55.3,"MICRO_CAP"
"SBIN",862.35,9.35,FALSE,FALSE,TRUE,FALSE,FALSE,FALSE,FALSE,54.7,"LARGE_CAP"
"PAYTM",1177.2,32.59,FALSE,FALSE,FALSE,FALSE,FALSE,FALSE,FALSE,54.7,"LARGE_CAP"
"CHOLAFIN",1590.9,-2.53,FALSE,FALSE,FALSE,FALSE,TRUE,FALSE,FALSE,54.7,"MID_CAP"
"HINDALCO",743.3,8.71,FALSE,FALSE,TRUE,FALSE,FALSE,FALSE,FALSE,54.7,"MID_CAP"
"HEROMOTOCO",5408,30.15,FALSE,FALSE,TRUE,FALSE,FALSE,TRUE,FALSE,54.7,"MID_CAP"
"BRITANNIA",6069.5,4.73,FALSE,FALSE,TRUE,FALSE,FALSE,TRUE,FALSE,54.7,"MID_CAP"
"MANKIND",2660.6,17.7,FALSE,FALSE,TRUE,FALSE,FALSE,FALSE,FALSE,54.7,"SMALL_CAP"
"FLUOROCHEM",3801.3,8.39,FALSE,FALSE,FALSE,FALSE,TRUE,TRUE,FALSE,54.7,"SMALL_CAP"
"EDELWEISS",119.03,10.32,FALSE,FALSE,TRUE,FALSE,FALSE,FALSE,FALSE,54.7,"SMALL_CAP"
"INDIANB",701.5,11.77,FALSE,FALSE,TRUE,FALSE,FALSE,FALSE,FALSE,54.7,"SMALL_CAP"
"DCXINDIA",279.3,1.32,FALSE,FALSE,FALSE,FALSE,FALSE,TRUE,FALSE,54.7,"MICRO_CAP"
"NIACL",201.29,9.63,FALSE,FALSE,TRUE,FALSE,FALSE,FALSE,FALSE,54.7,"MICRO_CAP"
"CAMPUS",283.35,1.24,FALSE,FALSE,FALSE,FALSE,FALSE,FALSE,FALSE,54.7,"MICRO_CAP"
"MONTECARLO",670.75,11.13,FALSE,FALSE,TRUE,FALSE,FALSE,FALSE,FALSE,54.7,"MICRO_CAP"
"BLSE",197.46,36.21,FALSE,FALSE,FALSE,FALSE,FALSE,FALSE,FALSE,54.7,"MICRO_CAP"
"ASIANPAINT",2481.7,9.57,FALSE,FALSE,FALSE,FALSE,FALSE,TRUE,FALSE,54,"LARGE_CAP"
"FORCEMOT",18589,36.21,FALSE,FALSE,FALSE,FALSE,FALSE,FALSE,FALSE,54,"LARGE_CAP"
"TATASTEEL",171.48,7.78,FALSE,FALSE,TRUE,FALSE,FALSE,FALSE,FALSE,54,"MID_CAP"
"BANKBARODA",252.08,6.08,FALSE,FALSE,FALSE,FALSE,FALSE,FALSE,FALSE,54,"MID_CAP"
"JKCEMENT",6862,15.04,FALSE,FALSE,TRUE,FALSE,FALSE,TRUE,FALSE,54,"MID_CAP"
"AMBER",8286.5,25.23,FALSE,FALSE,TRUE,FALSE,FALSE,FALSE,FALSE,54,"SMALL_CAP"
"IXIGO",284.65,67.7,FALSE,FALSE,FALSE,FALSE,FALSE,FALSE,FALSE,54,"SMALL_CAP"
"JSWSTEEL",1122.8,9.98,FALSE,FALSE,TRUE,FALSE,FALSE,FALSE,FALSE,54,"SMALL_CAP"
"ARE&M",1019.55,5.93,FALSE,FALSE,FALSE,FALSE,FALSE,FALSE,FALSE,54,"SMALL_CAP"
"NLCINDIA",260.27,15.76,FALSE,FALSE,TRUE,FALSE,FALSE,FALSE,FALSE,54,"MICRO_CAP"
"REDTAPE",161.12,29.68,FALSE,FALSE,FALSE,TRUE,TRUE,FALSE,FALSE,54,"MICRO_CAP"
"RAMCOIND",391.3,46.24,FALSE,FALSE,TRUE,TRUE,FALSE,FALSE,FALSE,54,"MICRO_CAP"
"ABDL",549.65,30.01,FALSE,FALSE,TRUE,FALSE,FALSE,FALSE,FALSE,54,"MICRO_CAP"
"HNGSNGBEES",526.07,41.4,FALSE,FALSE,TRUE,FALSE,FALSE,FALSE,FALSE,54,"MICRO_CAP"
"RUCHIRA",170.03,25.32,FALSE,FALSE,TRUE,TRUE,FALSE,FALSE,FALSE,54,"MICRO_CAP"
"BHARTIARTL",1962.4,-2.94,FALSE,FALSE,FALSE,FALSE,FALSE,FALSE,FALSE,53.3,"LARGE_CAP"
"ASHOKLEY",140.89,-49.54,FALSE,FALSE,FALSE,FALSE,FALSE,TRUE,FALSE,53.3,"MID_CAP"
"BPCL",329.55,-0.07,FALSE,FALSE,FALSE,FALSE,FALSE,FALSE,FALSE,53.3,"MID_CAP"
"PARADEEP",179.67,13.6,FALSE,FALSE,FALSE,FALSE,FALSE,FALSE,FALSE,53.3,"MID_CAP"
"MOTILALOFS",944.7,11.41,FALSE,TRUE,FALSE,FALSE,FALSE,FALSE,FALSE,53.3,"MID_CAP"
"HBLENGINE",838.35,49.31,FALSE,FALSE,FALSE,FALSE,FALSE,TRUE,FALSE,53.3,"SMALL_CAP"
"JINDALSTEL",1046,10.89,FALSE,FALSE,TRUE,FALSE,FALSE,FALSE,FALSE,53.3,"SMALL_CAP"
"PVRINOX",1115.9,17.82,FALSE,FALSE,FALSE,FALSE,FALSE,FALSE,FALSE,53.3,"MICRO_CAP"
"POCL",1325.4,74.3,FALSE,FALSE,TRUE,FALSE,FALSE,FALSE,FALSE,53.3,"MICRO_CAP"
"HDFCSILVER",124.19,21.73,FALSE,FALSE,TRUE,FALSE,FALSE,TRUE,FALSE,53.3,"MICRO_CAP"
"GOLDIAM",398.55,18.88,FALSE,FALSE,TRUE,FALSE,FALSE,TRUE,FALSE,53.3,"MICRO_CAP"
"ATULAUTO",514.1,14.6,FALSE,FALSE,FALSE,FALSE,TRUE,FALSE,FALSE,53.3,"MICRO_CAP"
"WCIL",144.34,29.84,FALSE,FALSE,TRUE,FALSE,FALSE,FALSE,FALSE,53.3,"MICRO_CAP"
"STOVEKRAFT",711.95,24.84,FALSE,FALSE,TRUE,FALSE,FALSE,FALSE,FALSE,53.3,"MICRO_CAP"
"ADANIGREEN",1030.7,4.45,FALSE,FALSE,FALSE,FALSE,FALSE,FALSE,FALSE,52.7,"LARGE_CAP"
"BIOCON",369.2,6.09,FALSE,FALSE,FALSE,FALSE,FALSE,FALSE,FALSE,52.7,"MID_CAP"
"CHOLAHLDNG",2019.5,-1.44,FALSE,FALSE,FALSE,FALSE,TRUE,FALSE,FALSE,52.7,"MID_CAP"
"DMART",4775.3,12.17,FALSE,FALSE,TRUE,FALSE,FALSE,FALSE,FALSE,52.7,"MID_CAP"
"PPLPHARMA",208.28,4.14,FALSE,FALSE,FALSE,FALSE,TRUE,FALSE,FALSE,52.7,"SMALL_CAP"
"TATAINVEST",7333.5,9.19,FALSE,TRUE,TRUE,FALSE,FALSE,FALSE,FALSE,52.7,"SMALL_CAP"
"INOXGREEN",194.22,66.64,FALSE,FALSE,TRUE,FALSE,FALSE,FALSE,FALSE,52.7,"MICRO_CAP"
"DAMCAPITAL",245.46,-3.23,FALSE,FALSE,FALSE,FALSE,FALSE,FALSE,FALSE,52.7,"MICRO_CAP"
"BIKAJI",788.25,5.74,FALSE,FALSE,TRUE,FALSE,FALSE,FALSE,FALSE,52.7,"MICRO_CAP"
"STYLEBAAZA",367.2,31.49,FALSE,FALSE,TRUE,FALSE,FALSE,FALSE,FALSE,52.7,"MICRO_CAP"
"GOLDETFADD",107.05,14.63,FALSE,FALSE,TRUE,FALSE,FALSE,TRUE,FALSE,52.7,"MICRO_CAP"
"LOVABLE",101.68,0.36,FALSE,FALSE,FALSE,FALSE,FALSE,FALSE,FALSE,52.7,"MICRO_CAP"
"GLENMARK",2085.2,23.28,FALSE,FALSE,FALSE,FALSE,FALSE,FALSE,FALSE,52,"SMALL_CAP"
"DIACABS",161.97,29.98,FALSE,FALSE,FALSE,FALSE,FALSE,FALSE,FALSE,52,"SMALL_CAP"
"ZYDUSLIFE",1037.3,6.43,FALSE,FALSE,TRUE,FALSE,FALSE,TRUE,FALSE,52,"SMALL_CAP"
"METROPOLIS",2133.6,29.77,FALSE,FALSE,FALSE,FALSE,FALSE,FALSE,FALSE,52,"MICRO_CAP"
"IKIO",228.12,7.27,FALSE,FALSE,FALSE,FALSE,FALSE,TRUE,FALSE,52,"MICRO_CAP"
"RAMCOSYS",521.45,65.71,FALSE,FALSE,TRUE,FALSE,FALSE,FALSE,FALSE,52,"MICRO_CAP"
"NAVKARCORP",128.15,17.12,FALSE,FALSE,FALSE,FALSE,FALSE,FALSE,FALSE,52,"MICRO_CAP"
"PNB",113.3,7.57,FALSE,TRUE,FALSE,FALSE,FALSE,FALSE,FALSE,51.3,"MID_CAP"
"SILVERBEES",123.65,21.66,FALSE,FALSE,TRUE,FALSE,FALSE,TRUE,FALSE,51.3,"SMALL_CAP"
"TVSMOTOR",3529.4,23.41,FALSE,FALSE,TRUE,FALSE,FALSE,FALSE,FALSE,51.3,"SMALL_CAP"
"LTF",246.7,22.46,FALSE,FALSE,TRUE,FALSE,FALSE,FALSE,FALSE,51.3,"SMALL_CAP"
"MANAPPURAM",286.5,5.16,FALSE,FALSE,TRUE,FALSE,FALSE,FALSE,FALSE,51.3,"SMALL_CAP"
"NORTHARC",277.1,17.02,FALSE,FALSE,TRUE,FALSE,FALSE,FALSE,FALSE,51.3,"MICRO_CAP"
"SILVERIETF",128.69,21.83,FALSE,FALSE,TRUE,FALSE,FALSE,TRUE,FALSE,51.3,"MICRO_CAP"
"PITTIENG",1006.5,4.47,FALSE,FALSE,FALSE,FALSE,TRUE,FALSE,FALSE,51.3,"MICRO_CAP"
"SUBROS",1004.7,7.79,FALSE,FALSE,TRUE,FALSE,FALSE,TRUE,FALSE,51.3,"MICRO_CAP"
"SBISILVER",126.72,21.13,FALSE,FALSE,TRUE,FALSE,FALSE,TRUE,FALSE,51.3,"MICRO_CAP"
"RELTD",182.64,48.14,FALSE,FALSE,TRUE,TRUE,FALSE,FALSE,FALSE,51.3,"MICRO_CAP"
"FEDFINA",148,31.33,FALSE,FALSE,TRUE,FALSE,FALSE,FALSE,FALSE,51.3,"MICRO_CAP"
"HEMIPROP",170.48,25.82,FALSE,FALSE,TRUE,FALSE,FALSE,FALSE,FALSE,51.3,"MICRO_CAP"
"SILVERADD",124.51,21.87,FALSE,FALSE,TRUE,FALSE,FALSE,TRUE,FALSE,51.3,"MICRO_CAP"
"AXISILVER",128.41,21.8,FALSE,FALSE,TRUE,FALSE,FALSE,TRUE,FALSE,51.3,"MICRO_CAP"
"ESILVER",129.29,21.76,FALSE,FALSE,TRUE,FALSE,FALSE,TRUE,FALSE,51.3,"MICRO_CAP"
"SAURASHCEM",110.07,29.41,FALSE,FALSE,FALSE,FALSE,FALSE,FALSE,FALSE,51.3,"MICRO_CAP"
"BAJFINANCE",992.45,4.91,FALSE,FALSE,FALSE,FALSE,FALSE,FALSE,FALSE,50.7,"LARGE_CAP"
"APOLLOHOSP",7806.5,11.33,FALSE,FALSE,FALSE,FALSE,FALSE,FALSE,FALSE,50.7,"SMALL_CAP"
"NATIONALUM",211.6,10.62,FALSE,FALSE,TRUE,FALSE,FALSE,FALSE,FALSE,50.7,"SMALL_CAP"
"DBREALTY",175.37,-24.8,FALSE,FALSE,FALSE,FALSE,FALSE,FALSE,FALSE,50.7,"MICRO_CAP"
"SEQUENT",200.64,6.99,FALSE,FALSE,TRUE,FALSE,FALSE,TRUE,FALSE,50.7,"MICRO_CAP"
"BATAINDIA",1237.7,1.36,FALSE,FALSE,FALSE,FALSE,FALSE,FALSE,FALSE,50.7,"MICRO_CAP"
"YATHARTH",776.45,54.72,FALSE,FALSE,TRUE,FALSE,FALSE,FALSE,FALSE,50.7,"MICRO_CAP"
"SIRCA",489.7,32.44,FALSE,FALSE,TRUE,FALSE,FALSE,FALSE,FALSE,50.7,"MICRO_CAP"
"GOLDETF",107.19,14.3,FALSE,FALSE,TRUE,FALSE,FALSE,TRUE,FALSE,50.7,"MICRO_CAP"
"SOLARA",675.15,9.99,FALSE,FALSE,TRUE,FALSE,FALSE,FALSE,FALSE,50.7,"MICRO_CAP"
"GROWWGOLD",108.05,14.36,FALSE,FALSE,TRUE,FALSE,FALSE,TRUE,FALSE,50.7,"MICRO_CAP"
"MOSCHIP",269.76,55.58,FALSE,FALSE,TRUE,FALSE,FALSE,FALSE,FALSE,50,"MID_CAP"
"CAMS",4100.9,-3.03,FALSE,FALSE,FALSE,FALSE,FALSE,FALSE,FALSE,50,"SMALL_CAP"
"ABCAPITAL",289.15,5.09,FALSE,FALSE,TRUE,FALSE,FALSE,FALSE,FALSE,50,"SMALL_CAP"
"NYKAA",243.62,20.29,FALSE,FALSE,TRUE,FALSE,FALSE,TRUE,FALSE,50,"SMALL_CAP"
"EIEL",264.39,14.06,FALSE,FALSE,FALSE,FALSE,FALSE,FALSE,FALSE,50,"MICRO_CAP"
"AAVAS",1670.6,-15.98,FALSE,FALSE,FALSE,FALSE,TRUE,TRUE,FALSE,50,"MICRO_CAP"
"CREDITACC",1363.4,17.01,FALSE,FALSE,TRUE,FALSE,FALSE,FALSE,FALSE,50,"MICRO_CAP"
"RATEGAIN",639.2,51.57,FALSE,FALSE,TRUE,FALSE,FALSE,FALSE,FALSE,50,"MICRO_CAP"
"PSUBANK",740.48,6.75,FALSE,TRUE,FALSE,FALSE,FALSE,TRUE,FALSE,50,"MICRO_CAP"
"MAHLIFE",379.35,5.74,FALSE,TRUE,TRUE,FALSE,FALSE,FALSE,FALSE,50,"MICRO_CAP"
"INDIACEM",398.7,21.73,FALSE,FALSE,TRUE,FALSE,FALSE,TRUE,FALSE,50,"MICRO_CAP"
"RICOAUTO",104.44,43.01,FALSE,FALSE,TRUE,FALSE,FALSE,FALSE,FALSE,50,"MICRO_CAP"
"JTEKTINDIA",174.26,25.97,FALSE,FALSE,TRUE,FALSE,FALSE,FALSE,FALSE,50,"MICRO_CAP"
"VOLTAS",1419.9,8.91,FALSE,FALSE,TRUE,FALSE,FALSE,FALSE,FALSE,49.3,"SMALL_CAP"
"TATATECH",724.4,3.38,FALSE,FALSE,FALSE,FALSE,FALSE,FALSE,FALSE,49.3,"SMALL_CAP"
"LUPIN",2055.6,7.51,FALSE,FALSE,FALSE,FALSE,FALSE,FALSE,FALSE,49.3,"SMALL_CAP"
"TEGA",2015.1,41.75,FALSE,FALSE,TRUE,FALSE,FALSE,TRUE,FALSE,49.3,"SMALL_CAP"
"QPOWER",1001.2,54.92,FALSE,FALSE,TRUE,FALSE,FALSE,FALSE,FALSE,49.3,"MICRO_CAP"
"CHENNPETRO",742.4,12.04,FALSE,FALSE,TRUE,FALSE,FALSE,FALSE,FALSE,49.3,"MICRO_CAP"
"SUPRAJIT",475.45,3.29,FALSE,FALSE,FALSE,FALSE,FALSE,FALSE,FALSE,49.3,"MICRO_CAP"
"JAICORPLTD",158.67,45.56,FALSE,FALSE,TRUE,FALSE,FALSE,FALSE,FALSE,49.3,"MICRO_CAP"
"JAMNAAUTO",107.86,16.85,FALSE,FALSE,TRUE,FALSE,FALSE,TRUE,FALSE,49.3,"MICRO_CAP"
"SILVER",129.05,22.17,FALSE,FALSE,TRUE,FALSE,FALSE,TRUE,FALSE,49.3,"MICRO_CAP"
"BALUFORGE",661.1,6.55,FALSE,FALSE,FALSE,FALSE,FALSE,FALSE,FALSE,49.3,"MICRO_CAP"
"NUVOCO",447.45,30.89,FALSE,FALSE,FALSE,FALSE,FALSE,FALSE,FALSE,49.3,"MICRO_CAP"
"TIINDIA",3329.7,12.32,FALSE,FALSE,TRUE,FALSE,FALSE,FALSE,FALSE,48.7,"SMALL_CAP"
"PHOENIXLTD",1629.8,0.17,FALSE,FALSE,FALSE,FALSE,FALSE,FALSE,FALSE,48.7,"SMALL_CAP"
"OLECTRA",1640.1,43.34,FALSE,FALSE,TRUE,FALSE,FALSE,FALSE,FALSE,48.7,"SMALL_CAP"
"KIRLOSENG",964.65,12.77,FALSE,FALSE,FALSE,FALSE,FALSE,FALSE,FALSE,48.7,"MICRO_CAP"
"SHAILY",2349.9,47.68,FALSE,FALSE,TRUE,FALSE,FALSE,TRUE,FALSE,48.7,"MICRO_CAP"
"MANINDS",443.1,10.17,FALSE,FALSE,FALSE,FALSE,FALSE,FALSE,FALSE,48.7,"MICRO_CAP"
"JBCHEPHARM",1714.2,-2.48,FALSE,FALSE,FALSE,FALSE,FALSE,FALSE,FALSE,48.7,"MICRO_CAP"
"SHREEPUSHK",384.2,27.1,FALSE,FALSE,FALSE,FALSE,FALSE,FALSE,FALSE,48.7,"MICRO_CAP"
"FINPIPE",216.92,-0.43,FALSE,FALSE,TRUE,FALSE,FALSE,FALSE,FALSE,48.7,"MICRO_CAP"
"EVEREADY",422.35,36.4,FALSE,FALSE,FALSE,FALSE,FALSE,FALSE,FALSE,48.7,"MICRO_CAP"
"ELIN",224.75,98.89,FALSE,FALSE,TRUE,FALSE,FALSE,FALSE,FALSE,48.7,"MICRO_CAP"
"POONAWALLA",500.25,12.85,FALSE,FALSE,TRUE,FALSE,FALSE,TRUE,FALSE,48,"MID_CAP"
"INDHOTEL",775.55,-1.08,FALSE,FALSE,FALSE,FALSE,FALSE,FALSE,FALSE,48,"MID_CAP"
"BHEL",237.17,-11.78,FALSE,FALSE,FALSE,FALSE,TRUE,TRUE,FALSE,48,"MID_CAP"
"RBLBANK",271,16.15,FALSE,FALSE,TRUE,FALSE,FALSE,FALSE,FALSE,48,"SMALL_CAP"
"IRMENERGY",360.1,22.53,FALSE,FALSE,FALSE,TRUE,FALSE,FALSE,TRUE,48,"SMALL_CAP"
"MOBIKWIK",293.8,13.64,FALSE,FALSE,FALSE,FALSE,TRUE,FALSE,FALSE,48,"SMALL_CAP"
"RAMKY",600.65,13.03,FALSE,FALSE,FALSE,FALSE,FALSE,FALSE,FALSE,48,"SMALL_CAP"
"BAYERCROP",5347,-10.89,FALSE,FALSE,FALSE,FALSE,FALSE,FALSE,FALSE,48,"SMALL_CAP"
"M&MFIN",289.55,8.72,FALSE,FALSE,FALSE,FALSE,FALSE,FALSE,FALSE,48,"MICRO_CAP"
"CARBORUNIV",958.7,-0.44,FALSE,FALSE,FALSE,FALSE,FALSE,TRUE,FALSE,48,"MICRO_CAP"
"TARIL",533.8,11.01,FALSE,FALSE,FALSE,FALSE,FALSE,FALSE,FALSE,48,"MICRO_CAP"
"CESC",169.46,-2.46,FALSE,FALSE,FALSE,FALSE,TRUE,FALSE,FALSE,48,"MICRO_CAP"
"ESCORTS",3688.1,11.22,FALSE,FALSE,TRUE,FALSE,FALSE,TRUE,FALSE,48,"MICRO_CAP"
"PARAGMILK",294.14,35.41,FALSE,FALSE,TRUE,FALSE,FALSE,FALSE,FALSE,48,"MICRO_CAP"
"KROSS",217.21,11.03,FALSE,FALSE,TRUE,FALSE,FALSE,FALSE,FALSE,48,"MICRO_CAP"
"CIEINDIA",435.6,-2.29,FALSE,FALSE,FALSE,FALSE,TRUE,FALSE,FALSE,48,"MICRO_CAP"
"PFOCUS",184.02,70.07,FALSE,FALSE,TRUE,FALSE,FALSE,FALSE,FALSE,48,"MICRO_CAP"
"FUSION",189.81,-8.53,FALSE,FALSE,FALSE,FALSE,FALSE,FALSE,FALSE,48,"MICRO_CAP"
"PRICOLLTD",539.85,24.3,FALSE,FALSE,TRUE,FALSE,FALSE,FALSE,FALSE,48,"MICRO_CAP"
"VENTIVE",769.25,11.38,FALSE,FALSE,FALSE,FALSE,FALSE,FALSE,FALSE,48,"MICRO_CAP"
"KKCL",570.4,16,FALSE,FALSE,FALSE,FALSE,FALSE,FALSE,FALSE,48,"MICRO_CAP"
"TIRUMALCHM",324.75,16.25,FALSE,FALSE,TRUE,FALSE,FALSE,FALSE,FALSE,48,"MICRO_CAP"
"AUTOBEES",280.35,16.77,FALSE,FALSE,TRUE,FALSE,FALSE,TRUE,FALSE,48,"MICRO_CAP"
"UNIECOM",141.75,17.07,FALSE,FALSE,FALSE,FALSE,FALSE,TRUE,FALSE,48,"MICRO_CAP"
"CEIGALL",275.99,10.36,FALSE,FALSE,TRUE,FALSE,FALSE,FALSE,FALSE,48,"MICRO_CAP"
"WAAREEENER",3526.3,22.45,FALSE,FALSE,TRUE,FALSE,FALSE,FALSE,FALSE,47.3,"LARGE_CAP"
"BDL",1631.6,-12.23,FALSE,FALSE,FALSE,FALSE,TRUE,FALSE,FALSE,47.3,"MID_CAP"
"ASTRAL",1452.4,-5.24,FALSE,FALSE,TRUE,FALSE,FALSE,FALSE,FALSE,47.3,"SMALL_CAP"
"SARDAEN",573.65,32.95,FALSE,FALSE,FALSE,FALSE,FALSE,FALSE,FALSE,47.3,"SMALL_CAP"
"GPIL",261.71,44.16,FALSE,FALSE,TRUE,FALSE,FALSE,TRUE,FALSE,47.3,"MICRO_CAP"
"GRAPHITE",569.9,2.57,FALSE,FALSE,FALSE,FALSE,FALSE,FALSE,FALSE,47.3,"MICRO_CAP"
"AWFIS",618.5,-5.77,FALSE,FALSE,FALSE,FALSE,TRUE,FALSE,FALSE,47.3,"MICRO_CAP"
"ORIENTTECH",361.7,9.3,FALSE,FALSE,FALSE,FALSE,TRUE,FALSE,FALSE,47.3,"MICRO_CAP"
"GOKULAGRO",404.6,37.2,FALSE,FALSE,TRUE,FALSE,FALSE,FALSE,FALSE,47.3,"MICRO_CAP"
"LIQUIDPLUS",1051.33,1.41,FALSE,FALSE,TRUE,FALSE,FALSE,FALSE,FALSE,47.3,"MICRO_CAP"
"HARIOMPIPE",550.15,41.05,FALSE,FALSE,TRUE,FALSE,FALSE,FALSE,FALSE,47.3,"MICRO_CAP"
"IGARASHI",543.25,15.71,FALSE,FALSE,FALSE,FALSE,FALSE,FALSE,FALSE,47.3,"MICRO_CAP"
"CCL",886.05,6.6,FALSE,FALSE,FALSE,FALSE,FALSE,FALSE,FALSE,47.3,"MICRO_CAP"
"SENORES",712.3,27.75,FALSE,FALSE,TRUE,FALSE,FALSE,FALSE,FALSE,47.3,"MICRO_CAP"
"ASKAUTOLTD",516.7,0.01,FALSE,FALSE,TRUE,FALSE,FALSE,FALSE,FALSE,47.3,"MICRO_CAP"
"CARRARO",454.9,5.65,FALSE,FALSE,FALSE,FALSE,FALSE,TRUE,FALSE,47.3,"MICRO_CAP"
"CONSUMBEES",138.63,6.63,FALSE,FALSE,TRUE,FALSE,FALSE,TRUE,FALSE,47.3,"MICRO_CAP"
"UPL",691.1,9.79,FALSE,FALSE,FALSE,FALSE,FALSE,FALSE,FALSE,46.7,"LARGE_CAP"
"AWL",256.95,-0.29,FALSE,FALSE,FALSE,FALSE,FALSE,FALSE,FALSE,46.7,"MID_CAP"
"HUDCO",229.04,-5.41,FALSE,FALSE,FALSE,FALSE,TRUE,FALSE,FALSE,46.7,"SMALL_CAP"
"SUPRIYA",726.2,7.65,FALSE,FALSE,FALSE,FALSE,FALSE,FALSE,FALSE,46.7,"SMALL_CAP"
"BHARATFORG",1272.7,-1.22,FALSE,FALSE,FALSE,FALSE,TRUE,TRUE,FALSE,46.7,"SMALL_CAP"
"KANSAINER",251.85,3.62,FALSE,FALSE,FALSE,FALSE,TRUE,TRUE,FALSE,46.7,"MICRO_CAP"
"AVANTIFEED",733.15,0.74,FALSE,FALSE,FALSE,FALSE,TRUE,FALSE,FALSE,46.7,"MICRO_CAP"
"APOLLOTYRE",480.65,8.7,FALSE,FALSE,TRUE,FALSE,FALSE,TRUE,FALSE,46.7,"MICRO_CAP"
"ACMESOLAR",295,22.46,FALSE,FALSE,FALSE,FALSE,FALSE,FALSE,FALSE,46.7,"MICRO_CAP"
"GRANULES",543.4,10.68,FALSE,FALSE,FALSE,FALSE,FALSE,FALSE,FALSE,46.7,"MICRO_CAP"
"LXCHEM",220.17,12.88,FALSE,FALSE,TRUE,FALSE,FALSE,TRUE,FALSE,46.7,"MICRO_CAP"
"FACT",1000.15,4.05,FALSE,FALSE,TRUE,FALSE,FALSE,FALSE,FALSE,46.7,"MICRO_CAP"
"HUBTOWN",325.35,44.67,FALSE,FALSE,FALSE,FALSE,FALSE,FALSE,FALSE,46.7,"MICRO_CAP"
"SPIC",100.4,14.62,FALSE,FALSE,FALSE,FALSE,FALSE,FALSE,FALSE,46.7,"MICRO_CAP"
"SIMPLEXINF",306,13.08,FALSE,FALSE,FALSE,FALSE,FALSE,FALSE,FALSE,46.7,"MICRO_CAP"
"GRASIM",2877.9,-0.21,FALSE,FALSE,TRUE,FALSE,FALSE,FALSE,FALSE,46,"MID_CAP"
"COROMANDEL",2261.5,-0.88,FALSE,FALSE,FALSE,FALSE,FALSE,FALSE,FALSE,46,"MID_CAP"
"APTUS",332.7,4.27,FALSE,FALSE,FALSE,FALSE,FALSE,TRUE,FALSE,46,"SMALL_CAP"
"ITCHOTELS",236.74,6.65,FALSE,FALSE,FALSE,FALSE,FALSE,FALSE,FALSE,46,"SMALL_CAP"
"IPCALAB",1441,8.19,FALSE,FALSE,FALSE,FALSE,TRUE,FALSE,FALSE,46,"SMALL_CAP"
"JBMA",725.6,14.86,FALSE,FALSE,FALSE,FALSE,TRUE,FALSE,FALSE,46,"SMALL_CAP"
"GESHIP",1054.4,7.68,FALSE,FALSE,TRUE,FALSE,FALSE,TRUE,FALSE,46,"MICRO_CAP"
"MTARTECH",1798.3,12.84,FALSE,FALSE,FALSE,FALSE,FALSE,FALSE,FALSE,46,"MICRO_CAP"
"TI",459.3,34,FALSE,FALSE,FALSE,FALSE,FALSE,FALSE,FALSE,46,"MICRO_CAP"
"SANGHVIMOV",376.35,36.86,FALSE,FALSE,TRUE,FALSE,FALSE,FALSE,FALSE,46,"MICRO_CAP"
"SOBHA",1595.2,9.25,FALSE,FALSE,FALSE,FALSE,FALSE,FALSE,FALSE,46,"MICRO_CAP"
"CYIENTDLM",479,2.16,FALSE,FALSE,FALSE,FALSE,TRUE,FALSE,FALSE,46,"MICRO_CAP"
"AXISBANK",1135.9,-9.03,FALSE,FALSE,FALSE,FALSE,TRUE,FALSE,FALSE,45.3,"LARGE_CAP"
"HINDUNILVR",2559.6,13.95,FALSE,FALSE,FALSE,FALSE,FALSE,FALSE,FALSE,45.3,"LARGE_CAP"
"PCBL",413.55,-1.54,FALSE,FALSE,FALSE,FALSE,FALSE,FALSE,FALSE,45.3,"MID_CAP"
"LTFOODS",472.75,8.11,FALSE,FALSE,FALSE,FALSE,FALSE,FALSE,FALSE,45.3,"MICRO_CAP"
"THOMASCOOK",172.18,5.09,FALSE,FALSE,FALSE,FALSE,FALSE,FALSE,FALSE,45.3,"MICRO_CAP"
"GREAVESCOT",220.96,10.5,FALSE,FALSE,TRUE,FALSE,FALSE,FALSE,FALSE,45.3,"MICRO_CAP"
"CAPACITE",312.25,-6.5,FALSE,FALSE,FALSE,FALSE,TRUE,TRUE,FALSE,45.3,"MICRO_CAP"
"NDRAUTO",1087,14.09,FALSE,FALSE,TRUE,FALSE,FALSE,FALSE,FALSE,45.3,"MICRO_CAP"
"SMSPHARMA",292.14,20.48,FALSE,FALSE,TRUE,FALSE,FALSE,FALSE,TRUE,45.3,"MICRO_CAP"
"SHILPAMED",825,29.13,FALSE,FALSE,FALSE,FALSE,FALSE,FALSE,FALSE,45.3,"MICRO_CAP"
"ADANIPORTS",1427.8,-0.12,FALSE,TRUE,FALSE,FALSE,FALSE,TRUE,FALSE,44.7,"LARGE_CAP"
"SBILIFE",1841.7,-1.17,FALSE,TRUE,FALSE,FALSE,FALSE,FALSE,FALSE,44.7,"MID_CAP"
"COLPAL",2337.9,-1.82,FALSE,FALSE,FALSE,FALSE,FALSE,FALSE,FALSE,44.7,"SMALL_CAP"
"IGL",215.13,3.73,FALSE,FALSE,TRUE,FALSE,FALSE,FALSE,FALSE,44.7,"SMALL_CAP"
"CUB",211.91,3.77,FALSE,FALSE,FALSE,FALSE,FALSE,FALSE,FALSE,44.7,"MICRO_CAP"
"SANDUMA",478,-1.31,FALSE,FALSE,FALSE,FALSE,TRUE,FALSE,FALSE,44.7,"MICRO_CAP"
"SENCO",373.25,6.84,FALSE,FALSE,FALSE,FALSE,FALSE,FALSE,FALSE,44.7,"MICRO_CAP"
"KIOCL",430.55,53.42,FALSE,FALSE,FALSE,FALSE,FALSE,FALSE,FALSE,44.7,"MICRO_CAP"
"GARUDA",204.35,71.47,FALSE,FALSE,FALSE,FALSE,FALSE,FALSE,FALSE,44.7,"MICRO_CAP"
"STLTECH",123.9,23.16,FALSE,FALSE,FALSE,FALSE,FALSE,FALSE,FALSE,44.7,"MICRO_CAP"
"SINCLAIR",107.72,23.75,FALSE,FALSE,TRUE,FALSE,FALSE,FALSE,FALSE,44.7,"MICRO_CAP"
"FDC",486.85,2.95,FALSE,FALSE,FALSE,FALSE,FALSE,TRUE,FALSE,44,"MID_CAP"
"NAM-INDIA",834.8,5.66,FALSE,FALSE,FALSE,FALSE,FALSE,FALSE,FALSE,44,"MICRO_CAP"
"TATACHEM",993.6,7.12,FALSE,FALSE,TRUE,FALSE,FALSE,FALSE,FALSE,44,"MICRO_CAP"
"PROTEAN",905.85,6.44,FALSE,FALSE,FALSE,FALSE,FALSE,TRUE,FALSE,44,"MICRO_CAP"
"OPTIEMUS",651.05,2.38,FALSE,FALSE,TRUE,FALSE,FALSE,FALSE,FALSE,44,"MICRO_CAP"
"IPL",231.93,5.58,FALSE,FALSE,FALSE,FALSE,FALSE,FALSE,FALSE,44,"MICRO_CAP"
"ASHOKA",194.8,-10.18,FALSE,FALSE,FALSE,FALSE,TRUE,TRUE,FALSE,44,"MICRO_CAP"
"HINDOILEXP",180.17,6.11,FALSE,FALSE,FALSE,FALSE,FALSE,TRUE,FALSE,44,"MICRO_CAP"
"KSB",864.45,8.55,FALSE,FALSE,FALSE,FALSE,FALSE,TRUE,FALSE,44,"MICRO_CAP"
"CAMLINFINE",229.75,40.05,FALSE,FALSE,FALSE,FALSE,FALSE,FALSE,FALSE,44,"MICRO_CAP"
"ADANIENSOL",877.15,1.64,FALSE,FALSE,FALSE,FALSE,TRUE,FALSE,FALSE,43.3,"LARGE_CAP"
"BEL",408.9,-0.33,FALSE,FALSE,FALSE,FALSE,FALSE,FALSE,FALSE,43.3,"LARGE_CAP"
"IOC",148.5,1.73,FALSE,TRUE,FALSE,FALSE,TRUE,FALSE,FALSE,43.3,"MID_CAP"
"DRREDDY",1321.7,0.02,FALSE,TRUE,TRUE,FALSE,FALSE,FALSE,FALSE,43.3,"SMALL_CAP"
"TIMETECHNO",479.65,5.78,FALSE,FALSE,TRUE,FALSE,FALSE,FALSE,FALSE,43.3,"MICRO_CAP"
"GMRP&UI",124.3,17.77,FALSE,FALSE,FALSE,FALSE,FALSE,FALSE,FALSE,43.3,"MICRO_CAP"
"DEEPAKFERT",1457.3,-9.82,FALSE,FALSE,FALSE,FALSE,FALSE,FALSE,FALSE,43.3,"MICRO_CAP"
"TRIVENI",360.1,-7.38,FALSE,FALSE,FALSE,FALSE,FALSE,FALSE,FALSE,43.3,"MICRO_CAP"
"KIMS",744.6,11.45,FALSE,FALSE,FALSE,FALSE,FALSE,FALSE,FALSE,43.3,"MICRO_CAP"
"TVSELECT",489.55,56.51,FALSE,FALSE,TRUE,TRUE,FALSE,FALSE,FALSE,43.3,"MICRO_CAP"
"YATRA",152.43,88.51,FALSE,FALSE,FALSE,FALSE,FALSE,TRUE,FALSE,43.3,"MICRO_CAP"
"GULFOILLUB",1275.1,5.65,FALSE,TRUE,TRUE,FALSE,FALSE,TRUE,FALSE,43.3,"MICRO_CAP"
"UNIVCABLES",801.35,4.86,FALSE,FALSE,FALSE,FALSE,FALSE,TRUE,FALSE,43.3,"MICRO_CAP"
"RPTECH",318.1,6.05,FALSE,FALSE,FALSE,FALSE,FALSE,TRUE,FALSE,43.3,"MICRO_CAP"
"KABRAEXTRU",269.9,-18.68,FALSE,FALSE,FALSE,FALSE,TRUE,TRUE,FALSE,43.3,"MICRO_CAP"
"TATAMOTORS",707.45,4.13,FALSE,FALSE,TRUE,FALSE,FALSE,FALSE,FALSE,42.7,"LARGE_CAP"
"UNIONBANK",140.3,-6.03,FALSE,FALSE,FALSE,FALSE,FALSE,FALSE,FALSE,42.7,"MID_CAP"
"STARHEALTH",449.5,6.98,FALSE,FALSE,TRUE,FALSE,FALSE,TRUE,FALSE,42.7,"MICRO_CAP"
"HERITGFOOD",524.55,10.31,FALSE,FALSE,TRUE,FALSE,FALSE,TRUE,FALSE,42.7,"MICRO_CAP"
"PRSMJOHNSN",167.74,11.29,FALSE,FALSE,FALSE,FALSE,FALSE,TRUE,FALSE,42.7,"MICRO_CAP"
"VESUVIUS",530.5,-6.59,FALSE,FALSE,FALSE,FALSE,TRUE,FALSE,FALSE,42.7,"MICRO_CAP"
"SUNDRMFAST",1038.2,4.23,FALSE,TRUE,TRUE,FALSE,FALSE,TRUE,FALSE,42.7,"MICRO_CAP"
"MARINE",220.77,38.74,FALSE,FALSE,FALSE,FALSE,FALSE,FALSE,FALSE,42.7,"MICRO_CAP"
"PNGJL",637.15,11.44,FALSE,FALSE,TRUE,FALSE,FALSE,FALSE,FALSE,42.7,"MICRO_CAP"
"ARTEMISMED",238.63,-6.12,FALSE,FALSE,FALSE,FALSE,TRUE,TRUE,FALSE,42.7,"MICRO_CAP"
"SKIPPER",535.3,9.66,FALSE,FALSE,FALSE,FALSE,FALSE,FALSE,FALSE,42.7,"MICRO_CAP"
"KHAICHEM",128.79,168.69,FALSE,FALSE,TRUE,FALSE,FALSE,FALSE,FALSE,42.7,"MICRO_CAP"
"ADANIENT",2524,-2.75,FALSE,FALSE,FALSE,FALSE,FALSE,TRUE,FALSE,42,"LARGE_CAP"
"POLICYBZR",1809.6,-1.52,FALSE,FALSE,FALSE,FALSE,FALSE,FALSE,FALSE,42,"MID_CAP"
"ABB",5436.9,-10.93,FALSE,FALSE,FALSE,FALSE,TRUE,FALSE,FALSE,42,"SMALL_CAP"
"GILLETTE",10352,-4.54,FALSE,FALSE,FALSE,FALSE,FALSE,FALSE,FALSE,42,"SMALL_CAP"
"PREMEXPLN",622.4,7.28,FALSE,FALSE,TRUE,FALSE,FALSE,FALSE,FALSE,42,"SMALL_CAP"
"HEG",521.35,5.99,FALSE,FALSE,FALSE,FALSE,FALSE,FALSE,FALSE,42,"MICRO_CAP"
"RELIGARE",250.16,13.25,FALSE,FALSE,FALSE,FALSE,FALSE,FALSE,FALSE,42,"MICRO_CAP"
"MANGCHEFER",306.8,16.04,FALSE,FALSE,FALSE,FALSE,FALSE,FALSE,FALSE,42,"MICRO_CAP"
"SHK",248.8,6.45,FALSE,FALSE,FALSE,FALSE,FALSE,TRUE,FALSE,42,"MICRO_CAP"
"HDFCNIFTY",283.03,-0.12,FALSE,FALSE,TRUE,FALSE,FALSE,FALSE,FALSE,42,"MICRO_CAP"
"PREMIERENE",1051.3,0.81,FALSE,FALSE,FALSE,FALSE,FALSE,FALSE,FALSE,41.3,"MID_CAP"
"HINDZINC",453.05,1.06,FALSE,FALSE,FALSE,FALSE,FALSE,TRUE,FALSE,41.3,"SMALL_CAP"
"ACC",1879.1,-0.16,FALSE,FALSE,FALSE,FALSE,TRUE,FALSE,FALSE,41.3,"SMALL_CAP"
"BHAGERIA",182.27,-3.6,FALSE,FALSE,FALSE,FALSE,FALSE,TRUE,FALSE,41.3,"MICRO_CAP"
"RAJESHEXPO",202.53,-0.44,FALSE,FALSE,FALSE,FALSE,TRUE,FALSE,FALSE,41.3,"MICRO_CAP"
"ENDURANCE",2879.5,10.81,FALSE,FALSE,FALSE,FALSE,FALSE,TRUE,FALSE,41.3,"MICRO_CAP"
"CASHIETF",1028.9,1.39,FALSE,FALSE,TRUE,FALSE,FALSE,FALSE,FALSE,41.3,"MICRO_CAP"
"LIQUID1",1069.53,1.41,FALSE,FALSE,TRUE,FALSE,FALSE,FALSE,FALSE,41.3,"MICRO_CAP"
"KIRIINDUS",608.55,4.35,FALSE,FALSE,FALSE,FALSE,TRUE,FALSE,FALSE,41.3,"MICRO_CAP"
"VIPIND",449.95,9.11,FALSE,FALSE,FALSE,FALSE,FALSE,FALSE,FALSE,41.3,"MICRO_CAP"
"HCG",647.45,20.93,FALSE,FALSE,FALSE,FALSE,FALSE,TRUE,FALSE,41.3,"MICRO_CAP"
"HLEGLAS",523,16.77,FALSE,FALSE,FALSE,FALSE,FALSE,TRUE,FALSE,41.3,"MICRO_CAP"
"REDINGTON",299.73,1.09,FALSE,FALSE,FALSE,FALSE,TRUE,FALSE,FALSE,40.7,"LARGE_CAP"
"LT",3675.4,0.49,FALSE,TRUE,TRUE,FALSE,FALSE,FALSE,FALSE,40.7,"LARGE_CAP"
"ANUP",2536.7,-3.44,FALSE,FALSE,FALSE,FALSE,TRUE,TRUE,FALSE,40.7,"MID_CAP"
"TATACONSUM",1126.8,-1.85,FALSE,FALSE,FALSE,FALSE,TRUE,FALSE,FALSE,40.7,"SMALL_CAP"
"HAVELLS",1590.8,1.22,FALSE,FALSE,FALSE,FALSE,FALSE,FALSE,FALSE,40.7,"SMALL_CAP"
"BANDHANBNK",167.08,-11.09,FALSE,FALSE,FALSE,FALSE,FALSE,FALSE,FALSE,40.7,"MICRO_CAP"
"HITECH",121.39,22.21,FALSE,FALSE,FALSE,TRUE,TRUE,FALSE,TRUE,40.7,"MICRO_CAP"
"SYNGENE",665.45,3.49,FALSE,FALSE,FALSE,FALSE,FALSE,FALSE,FALSE,40.7,"MICRO_CAP"
"KAJARIACER",1205,8.8,FALSE,FALSE,FALSE,FALSE,FALSE,FALSE,FALSE,40.7,"MICRO_CAP"
"ROSSARI",675.05,-0.62,FALSE,FALSE,FALSE,FALSE,TRUE,FALSE,FALSE,40.7,"MICRO_CAP"
"HONASA",301.4,-4.07,FALSE,FALSE,TRUE,FALSE,FALSE,FALSE,FALSE,40.7,"MICRO_CAP"
"ISFT",109.87,-2.36,FALSE,FALSE,FALSE,FALSE,FALSE,TRUE,FALSE,40.7,"MICRO_CAP"
"JUNIPER",306.75,7.75,FALSE,FALSE,FALSE,FALSE,FALSE,FALSE,FALSE,40.7,"MICRO_CAP"
"ZUARI",274.1,34.12,FALSE,FALSE,FALSE,FALSE,FALSE,FALSE,FALSE,40.7,"MICRO_CAP"
"BEPL",105.97,-10.66,FALSE,FALSE,FALSE,FALSE,FALSE,FALSE,FALSE,40.7,"MICRO_CAP"
"IREDA",160.87,-6.72,FALSE,FALSE,FALSE,FALSE,TRUE,FALSE,FALSE,40,"MID_CAP"
"TRANSRAILL",799.3,29.82,FALSE,FALSE,TRUE,FALSE,FALSE,FALSE,FALSE,40,"SMALL_CAP"
"MEDANTA",1354.2,22.24,FALSE,FALSE,FALSE,FALSE,FALSE,FALSE,FALSE,40,"MICRO_CAP"
"BERGEPAINT",531.6,-7.69,FALSE,FALSE,FALSE,FALSE,FALSE,FALSE,FALSE,40,"MICRO_CAP"
"VINCOFE",149.77,27.98,FALSE,FALSE,TRUE,FALSE,FALSE,FALSE,FALSE,40,"MICRO_CAP"
"JUNIORBEES",748.75,2.97,FALSE,FALSE,TRUE,FALSE,FALSE,FALSE,FALSE,40,"MICRO_CAP"
"CANFINHOME",773.8,-2.41,FALSE,FALSE,FALSE,FALSE,FALSE,FALSE,FALSE,40,"MICRO_CAP"
"SURAKSHA",315.05,-6.67,FALSE,FALSE,FALSE,FALSE,FALSE,TRUE,FALSE,40,"MICRO_CAP"
"AGARWALEYE",455.05,15.73,FALSE,FALSE,FALSE,FALSE,FALSE,FALSE,FALSE,40,"MICRO_CAP"
"HUHTAMAKI",240.01,10.93,FALSE,FALSE,TRUE,FALSE,FALSE,TRUE,FALSE,40,"MICRO_CAP"
"CANTABIL",267.75,2.33,FALSE,FALSE,FALSE,FALSE,FALSE,FALSE,FALSE,40,"MICRO_CAP"
"RBZJEWEL",144.9,-0.74,FALSE,FALSE,FALSE,FALSE,FALSE,FALSE,FALSE,40,"MICRO_CAP"
"GODREJIND",1175.6,-6.48,FALSE,FALSE,FALSE,FALSE,FALSE,FALSE,FALSE,39.3,"SMALL_CAP"
"AUROPHARMA",1119.2,-0.41,FALSE,FALSE,FALSE,FALSE,TRUE,FALSE,FALSE,39.3,"SMALL_CAP"
"360ONE",1080.8,-8.24,FALSE,FALSE,FALSE,FALSE,FALSE,FALSE,FALSE,39.3,"SMALL_CAP"
"SUNCLAY",1788.6,-16,FALSE,FALSE,FALSE,FALSE,TRUE,TRUE,FALSE,39.3,"MICRO_CAP"
"KEC",866.1,-8.3,FALSE,FALSE,TRUE,FALSE,FALSE,FALSE,FALSE,39.3,"MICRO_CAP"
"CEATLTD",3396.2,-5.59,FALSE,FALSE,FALSE,FALSE,TRUE,FALSE,FALSE,39.3,"MICRO_CAP"
"GLAND",2022.8,14.68,FALSE,FALSE,FALSE,FALSE,FALSE,FALSE,FALSE,39.3,"MICRO_CAP"
"KRN",883.75,7.31,FALSE,FALSE,TRUE,FALSE,FALSE,FALSE,FALSE,39.3,"MICRO_CAP"
"EPACK",382.3,14.13,FALSE,FALSE,FALSE,FALSE,FALSE,FALSE,FALSE,39.3,"MICRO_CAP"
"GSFC",211.04,6.13,FALSE,FALSE,TRUE,FALSE,FALSE,TRUE,FALSE,39.3,"MICRO_CAP"
"ITI",320.35,-0.07,FALSE,FALSE,FALSE,FALSE,FALSE,TRUE,FALSE,39.3,"MICRO_CAP"
"WELENT",558.8,3.53,FALSE,FALSE,FALSE,FALSE,FALSE,FALSE,FALSE,39.3,"MICRO_CAP"
"CELLO",611.7,1.05,FALSE,FALSE,TRUE,FALSE,TRUE,FALSE,FALSE,39.3,"MICRO_CAP"
"PANACEABIO",427.45,5.37,FALSE,FALSE,FALSE,FALSE,TRUE,FALSE,FALSE,39.3,"MICRO_CAP"
"GREENPANEL",305.6,16.36,FALSE,FALSE,FALSE,FALSE,FALSE,FALSE,FALSE,39.3,"MICRO_CAP"
"TOLINS",186.26,18.37,FALSE,FALSE,FALSE,FALSE,FALSE,FALSE,FALSE,39.3,"MICRO_CAP"
"ADVENZYMES",339.55,5.28,FALSE,FALSE,TRUE,FALSE,FALSE,TRUE,FALSE,39.3,"MICRO_CAP"
"ICICIB22",110.92,0.31,FALSE,FALSE,FALSE,FALSE,TRUE,FALSE,FALSE,39.3,"MICRO_CAP"
"BLISSGVS",150.53,1.32,FALSE,FALSE,FALSE,FALSE,FALSE,FALSE,FALSE,39.3,"MICRO_CAP"
"SMCGLOBAL",141.28,-7.82,FALSE,FALSE,FALSE,FALSE,FALSE,FALSE,FALSE,39.3,"MICRO_CAP"
"BOROSCI",136.77,-16.74,FALSE,FALSE,FALSE,FALSE,FALSE,FALSE,FALSE,39.3,"MICRO_CAP"
"ULTRACEMCO",12508,5.32,FALSE,FALSE,FALSE,FALSE,FALSE,FALSE,FALSE,38.7,"LARGE_CAP"
"MCX",8051.5,-10.17,FALSE,FALSE,FALSE,FALSE,FALSE,FALSE,FALSE,38.7,"LARGE_CAP"
"HINDPETRO",413.05,-1.97,FALSE,FALSE,FALSE,FALSE,TRUE,FALSE,FALSE,38.7,"SMALL_CAP"
"SIEMENS",3325.9,5.81,FALSE,FALSE,FALSE,FALSE,FALSE,FALSE,FALSE,38.7,"SMALL_CAP"
"HINDCOPPER",282.86,4.52,FALSE,FALSE,FALSE,FALSE,FALSE,FALSE,FALSE,38.7,"SMALL_CAP"
"AEGISLOG",791.55,-4.68,FALSE,FALSE,FALSE,FALSE,TRUE,FALSE,FALSE,38.7,"MICRO_CAP"
"EIHOTEL",391.1,8.36,FALSE,FALSE,FALSE,FALSE,FALSE,TRUE,FALSE,38.7,"MICRO_CAP"
"GODIGIT",349.3,-1.66,FALSE,FALSE,FALSE,FALSE,FALSE,FALSE,FALSE,38.7,"MICRO_CAP"
"MARATHON",660.75,4.84,FALSE,FALSE,FALSE,FALSE,FALSE,FALSE,FALSE,38.7,"MICRO_CAP"
"COCHINSHIP",1900.8,-10.39,FALSE,FALSE,FALSE,FALSE,FALSE,FALSE,FALSE,38,"MID_CAP"
"CHAMBLFERT",543.2,-3.01,FALSE,FALSE,FALSE,FALSE,FALSE,FALSE,FALSE,38,"MICRO_CAP"
"CONCORDBIO",1695.1,-6.57,FALSE,FALSE,FALSE,FALSE,FALSE,FALSE,FALSE,38,"MICRO_CAP"
"ARVIND",319.5,-10.99,FALSE,FALSE,FALSE,FALSE,TRUE,FALSE,FALSE,38,"MICRO_CAP"
"SHYAMMETL",908.2,5.83,FALSE,FALSE,FALSE,FALSE,FALSE,FALSE,FALSE,38,"MICRO_CAP"
"KALAMANDIR",161.71,15.84,FALSE,FALSE,FALSE,FALSE,FALSE,FALSE,FALSE,38,"MICRO_CAP"
"SUVEN",224.45,95.8,FALSE,FALSE,FALSE,FALSE,FALSE,FALSE,FALSE,38,"MICRO_CAP"
"SUNPHARMA",1656,-0.94,FALSE,FALSE,FALSE,FALSE,TRUE,FALSE,FALSE,37.3,"LARGE_CAP"
"MARICO",720.15,-0.96,FALSE,FALSE,FALSE,FALSE,FALSE,FALSE,FALSE,37.3,"MID_CAP"
"IKS",1555.9,-2.44,FALSE,FALSE,FALSE,FALSE,FALSE,TRUE,FALSE,37.3,"MID_CAP"
"INOXWIND",151.34,-14.8,FALSE,FALSE,FALSE,FALSE,TRUE,FALSE,FALSE,37.3,"MID_CAP"
"EXICOM",163.74,-18.88,FALSE,FALSE,FALSE,FALSE,FALSE,TRUE,FALSE,37.3,"SMALL_CAP"
"LIQUIDCASE",110.53,1.39,FALSE,FALSE,TRUE,FALSE,TRUE,FALSE,FALSE,37.3,"SMALL_CAP"
"KPITTECH",1285.2,0.83,FALSE,FALSE,FALSE,FALSE,TRUE,FALSE,FALSE,37.3,"SMALL_CAP"
"SUPREMEIND",4411.4,0.96,FALSE,FALSE,FALSE,FALSE,FALSE,FALSE,FALSE,37.3,"SMALL_CAP"
"LTIM",5509.5,2.9,FALSE,FALSE,TRUE,FALSE,FALSE,FALSE,FALSE,37.3,"MICRO_CAP"
"MPHASIS",2993.8,7.79,FALSE,FALSE,TRUE,FALSE,FALSE,FALSE,FALSE,37.3,"MICRO_CAP"
"LIQUIDADD",1091.71,1.38,FALSE,FALSE,TRUE,FALSE,FALSE,FALSE,FALSE,37.3,"MICRO_CAP"
"LIQUIDBETF",1048.84,1.37,FALSE,FALSE,TRUE,FALSE,FALSE,TRUE,FALSE,37.3,"MICRO_CAP"
"QUICKHEAL",336.15,-5.82,FALSE,FALSE,FALSE,FALSE,FALSE,FALSE,FALSE,37.3,"MICRO_CAP"
"BHARTIHEXA",1714.7,-6.17,FALSE,FALSE,FALSE,FALSE,FALSE,FALSE,FALSE,37.3,"MICRO_CAP"
"WHIRLPOOL",1337.8,-5.66,FALSE,FALSE,FALSE,FALSE,FALSE,FALSE,FALSE,37.3,"MICRO_CAP"
"KPIL",1269,4,FALSE,FALSE,FALSE,FALSE,FALSE,FALSE,FALSE,37.3,"MICRO_CAP"
"BECTORFOOD",1376,1.48,FALSE,FALSE,FALSE,FALSE,FALSE,TRUE,FALSE,37.3,"MICRO_CAP"
"SAKSOFT",220.84,10.04,FALSE,FALSE,FALSE,FALSE,FALSE,FALSE,FALSE,37.3,"MICRO_CAP"
"SUNTECK",450.05,2.07,FALSE,FALSE,FALSE,FALSE,FALSE,FALSE,FALSE,37.3,"MICRO_CAP"
"BALMLAWRIE",216.26,2.83,FALSE,FALSE,FALSE,FALSE,FALSE,TRUE,FALSE,37.3,"MICRO_CAP"
"RUPA",209.52,-3.63,FALSE,FALSE,FALSE,FALSE,FALSE,FALSE,FALSE,37.3,"MICRO_CAP"
"HEIDELBERG",213.29,5.48,FALSE,FALSE,FALSE,FALSE,FALSE,FALSE,FALSE,37.3,"MICRO_CAP"
"NDTV",129.7,14.81,FALSE,FALSE,FALSE,FALSE,FALSE,FALSE,FALSE,37.3,"MICRO_CAP"
"VEDL",455.6,0.03,FALSE,FALSE,TRUE,FALSE,FALSE,TRUE,FALSE,36.7,"MID_CAP"
"TECHM",1553.8,-9.21,FALSE,FALSE,FALSE,FALSE,FALSE,FALSE,FALSE,36.7,"MID_CAP"
"COFORGE",1795.3,-5.61,FALSE,FALSE,FALSE,FALSE,FALSE,FALSE,FALSE,36.7,"MID_CAP"
"CDSL",1582,-10.77,FALSE,FALSE,FALSE,FALSE,FALSE,FALSE,FALSE,36.7,"MID_CAP"
"CONCOR",553.75,-30.34,FALSE,FALSE,FALSE,FALSE,TRUE,FALSE,FALSE,36.7,"SMALL_CAP"
"PIDILITIND",3048.3,1.07,FALSE,FALSE,FALSE,FALSE,FALSE,FALSE,FALSE,36.7,"SMALL_CAP"
"BEML",4356.2,-2.37,FALSE,FALSE,FALSE,FALSE,FALSE,FALSE,FALSE,36.7,"SMALL_CAP"
"JKTYRE",374.9,6.26,FALSE,FALSE,TRUE,FALSE,FALSE,FALSE,FALSE,36.7,"MICRO_CAP"
"ADSL",198.88,8.39,FALSE,FALSE,FALSE,FALSE,FALSE,FALSE,FALSE,36.7,"MICRO_CAP"
"63MOONS",928.8,-7.38,FALSE,FALSE,FALSE,FALSE,FALSE,FALSE,FALSE,36.7,"MICRO_CAP"
"RALLIS",335.7,2.56,FALSE,FALSE,FALSE,FALSE,FALSE,FALSE,FALSE,36.7,"MICRO_CAP"
"ACI",695.2,11.6,FALSE,TRUE,TRUE,FALSE,FALSE,FALSE,FALSE,36.7,"MICRO_CAP"
"MBAPL",430.2,-1.9,FALSE,FALSE,FALSE,FALSE,FALSE,FALSE,FALSE,36.7,"MICRO_CAP"
"GOPAL",375.1,6.06,FALSE,FALSE,TRUE,FALSE,FALSE,TRUE,FALSE,36.7,"MICRO_CAP"
"GODREJPROP",2145.2,-11.76,FALSE,FALSE,FALSE,FALSE,TRUE,FALSE,FALSE,36,"MID_CAP"
"TATAPOWER",396.3,-2.63,FALSE,FALSE,FALSE,FALSE,FALSE,FALSE,FALSE,36,"MID_CAP"
"PRESTIGE",1618.7,-5.4,FALSE,FALSE,FALSE,FALSE,FALSE,FALSE,FALSE,36,"SMALL_CAP"
"APLAPOLLO",1691.1,-6.66,FALSE,FALSE,FALSE,FALSE,FALSE,FALSE,FALSE,36,"SMALL_CAP"
"TATACOMM",1684.4,0.78,FALSE,FALSE,FALSE,FALSE,FALSE,FALSE,FALSE,36,"SMALL_CAP"
"TITAGARH",955.35,2.01,FALSE,FALSE,TRUE,FALSE,FALSE,FALSE,FALSE,36,"SMALL_CAP"
"MFSL",1561.7,-5.07,FALSE,FALSE,FALSE,FALSE,FALSE,FALSE,FALSE,36,"SMALL_CAP"
"ABSLAMC",824.9,7.02,FALSE,FALSE,FALSE,FALSE,FALSE,FALSE,FALSE,36,"MICRO_CAP"
"GHCL",585.8,-2.97,FALSE,FALSE,FALSE,FALSE,TRUE,FALSE,FALSE,36,"MICRO_CAP"
"WESTLIFE",724.5,-3.16,FALSE,FALSE,FALSE,FALSE,FALSE,FALSE,FALSE,36,"MICRO_CAP"
"SPORTKING",109.63,-5.45,FALSE,FALSE,FALSE,FALSE,FALSE,FALSE,FALSE,36,"MICRO_CAP"
"RPPINFRA",140.74,-43.51,FALSE,FALSE,FALSE,FALSE,TRUE,FALSE,FALSE,36,"MICRO_CAP"
"PFC",409.1,-3.03,FALSE,FALSE,FALSE,FALSE,TRUE,FALSE,FALSE,35.3,"SMALL_CAP"
"JINDALSAW",212.48,-13.91,FALSE,FALSE,FALSE,FALSE,TRUE,TRUE,FALSE,35.3,"SMALL_CAP"
"CYIENT",1242.2,-4.7,FALSE,FALSE,FALSE,FALSE,TRUE,FALSE,FALSE,35.3,"MICRO_CAP"
"BALKRISIND",2522.7,4.19,FALSE,FALSE,FALSE,FALSE,TRUE,FALSE,FALSE,35.3,"MICRO_CAP"
"J&KBANK",105.61,-2.8,FALSE,FALSE,FALSE,FALSE,FALSE,FALSE,FALSE,35.3,"MICRO_CAP"
"VAIBHAVGBL",247.34,4.23,FALSE,FALSE,FALSE,FALSE,TRUE,FALSE,FALSE,35.3,"MICRO_CAP"
"GREENLAM",262.72,12.1,FALSE,FALSE,TRUE,FALSE,FALSE,TRUE,FALSE,35.3,"MICRO_CAP"
"KHADIM",288.21,10.07,FALSE,FALSE,FALSE,FALSE,TRUE,FALSE,FALSE,35.3,"MICRO_CAP"
"KRONOX",170.1,-10.46,FALSE,FALSE,FALSE,FALSE,FALSE,FALSE,FALSE,35.3,"MICRO_CAP"
"HDFCLIFE",782.2,-2.46,FALSE,TRUE,TRUE,FALSE,FALSE,FALSE,FALSE,34.7,"MID_CAP"
"NIFTYBEES",285.9,-0.2,FALSE,FALSE,TRUE,FALSE,FALSE,FALSE,FALSE,34.7,"SMALL_CAP"
"DATAPATTNS",2860.2,-0.09,FALSE,FALSE,FALSE,FALSE,FALSE,FALSE,FALSE,34.7,"SMALL_CAP"
"GRINDWELL",1620.6,-6.47,FALSE,FALSE,FALSE,FALSE,FALSE,TRUE,FALSE,34.7,"MICRO_CAP"
"FIRSTCRY",390.15,-1.91,FALSE,FALSE,TRUE,FALSE,FALSE,TRUE,FALSE,34.7,"MICRO_CAP"
"DEVYANI",178.64,4.5,FALSE,FALSE,FALSE,FALSE,FALSE,TRUE,FALSE,34.7,"MICRO_CAP"
"LIQUIDETF",999.99,0,FALSE,FALSE,FALSE,FALSE,FALSE,FALSE,FALSE,34.7,"MICRO_CAP"
"RRKABEL",1255.5,-7.59,FALSE,FALSE,FALSE,FALSE,FALSE,FALSE,FALSE,34.7,"MICRO_CAP"
"PTC",174.72,-0.98,FALSE,FALSE,FALSE,FALSE,FALSE,FALSE,FALSE,34.7,"MICRO_CAP"
"MONARCH",337.9,3.73,FALSE,FALSE,FALSE,FALSE,FALSE,FALSE,FALSE,34.7,"MICRO_CAP"
"SETFNIF50",270.42,-0.11,FALSE,FALSE,TRUE,FALSE,FALSE,FALSE,FALSE,34.7,"MICRO_CAP"
"NIFTYETF",272.71,-0.4,FALSE,FALSE,TRUE,FALSE,TRUE,FALSE,FALSE,34.7,"MICRO_CAP"
"RGL",120.24,-0.64,FALSE,FALSE,FALSE,FALSE,FALSE,FALSE,FALSE,34.7,"MICRO_CAP"
"MANBA",139.58,-9.56,FALSE,FALSE,FALSE,FALSE,FALSE,TRUE,FALSE,34.7,"MICRO_CAP"
"TITAN",3467.2,-7.03,FALSE,FALSE,FALSE,FALSE,FALSE,FALSE,FALSE,34,"LARGE_CAP"
"ITC",410.65,-2.62,FALSE,FALSE,FALSE,FALSE,FALSE,TRUE,FALSE,34,"LARGE_CAP"
"HEXT",781.75,-9.73,FALSE,FALSE,FALSE,FALSE,FALSE,FALSE,FALSE,34,"LARGE_CAP"
"JIOFIN",317,1.64,FALSE,FALSE,FALSE,FALSE,FALSE,FALSE,FALSE,34,"LARGE_CAP"
"AUBANK",718.7,-14.07,FALSE,FALSE,FALSE,FALSE,FALSE,FALSE,FALSE,34,"MID_CAP"
"LICI",893.55,-7.63,FALSE,FALSE,FALSE,FALSE,FALSE,TRUE,FALSE,34,"SMALL_CAP"
"TEXRAIL",148.49,-19.24,FALSE,FALSE,FALSE,FALSE,FALSE,TRUE,FALSE,34,"SMALL_CAP"
"WELCORP",903.8,-4.13,FALSE,FALSE,FALSE,FALSE,FALSE,FALSE,FALSE,34,"MICRO_CAP"
"BANKNIFTY1",572.59,-2.83,FALSE,FALSE,FALSE,FALSE,FALSE,FALSE,FALSE,34,"MICRO_CAP"
"EIDPARRY",1066.3,5.26,FALSE,FALSE,FALSE,FALSE,FALSE,FALSE,FALSE,34,"MICRO_CAP"
"RELAXO",469.65,12.11,FALSE,FALSE,FALSE,FALSE,FALSE,FALSE,FALSE,34,"MICRO_CAP"
"TAJGVK",430.05,5.61,FALSE,FALSE,FALSE,FALSE,FALSE,TRUE,FALSE,34,"MICRO_CAP"
"MASTERTR",142.4,-4.94,FALSE,FALSE,FALSE,FALSE,FALSE,FALSE,FALSE,34,"MICRO_CAP"
"PNBHOUSING",869.45,-24.76,FALSE,FALSE,FALSE,FALSE,TRUE,FALSE,FALSE,33.3,"MID_CAP"
"PIIND",3731.2,-11.23,FALSE,FALSE,FALSE,FALSE,FALSE,FALSE,FALSE,33.3,"MID_CAP"
"NAVINFLUOR",4793.8,2.66,FALSE,FALSE,FALSE,FALSE,FALSE,FALSE,FALSE,33.3,"MICRO_CAP"
"FSL",375.8,-2.25,FALSE,FALSE,FALSE,FALSE,FALSE,FALSE,FALSE,33.3,"MICRO_CAP"
"INDGN",586.55,2.36,FALSE,FALSE,FALSE,FALSE,TRUE,FALSE,FALSE,33.3,"MICRO_CAP"
"MEDPLUS",840.55,-7.9,FALSE,FALSE,FALSE,FALSE,FALSE,FALSE,FALSE,33.3,"MICRO_CAP"
"TBZ",188.01,0.68,FALSE,FALSE,FALSE,FALSE,FALSE,FALSE,FALSE,33.3,"MICRO_CAP"
"NIFTYIETF",284.58,-0.2,FALSE,FALSE,TRUE,FALSE,FALSE,TRUE,FALSE,33.3,"MICRO_CAP"
"EUREKAFORB",588.6,-2.47,FALSE,FALSE,TRUE,FALSE,FALSE,FALSE,FALSE,33.3,"MICRO_CAP"
"BARBEQUE",243.25,-28.2,FALSE,FALSE,FALSE,FALSE,FALSE,FALSE,FALSE,33.3,"MICRO_CAP"
"HAL",4916.2,2.35,FALSE,FALSE,FALSE,FALSE,TRUE,TRUE,FALSE,32.7,"LARGE_CAP"
"ONGC",236.69,-3.75,FALSE,FALSE,FALSE,FALSE,FALSE,FALSE,FALSE,32.7,"MID_CAP"
"OFSS",9018,-0.71,FALSE,FALSE,TRUE,FALSE,FALSE,TRUE,FALSE,32.7,"SMALL_CAP"
"RECLTD",384.5,-5.39,FALSE,FALSE,FALSE,FALSE,TRUE,FALSE,FALSE,32.7,"SMALL_CAP"
"DEEPAKNTR",1805.7,-9.49,FALSE,FALSE,FALSE,FALSE,FALSE,TRUE,FALSE,32.7,"MICRO_CAP"
"BRIGADE",937.35,-19.29,FALSE,FALSE,FALSE,FALSE,FALSE,FALSE,FALSE,32.7,"MICRO_CAP"
"DCMSHRIRAM",1255.3,5.03,FALSE,FALSE,FALSE,FALSE,FALSE,TRUE,FALSE,32.7,"MICRO_CAP"
"VGUARD",374.35,-3.56,FALSE,FALSE,FALSE,FALSE,TRUE,FALSE,FALSE,32.7,"MICRO_CAP"
"TVSSCS",131.32,-3.75,FALSE,FALSE,FALSE,FALSE,FALSE,TRUE,FALSE,32.7,"MICRO_CAP"
"LATENTVIEW",424.6,4.67,FALSE,FALSE,TRUE,FALSE,FALSE,FALSE,FALSE,32.7,"MICRO_CAP"
"MID150BEES",225.97,1.05,FALSE,FALSE,FALSE,FALSE,FALSE,FALSE,FALSE,32.7,"MICRO_CAP"
"ICIL",298.08,1.37,FALSE,FALSE,FALSE,FALSE,TRUE,FALSE,FALSE,32.7,"MICRO_CAP"
"ICICIBANK",1402.2,-2.93,FALSE,FALSE,FALSE,FALSE,FALSE,FALSE,FALSE,32,"LARGE_CAP"
"INDUSINDBK",744.4,-12.52,FALSE,FALSE,FALSE,FALSE,FALSE,FALSE,FALSE,32,"LARGE_CAP"
"VBL",474.45,4,FALSE,FALSE,FALSE,FALSE,FALSE,FALSE,FALSE,32,"MID_CAP"
"KFINTECH",1149.9,-14.97,FALSE,FALSE,FALSE,FALSE,TRUE,FALSE,FALSE,32,"SMALL_CAP"
"ERIS",1639.6,1.52,FALSE,FALSE,FALSE,FALSE,FALSE,FALSE,FALSE,32,"MICRO_CAP"
"AURIONPRO",1233.1,-13.75,FALSE,FALSE,FALSE,FALSE,TRUE,FALSE,FALSE,32,"MICRO_CAP"
"BLS",365.35,-1.33,FALSE,FALSE,FALSE,FALSE,FALSE,FALSE,FALSE,32,"MICRO_CAP"
"STAR",871,-2.1,FALSE,FALSE,FALSE,FALSE,FALSE,FALSE,FALSE,32,"MICRO_CAP"
"DIAMONDYD",1035.85,0.12,FALSE,FALSE,FALSE,FALSE,TRUE,FALSE,FALSE,32,"MICRO_CAP"
"PRAKASH",167.71,2.4,FALSE,FALSE,FALSE,FALSE,TRUE,FALSE,FALSE,32,"MICRO_CAP"
"JKPAPER",393.4,7.86,FALSE,FALSE,TRUE,FALSE,FALSE,TRUE,FALSE,32,"MICRO_CAP"
"EKC",139.96,3.55,FALSE,FALSE,FALSE,FALSE,FALSE,TRUE,FALSE,32,"MICRO_CAP"
"INDOAMIN",143.71,-13.84,FALSE,FALSE,FALSE,FALSE,FALSE,FALSE,FALSE,32,"MICRO_CAP"
"DIVISLAB",6200,-7.18,FALSE,FALSE,FALSE,FALSE,TRUE,FALSE,FALSE,31.3,"MID_CAP"
"HOMEFIRST",1268.9,-9.74,FALSE,FALSE,FALSE,FALSE,FALSE,FALSE,FALSE,31.3,"MICRO_CAP"
"THERMAX",3307.6,-5.12,FALSE,FALSE,FALSE,FALSE,FALSE,FALSE,FALSE,31.3,"MICRO_CAP"
"SBFC",107.44,3.5,FALSE,FALSE,FALSE,FALSE,FALSE,FALSE,FALSE,31.3,"MICRO_CAP"
"BANKBEES",573.47,-2.54,FALSE,FALSE,FALSE,FALSE,FALSE,TRUE,FALSE,31.3,"MICRO_CAP"
"HDFCSML250",176.03,0.02,FALSE,TRUE,FALSE,FALSE,FALSE,FALSE,FALSE,31.3,"MICRO_CAP"
"ARKADE",180.92,-7.02,FALSE,FALSE,FALSE,FALSE,FALSE,FALSE,FALSE,31.3,"MICRO_CAP"
"THEMISMED",129.56,-1.83,FALSE,FALSE,FALSE,FALSE,TRUE,FALSE,FALSE,31.3,"MICRO_CAP"
"NTPC",338.65,0.51,FALSE,FALSE,FALSE,FALSE,TRUE,FALSE,FALSE,30.7,"MID_CAP"
"POWERMECH",2973.4,-6.58,FALSE,FALSE,FALSE,FALSE,FALSE,TRUE,FALSE,30.7,"MID_CAP"
"ONESOURCE",1840.9,-9.22,FALSE,FALSE,FALSE,FALSE,FALSE,FALSE,FALSE,30.7,"SMALL_CAP"
"LICHSGFIN",592.8,-5.37,FALSE,FALSE,FALSE,FALSE,TRUE,FALSE,FALSE,30.7,"SMALL_CAP"
"KPRMILL",1133.45,1.68,FALSE,FALSE,FALSE,FALSE,TRUE,FALSE,FALSE,30.7,"MICRO_CAP"
"IIFL",454.05,-5.71,FALSE,FALSE,FALSE,FALSE,FALSE,FALSE,FALSE,30.7,"MICRO_CAP"
"ZENSARTECH",857.75,1.54,FALSE,TRUE,FALSE,FALSE,FALSE,FALSE,FALSE,30.7,"MICRO_CAP"
"TARC",175.2,-12.57,FALSE,FALSE,FALSE,FALSE,FALSE,FALSE,FALSE,30.7,"MICRO_CAP"
"AEROFLEX",189.28,-8.53,FALSE,FALSE,FALSE,FALSE,FALSE,FALSE,FALSE,30.7,"MICRO_CAP"
"CSBBANK",350.6,-12.37,FALSE,FALSE,FALSE,FALSE,FALSE,TRUE,FALSE,30.7,"MICRO_CAP"
"DCBBANK",130.21,-10.49,FALSE,FALSE,FALSE,FALSE,TRUE,FALSE,FALSE,30.7,"MICRO_CAP"
"RHIM",483.85,1.42,FALSE,FALSE,FALSE,FALSE,FALSE,FALSE,FALSE,30.7,"MICRO_CAP"
"GPTHEALTH",149.91,3.31,FALSE,FALSE,FALSE,FALSE,FALSE,FALSE,FALSE,30.7,"MICRO_CAP"
"SANATHAN",512.5,16.71,FALSE,FALSE,FALSE,FALSE,FALSE,FALSE,FALSE,30.7,"MICRO_CAP"
"SSWL",244.01,-12.11,FALSE,FALSE,TRUE,FALSE,FALSE,FALSE,FALSE,30.7,"MICRO_CAP"
"RELIANCE",1407.4,-6.71,FALSE,FALSE,FALSE,FALSE,FALSE,FALSE,FALSE,30,"LARGE_CAP"
"SHRIRAMFIN",633.2,-11.36,FALSE,FALSE,FALSE,FALSE,TRUE,FALSE,FALSE,30,"MID_CAP"
"PERSISTENT",5506,-10.36,FALSE,FALSE,FALSE,FALSE,TRUE,FALSE,FALSE,30,"MID_CAP"
"PETRONET",278.4,-8.15,FALSE,FALSE,FALSE,FALSE,FALSE,FALSE,FALSE,30,"SMALL_CAP"
"ACE",1150,-6.93,FALSE,FALSE,FALSE,FALSE,FALSE,TRUE,FALSE,30,"MICRO_CAP"
"EMAMILTD",579.6,1.08,FALSE,FALSE,FALSE,FALSE,TRUE,FALSE,FALSE,30,"MICRO_CAP"
"HATSUN",899.8,-5.56,FALSE,FALSE,FALSE,FALSE,FALSE,FALSE,FALSE,30,"MICRO_CAP"
"CMSINFO",407.55,-19.63,FALSE,FALSE,FALSE,FALSE,FALSE,FALSE,FALSE,30,"MICRO_CAP"
"RITES",272.47,-2.65,FALSE,FALSE,FALSE,FALSE,FALSE,TRUE,FALSE,30,"MICRO_CAP"
"MAXESTATES",469,-8.1,FALSE,FALSE,FALSE,FALSE,FALSE,FALSE,FALSE,30,"MICRO_CAP"
"MAHLOG",362.85,8.63,FALSE,FALSE,FALSE,FALSE,FALSE,FALSE,FALSE,30,"MICRO_CAP"
"WALCHANNAG",208.66,32.27,FALSE,FALSE,FALSE,FALSE,FALSE,FALSE,FALSE,30,"MICRO_CAP"
"TCS",3169.2,-9.04,FALSE,FALSE,FALSE,FALSE,TRUE,FALSE,FALSE,29.3,"LARGE_CAP"
"MAXHEALTH",1159.7,-9.63,FALSE,FALSE,FALSE,FALSE,FALSE,TRUE,FALSE,29.3,"LARGE_CAP"
"INDIGO",5679,-0.25,FALSE,FALSE,FALSE,FALSE,FALSE,TRUE,FALSE,29.3,"MID_CAP"
"WIPRO",255.88,-5.37,FALSE,FALSE,FALSE,FALSE,FALSE,FALSE,FALSE,29.3,"MID_CAP"
"ZEEL",116.45,-21.69,FALSE,FALSE,FALSE,FALSE,FALSE,FALSE,FALSE,29.3,"SMALL_CAP"
"UNITDSPR",1328.2,-9.19,FALSE,FALSE,FALSE,FALSE,FALSE,FALSE,FALSE,29.3,"SMALL_CAP"
"IRCTC",736.6,-5.38,FALSE,FALSE,FALSE,FALSE,TRUE,FALSE,FALSE,29.3,"MICRO_CAP"
"JMFINANCIL",171.6,11.43,FALSE,FALSE,FALSE,FALSE,FALSE,FALSE,FALSE,29.3,"MICRO_CAP"
"INTELLECT",1061.15,-6.09,FALSE,FALSE,FALSE,FALSE,FALSE,FALSE,FALSE,29.3,"MICRO_CAP"
"INDIAGLYCO",873,-65.56,FALSE,FALSE,FALSE,FALSE,TRUE,TRUE,FALSE,29.3,"MICRO_CAP"
"JYOTICNC",953.9,-17.71,FALSE,FALSE,FALSE,FALSE,TRUE,FALSE,FALSE,29.3,"MICRO_CAP"
"RAYMONDLSL",1270.8,11.58,FALSE,FALSE,TRUE,FALSE,FALSE,FALSE,FALSE,29.3,"MICRO_CAP"
"SFL",680.85,-9.75,FALSE,FALSE,FALSE,FALSE,FALSE,TRUE,FALSE,29.3,"MICRO_CAP"
"PRECAM",210.32,2.77,FALSE,FALSE,TRUE,FALSE,FALSE,FALSE,FALSE,29.3,"MICRO_CAP"
"ALEMBICLTD",106.53,-8.17,FALSE,FALSE,FALSE,FALSE,FALSE,FALSE,FALSE,29.3,"MICRO_CAP"
"INFY",1540.2,-5.35,FALSE,FALSE,FALSE,FALSE,TRUE,FALSE,FALSE,28.7,"LARGE_CAP"
"DLF",777.7,-9.35,FALSE,FALSE,FALSE,FALSE,FALSE,FALSE,FALSE,28.7,"MID_CAP"
"GAIL",181.65,-3.14,FALSE,FALSE,FALSE,FALSE,TRUE,FALSE,FALSE,28.7,"SMALL_CAP"
"PEL",1122.2,-2.73,FALSE,FALSE,FALSE,FALSE,FALSE,FALSE,FALSE,28.7,"SMALL_CAP"
"SIGNATURE",1107.6,-13.33,FALSE,FALSE,FALSE,FALSE,FALSE,FALSE,FALSE,28.7,"MICRO_CAP"
"LIQUIDIETF",999.99,0,FALSE,FALSE,FALSE,FALSE,FALSE,FALSE,FALSE,28.7,"MICRO_CAP"
"RKFORGE",566.8,-19.06,FALSE,FALSE,FALSE,FALSE,FALSE,FALSE,FALSE,28.7,"MICRO_CAP"
"MANORAMA",1429.7,0.73,FALSE,FALSE,FALSE,FALSE,FALSE,FALSE,FALSE,28.7,"MICRO_CAP"
"SAREGAMA",490.6,-2.34,FALSE,FALSE,FALSE,FALSE,TRUE,FALSE,FALSE,28.7,"MICRO_CAP"
"GPPL",157.05,-3.29,FALSE,FALSE,FALSE,FALSE,FALSE,FALSE,FALSE,28.7,"MICRO_CAP"
"PNCINFRA",306.65,1.26,FALSE,FALSE,FALSE,FALSE,FALSE,FALSE,FALSE,28.7,"MICRO_CAP"
"RCF",154.03,-2.15,FALSE,FALSE,FALSE,FALSE,FALSE,FALSE,FALSE,28.7,"MICRO_CAP"
"JGCHEM",464.35,18.35,FALSE,FALSE,FALSE,FALSE,FALSE,FALSE,FALSE,28.7,"MICRO_CAP"
"PRECWIRE",182.36,-0.97,FALSE,FALSE,FALSE,FALSE,FALSE,FALSE,FALSE,28.7,"MICRO_CAP"
"POWERGRID",286.2,-2.84,FALSE,FALSE,FALSE,FALSE,TRUE,TRUE,FALSE,28,"MID_CAP"
"IRFC",129.69,-8.31,FALSE,FALSE,FALSE,FALSE,FALSE,FALSE,FALSE,28,"SMALL_CAP"
"SPARC",143.28,-11.65,FALSE,FALSE,FALSE,FALSE,FALSE,FALSE,FALSE,28,"MICRO_CAP"
"UNICHEMLAB",502.95,-18.45,FALSE,FALSE,FALSE,FALSE,FALSE,FALSE,FALSE,28,"MICRO_CAP"
"PARKHOTELS",157.78,-4.72,FALSE,FALSE,TRUE,FALSE,FALSE,FALSE,FALSE,28,"MICRO_CAP"
"PDMJEPAPER",127.32,9.29,FALSE,FALSE,FALSE,FALSE,FALSE,TRUE,FALSE,28,"MICRO_CAP"
"OMINFRAL",110.29,-20.31,FALSE,FALSE,FALSE,FALSE,TRUE,TRUE,FALSE,28,"MICRO_CAP"
"ICICIGI",1866,-8.55,FALSE,FALSE,FALSE,FALSE,FALSE,FALSE,FALSE,27.3,"SMALL_CAP"
"ZENTEC",1604.2,-17.67,FALSE,FALSE,FALSE,FALSE,FALSE,TRUE,FALSE,27.3,"SMALL_CAP"
"SWSOLAR",270.9,-15.32,FALSE,FALSE,FALSE,FALSE,FALSE,FALSE,FALSE,27.3,"MICRO_CAP"
"FINCABLES",830.85,-13.3,FALSE,FALSE,FALSE,FALSE,FALSE,TRUE,FALSE,27.3,"MICRO_CAP"
"NELCO",910.55,-14,FALSE,FALSE,FALSE,FALSE,FALSE,TRUE,FALSE,27.3,"MICRO_CAP"
"CASTROLIND",202.61,-6.17,FALSE,FALSE,FALSE,FALSE,FALSE,FALSE,FALSE,27.3,"MICRO_CAP"
"IONEXCHANG",424.55,-22.83,FALSE,FALSE,FALSE,FALSE,FALSE,FALSE,FALSE,27.3,"MICRO_CAP"
"INDOCO",301.95,2.65,FALSE,FALSE,FALSE,FALSE,FALSE,TRUE,FALSE,27.3,"MICRO_CAP"
"NIITMTS",326.65,-3.57,FALSE,FALSE,FALSE,FALSE,FALSE,FALSE,FALSE,27.3,"MICRO_CAP"
"RSYSTEMS",443.5,-3.49,FALSE,FALSE,FALSE,FALSE,FALSE,TRUE,FALSE,27.3,"MICRO_CAP"
"UDS",259.5,-11.56,FALSE,FALSE,FALSE,FALSE,TRUE,FALSE,FALSE,27.3,"MICRO_CAP"
"SATIN",147,-9.09,FALSE,FALSE,FALSE,FALSE,TRUE,FALSE,FALSE,27.3,"MICRO_CAP"
"NH",1772.8,-16.55,FALSE,FALSE,FALSE,FALSE,FALSE,FALSE,FALSE,26.7,"MID_CAP"
"POWERINDIA",19025,-2.44,FALSE,FALSE,FALSE,FALSE,FALSE,FALSE,FALSE,26.7,"SMALL_CAP"
"EMBDL",100.16,-21.78,FALSE,FALSE,FALSE,FALSE,FALSE,TRUE,FALSE,26.7,"SMALL_CAP"
"LIQUIDBEES",1000,0,FALSE,FALSE,FALSE,FALSE,FALSE,FALSE,FALSE,26.7,"SMALL_CAP"
"BAJAJHFL",114.58,-6.86,FALSE,FALSE,FALSE,FALSE,FALSE,FALSE,FALSE,26.7,"MICRO_CAP"
"BSOFT",381.45,-15.68,FALSE,FALSE,FALSE,FALSE,TRUE,FALSE,FALSE,26.7,"MICRO_CAP"
"JUBLPHARMA",1100.2,-7.72,FALSE,FALSE,FALSE,FALSE,FALSE,FALSE,FALSE,26.7,"MICRO_CAP"
"ANURAS",1078,-5.2,FALSE,FALSE,FALSE,FALSE,FALSE,TRUE,FALSE,26.7,"MICRO_CAP"
"CLEAN",1178,-22.87,FALSE,FALSE,FALSE,FALSE,FALSE,TRUE,FALSE,26.7,"MICRO_CAP"
"JKIL",652.3,-11.73,FALSE,FALSE,FALSE,FALSE,TRUE,FALSE,FALSE,26.7,"MICRO_CAP"
"PRINCEPIPE",333.25,-7.08,FALSE,FALSE,FALSE,FALSE,FALSE,FALSE,FALSE,26.7,"MICRO_CAP"
"VERANDA",220.07,13.41,FALSE,FALSE,FALSE,FALSE,FALSE,FALSE,FALSE,26.7,"MICRO_CAP"
"BAJAJELEC",589.7,-15.04,FALSE,FALSE,FALSE,FALSE,FALSE,TRUE,FALSE,26.7,"MICRO_CAP"
"SURYODAY",133.11,-3.48,FALSE,FALSE,FALSE,FALSE,FALSE,FALSE,FALSE,26.7,"MICRO_CAP"
"BSE",2182.6,-25.27,FALSE,FALSE,FALSE,FALSE,FALSE,FALSE,FALSE,26,"LARGE_CAP"
"AMBUJACEM",582.45,3.16,FALSE,FALSE,FALSE,FALSE,FALSE,TRUE,FALSE,26,"MID_CAP"
"OIL",404.05,-9.87,FALSE,FALSE,FALSE,FALSE,TRUE,FALSE,FALSE,26,"SMALL_CAP"
"INDIAMART",2469.6,-7.26,FALSE,FALSE,FALSE,FALSE,FALSE,FALSE,FALSE,26,"MICRO_CAP"
"MANYAVAR",717.55,-11.96,FALSE,FALSE,FALSE,FALSE,FALSE,FALSE,FALSE,26,"MICRO_CAP"
"ORIENTCEM",219.56,-8.84,FALSE,FALSE,FALSE,FALSE,FALSE,FALSE,FALSE,26,"MICRO_CAP"
"MASTEK",2420.6,-1.57,FALSE,FALSE,FALSE,FALSE,FALSE,FALSE,FALSE,26,"MICRO_CAP"
"GNFC",513,-7.69,FALSE,FALSE,FALSE,FALSE,FALSE,FALSE,FALSE,26,"MICRO_CAP"
"INDIASHLTR",890.95,1.23,FALSE,FALSE,FALSE,FALSE,FALSE,FALSE,FALSE,26,"MICRO_CAP"
"MOIL",355.6,-9.32,FALSE,FALSE,FALSE,FALSE,FALSE,FALSE,FALSE,26,"MICRO_CAP"
"APLLTD",959,-1.83,FALSE,FALSE,FALSE,FALSE,FALSE,FALSE,FALSE,26,"MICRO_CAP"
"KOPRAN",172.42,-7.65,FALSE,FALSE,FALSE,FALSE,TRUE,FALSE,FALSE,26,"MICRO_CAP"
"GAEL",110.1,-2.16,FALSE,FALSE,FALSE,FALSE,TRUE,FALSE,FALSE,26,"MICRO_CAP"
"TORNTPOWER",1264.5,-15.33,FALSE,FALSE,FALSE,FALSE,FALSE,TRUE,FALSE,25.3,"SMALL_CAP"
"SBICARD",871.65,-12.13,FALSE,FALSE,FALSE,FALSE,TRUE,FALSE,FALSE,25.3,"SMALL_CAP"
"BLUEJET",679.45,-24.97,FALSE,FALSE,FALSE,FALSE,TRUE,FALSE,FALSE,25.3,"SMALL_CAP"
"NTPCGREEN",104.03,-2.91,FALSE,FALSE,FALSE,FALSE,FALSE,FALSE,FALSE,25.3,"MICRO_CAP"
"RAILTEL",393.8,-8.08,FALSE,FALSE,FALSE,FALSE,FALSE,FALSE,FALSE,25.3,"MICRO_CAP"
"HIMATSEIDE",131.64,-12.99,FALSE,FALSE,FALSE,FALSE,TRUE,TRUE,FALSE,25.3,"MICRO_CAP"
"GUJGASLTD",434.95,-6.51,FALSE,FALSE,FALSE,FALSE,FALSE,FALSE,FALSE,25.3,"MICRO_CAP"
"KOTAKBANK",2031,-8.96,FALSE,FALSE,FALSE,FALSE,TRUE,FALSE,FALSE,24.7,"LARGE_CAP"
"INDUSTOWER",356.85,-16.08,FALSE,FALSE,FALSE,FALSE,TRUE,TRUE,FALSE,24.7,"MID_CAP"
"SUNDARMFIN",4576.9,-6.8,FALSE,FALSE,FALSE,FALSE,TRUE,TRUE,FALSE,24.7,"SMALL_CAP"
"NBCC",110.81,-12.07,FALSE,FALSE,FALSE,FALSE,FALSE,TRUE,FALSE,24.7,"MICRO_CAP"
"WOCKPHARMA",1505.7,-10.34,FALSE,FALSE,FALSE,FALSE,FALSE,FALSE,FALSE,24.7,"MICRO_CAP"
"AIAENG",3074.9,-8.56,FALSE,FALSE,FALSE,FALSE,FALSE,TRUE,FALSE,24.7,"MICRO_CAP"
"ELECON",621.5,-0.89,FALSE,FALSE,FALSE,FALSE,TRUE,FALSE,FALSE,24.7,"MICRO_CAP"
"AARTIIND",393.2,-19.84,FALSE,FALSE,FALSE,FALSE,TRUE,FALSE,FALSE,24.7,"MICRO_CAP"
"GMMPFAUDLR",1125.7,-5.8,FALSE,FALSE,FALSE,FALSE,FALSE,FALSE,FALSE,24.7,"MICRO_CAP"
"BALRAMCHIN",509.75,-15.36,FALSE,FALSE,FALSE,FALSE,FALSE,TRUE,FALSE,24.7,"MICRO_CAP"
"SAMHI",209.07,-6.62,FALSE,FALSE,FALSE,FALSE,FALSE,FALSE,FALSE,24.7,"MICRO_CAP"
"LIQUID",999.99,0,FALSE,FALSE,FALSE,FALSE,FALSE,FALSE,FALSE,24.7,"MICRO_CAP"
"HIKAL",269.4,-28.66,FALSE,FALSE,FALSE,FALSE,TRUE,TRUE,FALSE,24.7,"MICRO_CAP"
"GANDHAR",147.24,-17.21,FALSE,FALSE,FALSE,FALSE,FALSE,FALSE,FALSE,24.7,"MICRO_CAP"
"KCP",203.18,-0.94,FALSE,FALSE,FALSE,FALSE,FALSE,FALSE,FALSE,24.7,"MICRO_CAP"
"PGEL",571.15,-27.61,FALSE,FALSE,FALSE,FALSE,FALSE,TRUE,FALSE,24,"SMALL_CAP"
"ELGIEQUIP",500.35,-6.21,FALSE,FALSE,FALSE,FALSE,FALSE,FALSE,FALSE,24,"MICRO_CAP"
"WEBELSOLAR",1291.9,-5.03,FALSE,FALSE,FALSE,FALSE,FALSE,FALSE,FALSE,24,"MICRO_CAP"
"HAPPSTMNDS",581,-11.53,FALSE,FALSE,FALSE,FALSE,FALSE,FALSE,FALSE,24,"MICRO_CAP"
"IDEAFORGE",535.35,-10.94,FALSE,FALSE,TRUE,FALSE,FALSE,TRUE,FALSE,24,"MICRO_CAP"
"ROUTE",855.6,-15.89,FALSE,FALSE,FALSE,FALSE,FALSE,FALSE,FALSE,24,"MICRO_CAP"
"MIDHANI",406.95,-7.23,FALSE,FALSE,FALSE,FALSE,FALSE,FALSE,FALSE,24,"MICRO_CAP"
"FINOPB",274.8,-7.06,FALSE,FALSE,TRUE,FALSE,FALSE,FALSE,FALSE,24,"MICRO_CAP"
"JUBLINGREA",673.85,-14.01,FALSE,FALSE,FALSE,FALSE,FALSE,FALSE,FALSE,23.3,"SMALL_CAP"
"IRCON",185.19,-10.01,FALSE,FALSE,FALSE,FALSE,FALSE,TRUE,FALSE,23.3,"MICRO_CAP"
"TECHNOE",1416.8,-8.43,FALSE,FALSE,FALSE,FALSE,FALSE,FALSE,FALSE,23.3,"MICRO_CAP"
"SCI",219.59,-1.38,FALSE,FALSE,FALSE,FALSE,FALSE,TRUE,FALSE,23.3,"MICRO_CAP"
"SKYGOLD",293,-11.96,FALSE,FALSE,FALSE,FALSE,FALSE,FALSE,FALSE,23.3,"MICRO_CAP"
"QUESS",267.4,-12.39,FALSE,FALSE,FALSE,FALSE,FALSE,TRUE,FALSE,23.3,"MICRO_CAP"
"JYOTHYLAB",322.5,-4.46,FALSE,FALSE,FALSE,FALSE,FALSE,FALSE,FALSE,23.3,"MICRO_CAP"
"HGINFRA",1004.8,-6.18,FALSE,FALSE,FALSE,FALSE,FALSE,FALSE,FALSE,23.3,"MICRO_CAP"
"BIRLAMONEY",181.22,-3.99,FALSE,FALSE,FALSE,FALSE,FALSE,TRUE,FALSE,23.3,"MICRO_CAP"
"RVNL",363.45,-10.31,FALSE,FALSE,FALSE,FALSE,TRUE,FALSE,FALSE,22.7,"MID_CAP"
"ICICIPRULI",602.55,-7.89,FALSE,FALSE,FALSE,FALSE,FALSE,FALSE,FALSE,22.7,"MICRO_CAP"
"HSCL",467.05,4.6,FALSE,FALSE,FALSE,FALSE,FALSE,FALSE,FALSE,22.7,"MICRO_CAP"
"CROMPTON",313.95,-13.98,FALSE,FALSE,FALSE,FALSE,FALSE,FALSE,FALSE,22.7,"MICRO_CAP"
"TRITURBINE",536.1,-13.55,FALSE,FALSE,FALSE,FALSE,FALSE,FALSE,FALSE,22.7,"MICRO_CAP"
"KITEX",220.22,-9.72,FALSE,FALSE,FALSE,FALSE,FALSE,FALSE,FALSE,22.7,"MICRO_CAP"
"GICRE",364.05,-5.24,FALSE,FALSE,FALSE,FALSE,FALSE,FALSE,FALSE,22.7,"MICRO_CAP"
"ABREL",1886.7,-21.9,FALSE,FALSE,FALSE,FALSE,TRUE,FALSE,FALSE,22.7,"MICRO_CAP"
"SULA",284.8,-7.56,FALSE,FALSE,FALSE,FALSE,TRUE,FALSE,FALSE,22.7,"MICRO_CAP"
"NOCIL",181.2,-3.92,FALSE,FALSE,FALSE,FALSE,TRUE,FALSE,FALSE,22.7,"MICRO_CAP"
"NESTLEIND",1194.5,-58.07,FALSE,FALSE,FALSE,FALSE,FALSE,TRUE,FALSE,22,"MID_CAP"
"SRF",2937.2,-7.19,FALSE,FALSE,FALSE,FALSE,FALSE,FALSE,FALSE,22,"MICRO_CAP"
"MGL",1344.7,-8.08,FALSE,FALSE,FALSE,FALSE,TRUE,FALSE,FALSE,22,"MICRO_CAP"
"IGIL",371.35,3.58,FALSE,FALSE,FALSE,FALSE,FALSE,FALSE,FALSE,22,"MICRO_CAP"
"RAIN",138.19,-6.72,FALSE,FALSE,FALSE,FALSE,FALSE,FALSE,FALSE,22,"MICRO_CAP"
"TIPSMUSIC",599.75,-12.14,FALSE,FALSE,FALSE,FALSE,TRUE,FALSE,FALSE,22,"MICRO_CAP"
"ORIENTELEC",203.66,-9.61,FALSE,FALSE,FALSE,FALSE,FALSE,TRUE,FALSE,22,"MICRO_CAP"
"PDSL",353.65,-14.23,FALSE,FALSE,FALSE,FALSE,TRUE,FALSE,FALSE,22,"MICRO_CAP"
"RATNAVEER",145.43,-12.45,FALSE,FALSE,FALSE,FALSE,FALSE,FALSE,FALSE,22,"MICRO_CAP"
"TRENT",5080,-19.2,FALSE,FALSE,FALSE,FALSE,FALSE,FALSE,FALSE,21.3,"LARGE_CAP"
"HCLTECH",1467.4,-17,FALSE,FALSE,FALSE,FALSE,FALSE,FALSE,FALSE,21.3,"MID_CAP"
"MOTHERSON",109.08,-33.5,FALSE,FALSE,FALSE,FALSE,TRUE,FALSE,FALSE,21.3,"SMALL_CAP"
"GODREJCP",1238.9,5.26,FALSE,FALSE,FALSE,FALSE,FALSE,TRUE,FALSE,21.3,"SMALL_CAP"
"NCC",216.99,-6.91,FALSE,FALSE,FALSE,FALSE,TRUE,FALSE,FALSE,21.3,"MICRO_CAP"
"KTKBANK",175.89,-17.58,FALSE,FALSE,FALSE,FALSE,FALSE,FALSE,FALSE,21.3,"MICRO_CAP"
"GOKEX",835.55,-6.04,FALSE,FALSE,FALSE,FALSE,TRUE,FALSE,FALSE,21.3,"MICRO_CAP"
"GSPL",314.35,-1.96,FALSE,FALSE,FALSE,FALSE,TRUE,TRUE,FALSE,21.3,"MICRO_CAP"
"NITCO",114.18,-17.79,FALSE,FALSE,FALSE,FALSE,FALSE,TRUE,FALSE,21.3,"MICRO_CAP"
"PURVA",273.6,-7.29,FALSE,FALSE,FALSE,FALSE,FALSE,FALSE,FALSE,21.3,"MICRO_CAP"
"LODHA",1216.1,-17.84,FALSE,FALSE,FALSE,FALSE,FALSE,FALSE,FALSE,20.7,"SMALL_CAP"
"FIVESTAR",537.8,-33.28,FALSE,FALSE,FALSE,FALSE,FALSE,TRUE,FALSE,20.7,"MICRO_CAP"
"POLYMED",1996.2,-10.05,FALSE,FALSE,FALSE,FALSE,FALSE,TRUE,FALSE,20.7,"MICRO_CAP"
"SHAKTIPUMP",875.55,-9.07,FALSE,FALSE,FALSE,FALSE,FALSE,FALSE,FALSE,20.7,"MICRO_CAP"
"KPIGREEN",481.3,-3.64,FALSE,FALSE,FALSE,FALSE,FALSE,FALSE,FALSE,20.7,"MICRO_CAP"
"RAYMOND",620.55,4.12,FALSE,FALSE,FALSE,FALSE,FALSE,FALSE,FALSE,20.7,"MICRO_CAP"
"SDBL",135.09,-22.9,FALSE,FALSE,FALSE,FALSE,FALSE,FALSE,FALSE,20.7,"MICRO_CAP"
"LOKESHMACH",178.6,-35.33,FALSE,FALSE,FALSE,FALSE,FALSE,FALSE,FALSE,20.7,"MICRO_CAP"
"NAUKRI",1376.1,-10.56,FALSE,FALSE,FALSE,FALSE,FALSE,FALSE,FALSE,20,"SMALL_CAP"
"JUBLFOOD",626.4,-13.6,FALSE,FALSE,FALSE,FALSE,FALSE,TRUE,FALSE,20,"SMALL_CAP"
"ZYDUSWELL",515.9,-85.06,FALSE,FALSE,FALSE,FALSE,FALSE,FALSE,FALSE,20,"MICRO_CAP"
"ENGINERSIN",206.6,-13,FALSE,FALSE,FALSE,FALSE,FALSE,FALSE,FALSE,20,"MICRO_CAP"
"KARURVYSYA",217.18,-14.92,FALSE,FALSE,FALSE,FALSE,TRUE,FALSE,FALSE,20,"MICRO_CAP"
"SUNTV",557.5,-6.26,FALSE,FALSE,FALSE,FALSE,FALSE,FALSE,FALSE,20,"MICRO_CAP"
"LIKHITHA",241.19,-19.59,FALSE,FALSE,FALSE,FALSE,FALSE,TRUE,FALSE,20,"MICRO_CAP"
"TATAELXSI",5722.5,-10.04,FALSE,FALSE,FALSE,FALSE,TRUE,FALSE,FALSE,19.3,"SMALL_CAP"
"NATCOPHARM",884.25,1.72,FALSE,FALSE,FALSE,FALSE,FALSE,FALSE,FALSE,19.3,"MICRO_CAP"
"JAIBALAJI",101.04,-26.36,FALSE,FALSE,FALSE,FALSE,FALSE,TRUE,FALSE,19.3,"MICRO_CAP"
"RAMCOCEM",1054.2,0.41,FALSE,FALSE,FALSE,FALSE,FALSE,FALSE,FALSE,19.3,"MICRO_CAP"
"ELECTCAST",100.17,-30.71,FALSE,FALSE,FALSE,FALSE,FALSE,FALSE,FALSE,19.3,"MICRO_CAP"
"EPL",219.34,-8.56,FALSE,FALSE,FALSE,FALSE,FALSE,FALSE,FALSE,19.3,"MICRO_CAP"
"HPL",484.05,-12,FALSE,FALSE,FALSE,FALSE,FALSE,FALSE,FALSE,19.3,"MICRO_CAP"
"VSTIND",269,-8.81,FALSE,FALSE,FALSE,FALSE,FALSE,FALSE,FALSE,19.3,"MICRO_CAP"
"GODFRYPHLP",3525,-67.37,FALSE,FALSE,FALSE,FALSE,FALSE,FALSE,FALSE,18.7,"LARGE_CAP"
"MAZDOCK",2985,-5.01,FALSE,FALSE,FALSE,FALSE,TRUE,FALSE,FALSE,18.7,"MID_CAP"
"OBEROIRLTY",1670.2,-17.97,FALSE,FALSE,FALSE,FALSE,FALSE,FALSE,FALSE,18.7,"SMALL_CAP"
"SONATSOFTW",394.1,-4.59,FALSE,FALSE,FALSE,FALSE,FALSE,TRUE,FALSE,18.7,"MICRO_CAP"
"PARAS",748.05,-61.22,FALSE,FALSE,FALSE,FALSE,FALSE,FALSE,FALSE,18.7,"MICRO_CAP"
"LLOYDSME",1328.5,-16.19,FALSE,FALSE,FALSE,FALSE,FALSE,FALSE,FALSE,18.7,"MICRO_CAP"
"GENUSPOWER",336.2,-11.07,FALSE,FALSE,FALSE,FALSE,FALSE,FALSE,FALSE,18.7,"MICRO_CAP"
"GENESYS",559.75,-12.86,FALSE,FALSE,FALSE,FALSE,FALSE,FALSE,FALSE,18.7,"MICRO_CAP"
"AFFORDABLE",255.55,-49.39,FALSE,FALSE,FALSE,FALSE,TRUE,FALSE,FALSE,18.7,"MICRO_CAP"
"SERVOTECH",131.18,-12.67,FALSE,FALSE,FALSE,FALSE,FALSE,FALSE,FALSE,18.7,"MICRO_CAP"
"KPEL",423.55,-19.07,FALSE,FALSE,FALSE,FALSE,FALSE,FALSE,FALSE,18.7,"MICRO_CAP"
"GPTINFRA",122.15,-5.93,FALSE,FALSE,FALSE,FALSE,TRUE,FALSE,FALSE,18.7,"MICRO_CAP"
"HDFCBANK",966.9,-59.56,FALSE,FALSE,FALSE,FALSE,FALSE,FALSE,FALSE,18,"LARGE_CAP"
"GRSE",2605.3,-14.45,FALSE,FALSE,FALSE,FALSE,FALSE,TRUE,FALSE,18,"MID_CAP"
"ANGELONE",2266.6,-25.03,FALSE,FALSE,FALSE,FALSE,FALSE,FALSE,FALSE,18,"SMALL_CAP"
"IEX",149.03,-24.68,FALSE,FALSE,FALSE,FALSE,FALSE,FALSE,FALSE,18,"MICRO_CAP"
"NEWGEN",915.5,-25.51,FALSE,FALSE,FALSE,FALSE,FALSE,FALSE,FALSE,18,"MICRO_CAP"
"GRAVITA",1661.4,-9.33,FALSE,FALSE,FALSE,FALSE,FALSE,FALSE,FALSE,18,"MICRO_CAP"
"GOODLUCK",1088.4,-1.23,FALSE,FALSE,FALSE,FALSE,FALSE,FALSE,FALSE,18,"MICRO_CAP"
"TEJASNET",610.95,-17.05,FALSE,FALSE,FALSE,FALSE,FALSE,FALSE,FALSE,18,"MICRO_CAP"
"MRPL",129.81,-10.36,FALSE,FALSE,FALSE,FALSE,TRUE,FALSE,FALSE,18,"MICRO_CAP"
"MARKSANS",179.11,-31.39,FALSE,FALSE,FALSE,FALSE,TRUE,FALSE,FALSE,18,"MICRO_CAP"
"IIFLCAPS",287.2,-18.29,FALSE,FALSE,FALSE,FALSE,FALSE,FALSE,FALSE,18,"MICRO_CAP"
"QUADFUTURE",432.6,-12.72,FALSE,FALSE,FALSE,FALSE,TRUE,FALSE,FALSE,18,"MICRO_CAP"
"GRMOVER",353.75,-2.72,FALSE,FALSE,FALSE,FALSE,FALSE,FALSE,FALSE,18,"MICRO_CAP"
"UGROCAP",168.62,-4.38,FALSE,FALSE,FALSE,FALSE,FALSE,TRUE,FALSE,18,"MICRO_CAP"
"MANINFRA",158.64,-12.88,FALSE,FALSE,FALSE,FALSE,FALSE,FALSE,FALSE,18,"MICRO_CAP"
"REPCOHOME",376.5,-17.39,FALSE,FALSE,FALSE,FALSE,TRUE,FALSE,FALSE,18,"MICRO_CAP"
"KRBL",395.45,12.56,FALSE,FALSE,FALSE,FALSE,FALSE,FALSE,FALSE,17.3,"MICRO_CAP"
"SAPPHIRE",318.3,-3.38,FALSE,FALSE,FALSE,FALSE,FALSE,FALSE,FALSE,17.3,"MICRO_CAP"
"SUNFLAG",263,-14.99,FALSE,FALSE,FALSE,FALSE,FALSE,FALSE,FALSE,17.3,"MICRO_CAP"
"KALYANKJIL",511.4,-8.65,FALSE,FALSE,FALSE,FALSE,FALSE,FALSE,FALSE,16.7,"SMALL_CAP"
"SONACOMS",436.2,-10.59,FALSE,FALSE,FALSE,FALSE,FALSE,FALSE,FALSE,16.7,"SMALL_CAP"
"WELSPUNLIV",124.41,-15.17,FALSE,FALSE,FALSE,FALSE,TRUE,TRUE,FALSE,16.7,"MICRO_CAP"
"RAINBOW",1418.9,-6.82,FALSE,FALSE,FALSE,FALSE,FALSE,FALSE,FALSE,16.7,"MICRO_CAP"
"GIPCL",187.81,-11.15,FALSE,FALSE,FALSE,FALSE,FALSE,FALSE,FALSE,16.7,"MICRO_CAP"
"NIITLTD",112.29,-16.68,FALSE,FALSE,FALSE,FALSE,TRUE,FALSE,FALSE,16.7,"MICRO_CAP"
"FEDERALBNK",197.92,-6.58,FALSE,FALSE,FALSE,FALSE,FALSE,FALSE,FALSE,16,"MICRO_CAP"
"JWL",339.75,-13.25,FALSE,FALSE,FALSE,FALSE,FALSE,TRUE,FALSE,16,"MICRO_CAP"
"VTL",426.1,-14.07,FALSE,FALSE,FALSE,FALSE,TRUE,TRUE,FALSE,16,"MICRO_CAP"
"MAHSEAMLES",630.9,-19.48,FALSE,FALSE,FALSE,FALSE,FALSE,FALSE,FALSE,16,"MICRO_CAP"
"SURAJEST",298.7,-21.46,FALSE,FALSE,FALSE,FALSE,FALSE,TRUE,FALSE,16,"MICRO_CAP"
"WEL",158.15,-0.83,FALSE,FALSE,FALSE,FALSE,TRUE,FALSE,FALSE,16,"MICRO_CAP"
"NUVAMA",6406,-21.6,FALSE,FALSE,FALSE,FALSE,FALSE,FALSE,FALSE,15.3,"MICRO_CAP"
"KNRCON",204.08,-11.23,FALSE,FALSE,FALSE,FALSE,TRUE,TRUE,FALSE,15.3,"MICRO_CAP"
"SURYAROSNI",292,-15.58,FALSE,FALSE,FALSE,FALSE,FALSE,TRUE,FALSE,15.3,"MICRO_CAP"
"ORIENTHOT",137.67,-10.13,FALSE,FALSE,FALSE,FALSE,FALSE,FALSE,FALSE,15.3,"MICRO_CAP"
"PRAJIND",389,-26.29,FALSE,FALSE,FALSE,FALSE,FALSE,TRUE,FALSE,14.7,"MICRO_CAP"
"FCL",235.66,-16.59,FALSE,FALSE,FALSE,FALSE,FALSE,FALSE,FALSE,14.7,"MICRO_CAP"
"MUFTI",117.76,-32.19,FALSE,FALSE,FALSE,FALSE,FALSE,FALSE,FALSE,14,"MICRO_CAP"
"NAZARA",1083.5,-20.45,FALSE,FALSE,FALSE,FALSE,FALSE,TRUE,FALSE,13.3,"MICRO_CAP"
"VPRPL",107.84,-39.09,FALSE,FALSE,FALSE,FALSE,FALSE,FALSE,FALSE,13.3,"MICRO_CAP"
"UBL",1796,-9.79,FALSE,FALSE,FALSE,FALSE,FALSE,FALSE,FALSE,12.7,"MICRO_CAP"
"VRLLOG",287.3,-57.01,FALSE,FALSE,FALSE,FALSE,TRUE,FALSE,FALSE,12.7,"MICRO_CAP"
"PATANJALI",608.9,-72.09,FALSE,FALSE,FALSE,FALSE,FALSE,FALSE,FALSE,12,"SMALL_CAP"
"ZAGGLE",353.9,-17.4,FALSE,FALSE,FALSE,FALSE,FALSE,FALSE,FALSE,12,"MICRO_CAP"
"SHAREINDIA",142.26,-24.84,FALSE,FALSE,FALSE,FALSE,FALSE,FALSE,FALSE,12,"MICRO_CAP"
"REFEX",347.65,-28.27,FALSE,FALSE,FALSE,FALSE,FALSE,FALSE,FALSE,11.3,"MICRO_CAP"
"LAXMIDENTL",346.6,-23.58,FALSE,FALSE,FALSE,FALSE,TRUE,TRUE,FALSE,10,"MICRO_CAP"
"STEELCAS",229.33,-90.4,FALSE,FALSE,FALSE,FALSE,TRUE,FALSE,FALSE,6.7,"MICRO_CAP"
