"RANK","SYMBOL","MARKET_CAP_CATEGORY","CURRENT_PRICE","TECHNICAL_SCORE","RSI","TREND_SIGNAL","TRADING_VALUE","TRADING_SIGNAL","ANALYSIS_DATE"
5,"GODFRYPHLP","LARGE_CAP",11003.5,100,61.1,"BULLISH",15324116039,"STRONG_BUY",2025-08-29
7,"CGPOWER","LARGE_CAP",694.3,100,60.6,"BULLISH",10027894012.85,"STRONG_BUY",2025-08-29
10,"GRANULES","LARGE_CAP",492.25,100,63.3,"BULLISH",8412175362.7,"STRONG_BUY",2025-08-29
19,"BRITANNIA","LARGE_CAP",5824,100,60.4,"BULLISH",4075925105,"STRONG_BUY",2025-08-29
22,"COLPAL","LARGE_CAP",2331.8,100,56.3,"BULLISH",3728308154.6,"STRONG_BUY",2025-08-29
24,"NAVA","LARGE_CAP",687.6,100,67.9,"BULLISH",3593435683.45,"STRONG_BUY",2025-08-29
29,"LTF","LARGE_CAP",217.16,100,60.2,"BULLISH",3366873217.53,"STRONG_BUY",2025-08-29
34,"VTL","LARGE_CAP",424.35,100,47.8,"BULLISH",2998256928.6,"STRONG_BUY",2025-08-29
37,"SILVERBEES","LARGE_CAP",113.58,100,63.6,"BULLISH",2909762061.79,"STRONG_BUY",2025-08-29
50,"RTNINDIA","LARGE_CAP",61.36,100,67.4,"BULLISH",2470283549.1,"STRONG_BUY",2025-08-29
57,"ADANIPOWER","MID_CAP",600.65,100,55.2,"BULLISH",2148144525.8,"STRONG_BUY",2025-08-29
68,"BOSCHLTD","MID_CAP",39960,100,61.3,"BULLISH",1842288465,"STRONG_BUY",2025-08-29
80,"GARUDA","MID_CAP",216.33,100,66.1,"BULLISH",1628760604.08,"STRONG_BUY",2025-08-29
96,"RELAXO","MID_CAP",477.6,100,55.8,"BULLISH",1445836103.45,"STRONG_BUY",2025-08-29
129,"CROMPTON","MID_CAP",330,100,53.3,"BULLISH",1120702618.8,"STRONG_BUY",2025-08-29
130,"CREDITACC","MID_CAP",1399.9,100,64.4,"BULLISH",1112580750.2,"STRONG_BUY",2025-08-29
148,"GOLD1","MID_CAP",85.98,100,68.2,"BULLISH",984789863.33,"STRONG_BUY",2025-08-29
195,"IDEAFORGE","SMALL_CAP",487.65,100,52.9,"BULLISH",714980726.55,"STRONG_BUY",2025-08-29
221,"GOODLUCK","SMALL_CAP",1191.2,100,65.6,"BULLISH",592963350.9,"STRONG_BUY",2025-08-29
233,"HDFCGOLD","SMALL_CAP",88.03,100,68.3,"BULLISH",543281359.38,"STRONG_BUY",2025-08-29
237,"JISLJALEQS","SMALL_CAP",49.65,100,47.6,"BULLISH",537263869.82,"STRONG_BUY",2025-08-29
268,"SILVERIETF","SMALL_CAP",118.19,100,63.5,"BULLISH",471060721.4,"STRONG_BUY",2025-08-29
271,"INDIASHLTR","SMALL_CAP",942.15,100,54.9,"BULLISH",462333151.55,"STRONG_BUY",2025-08-29
288,"PGHL","SMALL_CAP",6370,100,58.2,"BULLISH",434092067,"STRONG_BUY",2025-08-29
303,"PRICOLLTD","MICRO_CAP",459.85,100,59.4,"BULLISH",407924734.3,"STRONG_BUY",2025-08-29
315,"SUDARSCHEM","MICRO_CAP",1495.6,100,69.2,"BULLISH",398545539.6,"STRONG_BUY",2025-08-29
323,"AVANTEL","MICRO_CAP",149.76,100,60.6,"BULLISH",373607212.4,"STRONG_BUY",2025-08-29
333,"GOLDIETF","MICRO_CAP",88.17,100,67.6,"BULLISH",352576963.91,"STRONG_BUY",2025-08-29
389,"AJAXENGG","MICRO_CAP",719.3,100,60.8,"BULLISH",283450521.85,"STRONG_BUY",2025-08-29
419,"COMSYN","MICRO_CAP",143.7,100,61.9,"BULLISH",248528655.39,"STRONG_BUY",2025-08-29
441,"MAHSCOOTER","MICRO_CAP",15876,100,60.4,"BULLISH",224473933,"STRONG_BUY",2025-08-29
3,"RBLBANK","LARGE_CAP",261.05,90,54.5,"NEUTRAL",17202268204.25,"STRONG_BUY",2025-08-29
9,"SAMMAANCAP","LARGE_CAP",123.96,90,51.7,"NEUTRAL",8548293390.37,"STRONG_BUY",2025-08-29
11,"HBLENGINE","LARGE_CAP",807.1,90,77.2,"BULLISH",6945891267.05,"STRONG_BUY",2025-08-29
17,"ADVENZYMES","LARGE_CAP",345.95,90,62.8,"NEUTRAL",4503096552.65,"STRONG_BUY",2025-08-29
23,"YESBANK","LARGE_CAP",19.1,90,47.8,"NEUTRAL",3675764013.18,"STRONG_BUY",2025-08-29
32,"JINDALPOLY","LARGE_CAP",601.4,90,67,"NEUTRAL",3043974421.45,"STRONG_BUY",2025-08-29
60,"JINDWORLD","MID_CAP",37.19,90,42.8,"NEUTRAL",1941293884.1,"STRONG_BUY",2025-08-29
64,"PHOENIXLTD","MID_CAP",1503.2,90,49,"NEUTRAL",1874712972.8,"STRONG_BUY",2025-08-29
100,"ATHERENERG","MID_CAP",450.15,90,72.1,"BULLISH",1395608092.35,"STRONG_BUY",2025-08-29
150,"LALPATHLAB","MID_CAP",3308.9,90,58.1,"NEUTRAL",958273634.5,"STRONG_BUY",2025-08-29
163,"COFFEEDAY","SMALL_CAP",50.03,90,76,"BULLISH",904211021.62,"STRONG_BUY",2025-08-29
194,"CHOICEIN","SMALL_CAP",796,90,59.6,"NEUTRAL",717351004.8,"STRONG_BUY",2025-08-29
228,"ASHAPURMIN","SMALL_CAP",516.05,90,52.9,"NEUTRAL",554925000.8,"STRONG_BUY",2025-08-29
235,"PANACEABIO","SMALL_CAP",426.8,90,54.9,"NEUTRAL",538487312.35,"STRONG_BUY",2025-08-29
278,"ONESOURCE","SMALL_CAP",1892.2,90,49.3,"NEUTRAL",448325911,"STRONG_BUY",2025-08-29
289,"RUSHIL","SMALL_CAP",27.27,90,67.2,"NEUTRAL",431645009.7,"STRONG_BUY",2025-08-29
380,"KANSAINER","MICRO_CAP",239.99,90,50.1,"NEUTRAL",293454017.73,"STRONG_BUY",2025-08-29
391,"SEAMECLTD","MICRO_CAP",988.1,90,78.3,"BULLISH",281271264.4,"STRONG_BUY",2025-08-29
485,"TIRUMALCHM","MICRO_CAP",291.3,90,51.8,"NEUTRAL",188116314,"STRONG_BUY",2025-08-29
1,"OLAELEC","LARGE_CAP",54.05,85,68.8,"BULLISH",27659154486.28,"STRONG_BUY",2025-08-29
4,"WAAREEENER","LARGE_CAP",3402,85,63.3,"BULLISH",15451398644,"STRONG_BUY",2025-08-29
26,"LIQUIDBEES","LARGE_CAP",1000,85,53.5,"BULLISH",3507491058.96,"STRONG_BUY",2025-08-29
53,"GODREJCP","MID_CAP",1242.6,85,53.3,"BULLISH",2265229887.1,"STRONG_BUY",2025-08-29
59,"DABUR","MID_CAP",521.1,85,53.3,"BULLISH",1946795378.45,"STRONG_BUY",2025-08-29
66,"POLYCAB","MID_CAP",7091,85,59.7,"BULLISH",1853736703,"STRONG_BUY",2025-08-29
90,"GOLDBEES","MID_CAP",85.34,85,68.9,"BULLISH",1499358395.13,"STRONG_BUY",2025-08-29
95,"LEMONTREE","MID_CAP",165.83,85,64.5,"BULLISH",1446359909.41,"STRONG_BUY",2025-08-29
132,"CARTRADE","MID_CAP",2398,85,61.3,"BULLISH",1071764775.7,"STRONG_BUY",2025-08-29
189,"SYRMA","SMALL_CAP",753.25,85,62,"BULLISH",752819279.2,"STRONG_BUY",2025-08-29
204,"STARHEALTH","SMALL_CAP",446.85,85,56.5,"BULLISH",661014069.6,"STRONG_BUY",2025-08-29
220,"QPOWER","SMALL_CAP",784.1,85,52.1,"BULLISH",593518511,"STRONG_BUY",2025-08-29
232,"ESCORTS","SMALL_CAP",3567.8,85,58.8,"BULLISH",545276462.7,"STRONG_BUY",2025-08-29
243,"IGL","SMALL_CAP",206.74,85,48.8,"BULLISH",512463755.29,"STRONG_BUY",2025-08-29
290,"JTEKTINDIA","SMALL_CAP",134.83,85,55.3,"BULLISH",429549664.33,"STRONG_BUY",2025-08-29
374,"LUMAXIND","MICRO_CAP",4207.6,85,67.9,"BULLISH",304350874.7,"STRONG_BUY",2025-08-29
390,"LUMAXTECH","MICRO_CAP",1174.7,85,59.2,"BULLISH",281832758.8,"STRONG_BUY",2025-08-29
481,"GNFC","MICRO_CAP",522.75,85,47.3,"BULLISH",190308908.4,"STRONG_BUY",2025-08-29
6,"APOLLO","LARGE_CAP",262.79,80,81.5,"BULLISH",13533045652.41,"STRONG_BUY",2025-08-29
256,"CASHIETF","SMALL_CAP",1025.9,80,100,"BULLISH",490979760.95,"STRONG_BUY",2025-08-29
416,"THANGAMAYL","MICRO_CAP",2255.4,80,83.6,"BULLISH",249509606.7,"STRONG_BUY",2025-08-29
46,"PERSISTENT","LARGE_CAP",5305.5,75,47.6,"NEUTRAL",2587389069.5,"BUY",2025-08-29
97,"JSL","MID_CAP",762.95,75,57.5,"NEUTRAL",1422015813,"BUY",2025-08-29
116,"ABCAPITAL","MID_CAP",277.85,75,52.7,"NEUTRAL",1259911496.95,"BUY",2025-08-29
142,"DALBHARAT","MID_CAP",2401.5,75,71,"BULLISH",1014692939.7,"BUY",2025-08-29
145,"PIDILITIND","MID_CAP",3050.3,75,51.6,"NEUTRAL",996998865.7,"BUY",2025-08-29
192,"DATAMATICS","SMALL_CAP",1010.35,75,59.6,"NEUTRAL",722515161.95,"BUY",2025-08-29
199,"SHAILY","SMALL_CAP",2232,75,78.3,"BULLISH",670318230.8,"BUY",2025-08-29
344,"WEBELSOLAR","MICRO_CAP",1330.5,75,50.5,"NEUTRAL",339880654.6,"BUY",2025-08-29
368,"EVEREADY","MICRO_CAP",421.55,75,55.1,"NEUTRAL",311712735.85,"BUY",2025-08-29
430,"KALAMANDIR","MICRO_CAP",176.24,75,52.6,"NEUTRAL",234343050.23,"BUY",2025-08-29
476,"JUBLINGREA","MICRO_CAP",725.4,75,45.8,"NEUTRAL",192218006.05,"BUY",2025-08-29
500,"DEEPINDS","MICRO_CAP",536.9,75,56.1,"NEUTRAL",179330815.35,"BUY",2025-08-29
13,"POLICYBZR","LARGE_CAP",1770.8,70,40.8,"NEUTRAL",5105104164.3,"BUY",2025-08-29
20,"VMM","LARGE_CAP",149.41,70,59.5,"BULLISH",3938608463.68,"BUY",2025-08-29
61,"OLECTRA","MID_CAP",1542.2,70,60.7,"BULLISH",1907424218,"BUY",2025-08-29
63,"NYKAA","MID_CAP",230.15,70,64.7,"BULLISH",1876616591.13,"BUY",2025-08-29
70,"UPL","MID_CAP",715.75,70,56.4,"BULLISH",1764892321.35,"BUY",2025-08-29
88,"COFORGE","MID_CAP",1724.3,70,41,"BULLISH",1509007142.2,"BUY",2025-08-29
89,"VOLTAS","MID_CAP",1374,70,59.1,"BULLISH",1504994653.1,"BUY",2025-08-29
92,"HYUNDAI","MID_CAP",2460.4,70,62.6,"BULLISH",1463364833.2,"BUY",2025-08-29
127,"APLAPOLLO","MID_CAP",1604.7,70,44.8,"NEUTRAL",1157295018.2,"BUY",2025-08-29
139,"NETWEB","MID_CAP",2207.6,70,55.7,"BULLISH",1030749660.2,"BUY",2025-08-29
149,"BLACKBUCK","MID_CAP",636.75,70,69.8,"BULLISH",960972145.95,"BUY",2025-08-29
164,"ENRIN","SMALL_CAP",3374.9,70,67.5,"BULLISH",899661896.6,"BUY",2025-08-29
165,"EDELWEISS","SMALL_CAP",107.16,70,57.5,"BULLISH",895570339.78,"BUY",2025-08-29
166,"EXIDEIND","SMALL_CAP",396.25,70,57.5,"BULLISH",890927783.9,"BUY",2025-08-29
200,"PROTEAN","SMALL_CAP",867.8,70,58.7,"BULLISH",667923687.4,"BUY",2025-08-29
209,"JAMNAAUTO","SMALL_CAP",103.76,70,64.7,"BULLISH",626842389.17,"BUY",2025-08-29
215,"GABRIEL","SMALL_CAP",1152.4,70,62.4,"BULLISH",608755067.4,"BUY",2025-08-29
222,"ECLERX","SMALL_CAP",4221.3,70,60,"BULLISH",578125804.8,"BUY",2025-08-29
244,"CRIZAC","SMALL_CAP",349.75,70,60.1,"BULLISH",511862059,"BUY",2025-08-29
247,"TRAVELFOOD","SMALL_CAP",1252.5,70,66.2,"BULLISH",505560077,"BUY",2025-08-29
252,"ARE&M","SMALL_CAP",990.25,70,56.7,"BULLISH",495347442.4,"BUY",2025-08-29
254,"KIOCL","SMALL_CAP",407.4,70,61,"BULLISH",493124868.75,"BUY",2025-08-29
263,"NEULANDLAB","SMALL_CAP",13455,70,52.2,"BULLISH",480842626,"BUY",2025-08-29
282,"NIFTYIETF","SMALL_CAP",275.21,70,40.4,"NEUTRAL",440325463.64,"BUY",2025-08-29
299,"ACUTAAS","SMALL_CAP",1406,70,67.7,"BULLISH",414284459.2,"BUY",2025-08-29
311,"ENDURANCE","MICRO_CAP",2868.8,70,65.4,"BULLISH",403919130.1,"BUY",2025-08-29
319,"BASF","MICRO_CAP",4609.4,70,44,"NEUTRAL",385441321.9,"BUY",2025-08-29
320,"HUBTOWN","MICRO_CAP",353.05,70,64.7,"BULLISH",381989857.25,"BUY",2025-08-29
322,"SPIC","MICRO_CAP",107.94,70,62.4,"BULLISH",374016063.98,"BUY",2025-08-29
324,"DEVYANI","MICRO_CAP",174.22,70,59.9,"BULLISH",373387977.63,"BUY",2025-08-29
328,"DENTA","MICRO_CAP",398.45,70,64.4,"BULLISH",359453107.2,"BUY",2025-08-29
348,"PVRINOX","MICRO_CAP",1119.9,70,62.9,"BULLISH",337934912.35,"BUY",2025-08-29
357,"ASTRAMICRO","MICRO_CAP",1024.05,70,54.8,"BULLISH",325936391.55,"BUY",2025-08-29
358,"ARVINDFASN","MICRO_CAP",519.7,70,52.7,"NEUTRAL",323535265.95,"BUY",2025-08-29
361,"GPIL","MICRO_CAP",232.38,70,68.8,"BULLISH",319588009.8,"BUY",2025-08-29
363,"MAMATA","MICRO_CAP",411.55,70,41.2,"NEUTRAL",316018451.2,"BUY",2025-08-29
365,"APOLLOTYRE","MICRO_CAP",462.2,70,55.5,"BULLISH",313966253.6,"BUY",2025-08-29
370,"GOLDIAM","MICRO_CAP",363.05,70,55.4,"BULLISH",309688207.35,"BUY",2025-08-29
372,"KROSS","MICRO_CAP",188.43,70,56.6,"BULLISH",307837653.99,"BUY",2025-08-29
388,"HLEGLAS","MICRO_CAP",525.95,70,62.8,"BULLISH",284000252.05,"BUY",2025-08-29
400,"INDIACEM","MICRO_CAP",381.5,70,59,"BULLISH",267776325.35,"BUY",2025-08-29
411,"ANANDRATHI","MICRO_CAP",2793.9,70,64.3,"BULLISH",255781279.5,"BUY",2025-08-29
431,"THOMASCOOK","MICRO_CAP",177.73,70,63.2,"BULLISH",233577399.35,"BUY",2025-08-29
440,"SETFGOLD","MICRO_CAP",87.93,70,68.1,"BULLISH",227241261.08,"BUY",2025-08-29
458,"FIEMIND","MICRO_CAP",2100.7,70,63.5,"BULLISH",209981872,"BUY",2025-08-29
469,"JKPAPER","MICRO_CAP",374.7,70,53.5,"BULLISH",198196210.3,"BUY",2025-08-29
473,"MSUMI","MICRO_CAP",41.56,70,43.6,"BULLISH",195814870.8,"BUY",2025-08-29
480,"OMINFRAL","MICRO_CAP",110.6,70,44.3,"NEUTRAL",190341629.66,"BUY",2025-08-29
486,"INTELLECT","MICRO_CAP",977.2,70,45.6,"BULLISH",188028182,"BUY",2025-08-29
488,"KSCL","MICRO_CAP",1164.8,70,57.5,"BULLISH",187013735.3,"BUY",2025-08-29
168,"LIQUIDADD","SMALL_CAP",1088.55,65,100,"BULLISH",883857161.03,"BUY",2025-08-29
283,"LIQUIDBETF","SMALL_CAP",1045.85,65,100,"BULLISH",438389140.2,"BUY",2025-08-29
12,"SWIGGY","LARGE_CAP",409.75,60,51.2,"NEUTRAL",5462212118.85,"HOLD",2025-08-29
18,"PAYTM","LARGE_CAP",1207,60,62.8,"NEUTRAL",4392519663.6,"HOLD",2025-08-29
28,"TVSMOTOR","LARGE_CAP",3276.6,60,73.3,"BULLISH",3369152535.3,"HOLD",2025-08-29
30,"DIXON","LARGE_CAP",16690,60,54.8,"NEUTRAL",3307615760,"HOLD",2025-08-29
39,"DMART","LARGE_CAP",4755.6,60,74,"BULLISH",2805827113,"HOLD",2025-08-29
45,"MOTHERSON","LARGE_CAP",92.75,60,32.8,"NEUTRAL",2612942006.7,"HOLD",2025-08-29
54,"AUBANK","MID_CAP",718.05,60,36.8,"NEUTRAL",2232354610.8,"HOLD",2025-08-29
58,"FORCEMOT","MID_CAP",19477,60,55,"NEUTRAL",2033184759,"HOLD",2025-08-29
69,"IDBI","MID_CAP",85.67,60,36.8,"NEUTRAL",1808236346.92,"HOLD",2025-08-29
75,"HAVELLS","MID_CAP",1525.6,60,49.9,"NEUTRAL",1700101994.9,"HOLD",2025-08-29
76,"CUMMINSIND","MID_CAP",3826.2,60,62.7,"NEUTRAL",1663575607.8,"HOLD",2025-08-29
82,"PNB","MID_CAP",100.88,60,32.5,"NEUTRAL",1599439700.37,"HOLD",2025-08-29
85,"MARICO","MID_CAP",725.85,60,53.3,"NEUTRAL",1543267715.6,"HOLD",2025-08-29
115,"UNOMINDA","MID_CAP",1279,60,72.2,"BULLISH",1261737776.7,"HOLD",2025-08-29
119,"JPPOWER","MID_CAP",18.39,60,42.2,"BEARISH",1249433034.03,"HOLD",2025-08-29
131,"OBEROIRLTY","MID_CAP",1610.8,60,37.5,"NEUTRAL",1084005261.6,"HOLD",2025-08-29
134,"BHARTIHEXA","MID_CAP",1774,60,47,"BEARISH",1058683859.5,"HOLD",2025-08-29
137,"LTIM","MID_CAP",5133.5,60,48.4,"NEUTRAL",1045643346.5,"HOLD",2025-08-29
143,"JMFINANCIL","MID_CAP",177.48,60,52.8,"NEUTRAL",1006011870.81,"HOLD",2025-08-29
157,"MANAPPURAM","SMALL_CAP",261.45,60,47.5,"NEUTRAL",930069504.5,"HOLD",2025-08-29
169,"FORTIS","SMALL_CAP",911.5,60,57.3,"NEUTRAL",879541105.1,"HOLD",2025-08-29
176,"NIFTY1","SMALL_CAP",267.56,60,36.4,"NEUTRAL",817597087.46,"HOLD",2025-08-29
177,"ZYDUSLIFE","SMALL_CAP",981.05,60,51.2,"NEUTRAL",816297643.8,"HOLD",2025-08-29
183,"JAYNECOIND","SMALL_CAP",57.77,60,56.9,"NEUTRAL",799759990.03,"HOLD",2025-08-29
187,"DELHIVERY","SMALL_CAP",468.05,60,61.2,"NEUTRAL",774523391.95,"HOLD",2025-08-29
191,"SARDAEN","SMALL_CAP",598.35,60,70.1,"BULLISH",734703483.5,"HOLD",2025-08-29
210,"MPHASIS","SMALL_CAP",2788,60,50.9,"NEUTRAL",621637734,"HOLD",2025-08-29
211,"ALKEM","SMALL_CAP",5303.5,60,58.8,"NEUTRAL",616315503.5,"HOLD",2025-08-29
214,"ITCHOTELS","SMALL_CAP",238.42,60,53.2,"NEUTRAL",610609250.47,"HOLD",2025-08-29
216,"YATRA","SMALL_CAP",151.26,60,70.2,"BULLISH",606062789.99,"HOLD",2025-08-29
218,"SWANENERGY","SMALL_CAP",444.7,60,47.2,"NEUTRAL",598732640.4,"HOLD",2025-08-29
224,"AIIL","SMALL_CAP",3232.9,60,71.5,"BULLISH",569085922.5,"HOLD",2025-08-29
225,"HEXT","SMALL_CAP",757.75,60,47.1,"NEUTRAL",561808099.3,"HOLD",2025-08-29
226,"VIMTALABS","SMALL_CAP",666.25,60,55,"NEUTRAL",561151458,"HOLD",2025-08-29
229,"MFSL","SMALL_CAP",1602.2,60,54.2,"NEUTRAL",553678873.6,"HOLD",2025-08-29
231,"ANTHEM","SMALL_CAP",818.05,60,58.3,"NEUTRAL",550134910.7,"HOLD",2025-08-29
257,"CUPID","SMALL_CAP",172.29,60,71.5,"BULLISH",490457196.06,"HOLD",2025-08-29
258,"HDBFS","SMALL_CAP",778.2,60,47.9,"NEUTRAL",490058361.1,"HOLD",2025-08-29
261,"SUNTV","SMALL_CAP",543.5,60,33.6,"NEUTRAL",487108076.9,"HOLD",2025-08-29
267,"SUPREMEIND","SMALL_CAP",4471.2,60,54.6,"NEUTRAL",474457032.7,"HOLD",2025-08-29
269,"IXIGO","SMALL_CAP",270.38,60,63,"NEUTRAL",467448587.56,"HOLD",2025-08-29
275,"ACE","SMALL_CAP",1053.5,60,49.1,"NEUTRAL",456751431,"HOLD",2025-08-29
277,"TBOTEK","SMALL_CAP",1307.3,60,34.2,"NEUTRAL",449455625.4,"HOLD",2025-08-29
291,"EBGNG","SMALL_CAP",341.8,60,50.9,"NEUTRAL",428629801.75,"HOLD",2025-08-29
313,"ZENTEC","MICRO_CAP",1459.6,60,39.9,"BULLISH",402089255.5,"HOLD",2025-08-29
317,"ABFRL","MICRO_CAP",77.35,60,48.2,"NEUTRAL",388050566.93,"HOLD",2025-08-29
327,"SMLISUZU","MICRO_CAP",4197.4,60,58.1,"NEUTRAL",359728239,"HOLD",2025-08-29
330,"UTIAMC","MICRO_CAP",1288.5,60,38.9,"NEUTRAL",356686129.6,"HOLD",2025-08-29
332,"RADICO","MICRO_CAP",2852.5,60,54.4,"NEUTRAL",354283293.5,"HOLD",2025-08-29
335,"SJS","MICRO_CAP",1295,60,54.2,"NEUTRAL",352371049.2,"HOLD",2025-08-29
340,"NEWGEN","MICRO_CAP",883.2,60,44.2,"NEUTRAL",345163922.7,"HOLD",2025-08-29
351,"PREMEXPLN","MICRO_CAP",503.65,60,51.7,"NEUTRAL",335975066.95,"HOLD",2025-08-29
364,"SHK","MICRO_CAP",248.95,60,59.5,"NEUTRAL",315891524.45,"HOLD",2025-08-29
377,"BLUESTARCO","MICRO_CAP",1881.7,60,58,"NEUTRAL",297460188.9,"HOLD",2025-08-29
396,"HDFCSML250","MICRO_CAP",166.36,60,34,"NEUTRAL",271584493.97,"HOLD",2025-08-29
399,"ACMESOLAR","MICRO_CAP",284.6,60,52.1,"NEUTRAL",268767974.05,"HOLD",2025-08-29
405,"BCG","MICRO_CAP",16.22,60,51.8,"NEUTRAL",262435938.69,"HOLD",2025-08-29
413,"SCI","MICRO_CAP",211.5,60,47.5,"NEUTRAL",254712837.3,"HOLD",2025-08-29
415,"JBCHEPHARM","MICRO_CAP",1724.3,60,52.7,"NEUTRAL",249979828.4,"HOLD",2025-08-29
425,"JUNIORBEES","MICRO_CAP",707.48,60,39.2,"NEUTRAL",239991513.43,"HOLD",2025-08-29
427,"ITBEES","MICRO_CAP",38.42,60,44.6,"NEUTRAL",236992080.02,"HOLD",2025-08-29
428,"MID150BEES","MICRO_CAP",213.5,60,33.8,"NEUTRAL",236672703.87,"HOLD",2025-08-29
442,"STAR","MICRO_CAP",863.7,60,49.8,"NEUTRAL",224292314.1,"HOLD",2025-08-29
447,"TFCILTD","MICRO_CAP",301.05,60,57,"NEUTRAL",220283550.65,"HOLD",2025-08-29
451,"KSB","MICRO_CAP",825.9,60,50.9,"NEUTRAL",217125768.75,"HOLD",2025-08-29
452,"MEDANTA","MICRO_CAP",1374,60,54.9,"NEUTRAL",215277812.2,"HOLD",2025-08-29
455,"CRAFTSMAN","MICRO_CAP",6912.5,60,57.8,"NEUTRAL",212421999,"HOLD",2025-08-29
493,"RICOAUTO","MICRO_CAP",89.55,60,59.4,"NEUTRAL",183729580.4,"HOLD",2025-08-29
496,"SENORES","MICRO_CAP",690.15,60,54.3,"NEUTRAL",183198949.2,"HOLD",2025-08-29
43,"INDHOTEL","LARGE_CAP",758.45,55,46.8,"NEUTRAL",2671462037.55,"HOLD",2025-08-29
55,"UNITDSPR","MID_CAP",1311,55,45.3,"NEUTRAL",2201254902.7,"HOLD",2025-08-29
79,"LUPIN","MID_CAP",1894.9,55,42.4,"NEUTRAL",1646440086.1,"HOLD",2025-08-29
87,"GAIL","MID_CAP",173.07,55,41.7,"NEUTRAL",1522155346.64,"HOLD",2025-08-29
108,"GVT&D","MID_CAP",2779.2,55,57.5,"NEUTRAL",1329222363.3,"HOLD",2025-08-29
110,"SIEMENS","MID_CAP",3063.7,55,43.8,"NEUTRAL",1318482261.6,"HOLD",2025-08-29
154,"NATIONALUM","SMALL_CAP",186.18,55,45.7,"NEUTRAL",936176310.3,"HOLD",2025-08-29
206,"AFCONS","SMALL_CAP",417.8,55,46.3,"NEUTRAL",650707861.7,"HOLD",2025-08-29
240,"ASTERDM","SMALL_CAP",601.05,55,50.4,"NEUTRAL",530649079.15,"HOLD",2025-08-29
260,"HOMEFIRST","SMALL_CAP",1218.6,55,41.6,"NEUTRAL",488523259.4,"HOLD",2025-08-29
308,"SAMHI","MICRO_CAP",211.38,55,45.1,"NEUTRAL",404996731.33,"HOLD",2025-08-29
342,"AADHARHFC","MICRO_CAP",502.95,55,51.1,"NEUTRAL",341288966.3,"HOLD",2025-08-29
347,"RTNPOWER","MICRO_CAP",12.29,55,43.2,"NEUTRAL",338078157.76,"HOLD",2025-08-29
407,"TEGA","MICRO_CAP",1846.9,55,51.9,"NEUTRAL",260675166.8,"HOLD",2025-08-29
422,"KAJARIACER","MICRO_CAP",1209.6,55,44.9,"NEUTRAL",242349476.7,"HOLD",2025-08-29
56,"TATAPOWER","MID_CAP",374.15,50,33.9,"BEARISH",2164259063.05,"HOLD",2025-08-29
65,"SHREECEM","MID_CAP",29275,50,34.2,"BEARISH",1864927195,"HOLD",2025-08-29
78,"UNIONBANK","MID_CAP",124.82,50,29.2,"NEUTRAL",1661354897.81,"HOLD",2025-08-29
84,"HFCL","MID_CAP",70.23,50,36.4,"BEARISH",1567721837.57,"HOLD",2025-08-29
102,"ASHOKLEY","MID_CAP",126.98,50,34.1,"NEUTRAL",1368412219.84,"HOLD",2025-08-29
104,"PRESTIGE","MID_CAP",1561.8,50,37.8,"BEARISH",1357273081.5,"HOLD",2025-08-29
118,"GENUSPOWER","MID_CAP",327.55,50,30.5,"BEARISH",1251591669.75,"HOLD",2025-08-29
140,"COHANCE","MID_CAP",880.6,50,36.5,"BEARISH",1029176400.95,"HOLD",2025-08-29
151,"LIQUIDCASE","SMALL_CAP",110.21,50,100,"BULLISH",957212003.12,"HOLD",2025-08-29
171,"AJANTPHARM","SMALL_CAP",2477.6,50,31.7,"BEARISH",869735801.3,"HOLD",2025-08-29
182,"BATAINDIA","SMALL_CAP",1098.1,50,39.9,"BEARISH",803287749.5,"HOLD",2025-08-29
185,"OMAXE","SMALL_CAP",87.49,50,36.9,"BEARISH",795076516.62,"HOLD",2025-08-29
230,"IEX","SMALL_CAP",139.8,50,35.5,"NEUTRAL",553587671.06,"HOLD",2025-08-29
249,"TRITURBINE","SMALL_CAP",519.1,50,30.9,"BEARISH",501915552.25,"HOLD",2025-08-29
255,"AIAENG","SMALL_CAP",3056.3,50,38.2,"BEARISH",491964277.4,"HOLD",2025-08-29
304,"AEGISLOG","MICRO_CAP",672.15,50,34.4,"BEARISH",407386478.05,"HOLD",2025-08-29
307,"ROHLTD","MICRO_CAP",536.9,50,86.2,"BULLISH",406251955.05,"HOLD",2025-08-29
434,"LIQUID1","MICRO_CAP",1066.36,50,100,"BULLISH",232879089.89,"HOLD",2025-08-29
479,"RATNAMANI","MICRO_CAP",2392.1,50,37.6,"BEARISH",191282399.5,"HOLD",2025-08-29
14,"MCX","LARGE_CAP",7390,45,35.8,"NEUTRAL",4760282668.5,"WEAK_HOLD",2025-08-29
42,"VBL","LARGE_CAP",487.15,45,41.7,"BEARISH",2692382883.5,"WEAK_HOLD",2025-08-29
99,"IDFCFIRSTB","MID_CAP",67.99,45,39.2,"NEUTRAL",1409270770.19,"WEAK_HOLD",2025-08-29
111,"NMDC","MID_CAP",68.8,45,41.8,"BEARISH",1313987039.52,"WEAK_HOLD",2025-08-29
126,"NIFTYBEES","MID_CAP",276.06,45,39.3,"NEUTRAL",1172224258.4,"WEAK_HOLD",2025-08-29
159,"SBICARD","SMALL_CAP",803.5,45,37.2,"NEUTRAL",912458759.65,"WEAK_HOLD",2025-08-29
162,"COROMANDEL","SMALL_CAP",2309.1,45,43.5,"BEARISH",905433816.4,"WEAK_HOLD",2025-08-29
181,"IREDA","SMALL_CAP",140.5,45,30.3,"NEUTRAL",804562666.44,"WEAK_HOLD",2025-08-29
273,"BANKINDIA","SMALL_CAP",110.29,45,38.5,"NEUTRAL",461080728.5,"WEAK_HOLD",2025-08-29
274,"REDINGTON","SMALL_CAP",240.85,45,38.8,"NEUTRAL",459887295.4,"WEAK_HOLD",2025-08-29
276,"APTUS","SMALL_CAP",317.6,45,34.2,"NEUTRAL",452846812.85,"WEAK_HOLD",2025-08-29
316,"TATACHEM","MICRO_CAP",920.7,45,41.8,"BEARISH",397481202.55,"WEAK_HOLD",2025-08-29
398,"BECTORFOOD","MICRO_CAP",1379.9,45,42.6,"BEARISH",270589740.1,"WEAK_HOLD",2025-08-29
463,"CRISIL","MICRO_CAP",4986,45,35.1,"NEUTRAL",205936685.5,"WEAK_HOLD",2025-08-29
2,"BSE","LARGE_CAP",2096.2,40,27.1,"BEARISH",17336482817,"WEAK_HOLD",2025-08-29
15,"IDEA","LARGE_CAP",6.49,40,44.1,"NEUTRAL",4753804780.56,"WEAK_HOLD",2025-08-29
35,"SAILIFE","LARGE_CAP",824.7,40,44.2,"NEUTRAL",2956644976.95,"WEAK_HOLD",2025-08-29
40,"RECLTD","LARGE_CAP",350,40,22.3,"BEARISH",2800531717.75,"WEAK_HOLD",2025-08-29
47,"HDFCAMC","LARGE_CAP",5463,40,43.3,"NEUTRAL",2560741490.5,"WEAK_HOLD",2025-08-29
71,"AAVAS","MID_CAP",1520.2,40,23.3,"BEARISH",1758686988.4,"WEAK_HOLD",2025-08-29
72,"DIVISLAB","MID_CAP",6131.5,40,42.6,"NEUTRAL",1743122960.5,"WEAK_HOLD",2025-08-29
74,"SONACOMS","MID_CAP",443.05,40,42.7,"NEUTRAL",1738373878.05,"WEAK_HOLD",2025-08-29
77,"NAUKRI","MID_CAP",1358.1,40,42.7,"NEUTRAL",1662256487.6,"WEAK_HOLD",2025-08-29
81,"CLEAN","MID_CAP",1174.5,40,42.5,"NEUTRAL",1616963342.1,"WEAK_HOLD",2025-08-29
112,"MUTHOOTFIN","MID_CAP",2637.8,40,48.5,"NEUTRAL",1305318169.5,"WEAK_HOLD",2025-08-29
113,"OIL","MID_CAP",390.3,40,27.7,"BEARISH",1301584808.55,"WEAK_HOLD",2025-08-29
122,"KAYNES","MID_CAP",6123,40,52.2,"NEUTRAL",1218244013.5,"WEAK_HOLD",2025-08-29
125,"ZEEL","MID_CAP",116.04,40,41.4,"NEUTRAL",1174439274.79,"WEAK_HOLD",2025-08-29
144,"TORNTPHARM","MID_CAP",3559.8,40,46.6,"NEUTRAL",997546562.4,"WEAK_HOLD",2025-08-29
146,"MRF","MID_CAP",140955,40,41.1,"NEUTRAL",996480745,"WEAK_HOLD",2025-08-29
156,"TIINDIA","SMALL_CAP",2961.6,40,46.8,"NEUTRAL",932725289.5,"WEAK_HOLD",2025-08-29
158,"JINDALSTEL","SMALL_CAP",945.8,40,40,"NEUTRAL",923212560.85,"WEAK_HOLD",2025-08-29
161,"TRANSRAILL","SMALL_CAP",742.2,40,46.8,"NEUTRAL",907716481.35,"WEAK_HOLD",2025-08-29
170,"PARADEEP","SMALL_CAP",217.42,40,56.3,"NEUTRAL",872820274.06,"WEAK_HOLD",2025-08-29
178,"BELRISE","SMALL_CAP",139.58,40,54.8,"NEUTRAL",815768583.02,"WEAK_HOLD",2025-08-29
186,"KEI","SMALL_CAP",3810.6,40,44.4,"NEUTRAL",774681341.1,"WEAK_HOLD",2025-08-29
193,"TITAGARH","SMALL_CAP",825.5,40,42.4,"NEUTRAL",717596389.85,"WEAK_HOLD",2025-08-29
198,"PREMIERENE","SMALL_CAP",994.1,40,42.5,"NEUTRAL",701772248.6,"WEAK_HOLD",2025-08-29
227,"LAURUSLABS","SMALL_CAP",856.9,40,53.4,"NEUTRAL",558592652.55,"WEAK_HOLD",2025-08-29
238,"HINDZINC","SMALL_CAP",419.25,40,41.5,"NEUTRAL",535528328.35,"WEAK_HOLD",2025-08-29
241,"CHAMBLFERT","SMALL_CAP",540.1,40,46.7,"NEUTRAL",518780578,"WEAK_HOLD",2025-08-29
242,"VPRPL","SMALL_CAP",129.04,40,23.6,"BEARISH",517137529.74,"WEAK_HOLD",2025-08-29
250,"GMDCLTD","SMALL_CAP",403.85,40,45.7,"NEUTRAL",501914125.8,"WEAK_HOLD",2025-08-29
262,"ENGINERSIN","SMALL_CAP",198.34,40,41.1,"NEUTRAL",482230948.27,"WEAK_HOLD",2025-08-29
272,"SJVN","SMALL_CAP",93.66,40,44,"NEUTRAL",461319337.1,"WEAK_HOLD",2025-08-29
281,"TIMETECHNO","SMALL_CAP",456.8,40,48.7,"NEUTRAL",441864737.1,"WEAK_HOLD",2025-08-29
284,"BLUEJET","SMALL_CAP",667.85,40,24.2,"BEARISH",437223834.35,"WEAK_HOLD",2025-08-29
293,"JKCEMENT","SMALL_CAP",6946.5,40,52.8,"NEUTRAL",425475531.5,"WEAK_HOLD",2025-08-29
295,"POONAWALLA","SMALL_CAP",431.55,40,42.9,"NEUTRAL",424489240.9,"WEAK_HOLD",2025-08-29
298,"INDIANB","SMALL_CAP",653.1,40,49.8,"NEUTRAL",415781764.15,"WEAK_HOLD",2025-08-29
305,"CGCL","MICRO_CAP",185.36,40,50.9,"NEUTRAL",406499897.46,"WEAK_HOLD",2025-08-29
318,"NTPCGREEN","MICRO_CAP",102.95,40,45.7,"NEUTRAL",387580484.3,"WEAK_HOLD",2025-08-29
321,"KRN","MICRO_CAP",862.35,40,47.7,"NEUTRAL",379842671.35,"WEAK_HOLD",2025-08-29
334,"OSWALPUMPS","MICRO_CAP",792.55,40,52.2,"NEUTRAL",352454457.15,"WEAK_HOLD",2025-08-29
338,"ORIENTCEM","MICRO_CAP",217.21,40,29.8,"BEARISH",349001116.6,"WEAK_HOLD",2025-08-29
349,"ACC","MICRO_CAP",1801.8,40,40.6,"NEUTRAL",337737321.5,"WEAK_HOLD",2025-08-29
350,"EPACK","MICRO_CAP",380.05,40,51.9,"NEUTRAL",336132062.95,"WEAK_HOLD",2025-08-29
353,"FIRSTCRY","MICRO_CAP",362.2,40,45.4,"NEUTRAL",335114956.25,"WEAK_HOLD",2025-08-29
359,"YATHARTH","MICRO_CAP",695.05,40,56,"NEUTRAL",322898571.9,"WEAK_HOLD",2025-08-29
373,"CMSINFO","MICRO_CAP",410.3,40,24.9,"BEARISH",306510819.15,"WEAK_HOLD",2025-08-29
387,"DELTACORP","MICRO_CAP",84.86,40,45.4,"NEUTRAL",284579064.66,"WEAK_HOLD",2025-08-29
393,"GRMOVER","MICRO_CAP",366.15,40,47.4,"NEUTRAL",276461110.35,"WEAK_HOLD",2025-08-29
394,"PFOCUS","MICRO_CAP",144.74,40,43.1,"NEUTRAL",273248510.44,"WEAK_HOLD",2025-08-29
395,"M&MFIN","MICRO_CAP",253.95,40,43.2,"NEUTRAL",272608798.15,"WEAK_HOLD",2025-08-29
406,"EIEL","MICRO_CAP",249.6,40,45.8,"NEUTRAL",261001984.75,"WEAK_HOLD",2025-08-29
414,"STLTECH","MICRO_CAP",114.69,40,40.4,"NEUTRAL",251386589.59,"WEAK_HOLD",2025-08-29
443,"FACT","MICRO_CAP",924.9,40,42.1,"NEUTRAL",223182746.35,"WEAK_HOLD",2025-08-29
446,"KIMS","MICRO_CAP",723.9,40,45.1,"NEUTRAL",221182120.85,"WEAK_HOLD",2025-08-29
461,"ASTRAZEN","MICRO_CAP",8460.5,40,45.2,"NEUTRAL",206045685.5,"WEAK_HOLD",2025-08-29
462,"JSWINFRA","MICRO_CAP",296,40,40.3,"NEUTRAL",206013615.2,"WEAK_HOLD",2025-08-29
465,"TDPOWERSYS","MICRO_CAP",501.85,40,49,"NEUTRAL",202314944.95,"WEAK_HOLD",2025-08-29
466,"PTCIL","MICRO_CAP",14011,40,46,"NEUTRAL",201274806,"WEAK_HOLD",2025-08-29
470,"FSL","MICRO_CAP",351,40,44.3,"NEUTRAL",197934371.9,"WEAK_HOLD",2025-08-29
472,"RCF","MICRO_CAP",148.93,40,45.4,"NEUTRAL",196913376.75,"WEAK_HOLD",2025-08-29
474,"ASAHIINDIA","MICRO_CAP",836.3,40,47.3,"NEUTRAL",193975669.5,"WEAK_HOLD",2025-08-29
482,"KRBL","MICRO_CAP",431.1,40,50,"NEUTRAL",189797541,"WEAK_HOLD",2025-08-29
483,"SKIPPER","MICRO_CAP",512.95,40,48.6,"NEUTRAL",189424456.1,"WEAK_HOLD",2025-08-29
484,"EMCURE","MICRO_CAP",1393.4,40,44.7,"NEUTRAL",189137022.1,"WEAK_HOLD",2025-08-29
487,"AWL","MICRO_CAP",251.5,40,41.4,"NEUTRAL",187899392.15,"WEAK_HOLD",2025-08-29
489,"BLUEDART","MICRO_CAP",5607.5,40,28.8,"BEARISH",186986330.5,"WEAK_HOLD",2025-08-29
494,"AZAD","MICRO_CAP",1530,40,45.1,"NEUTRAL",183663481.6,"WEAK_HOLD",2025-08-29
52,"DLF","MID_CAP",739.05,35,34.9,"BEARISH",2274679708.5,"WEAK_HOLD",2025-08-29
67,"GRSE","MID_CAP",2351.7,35,34.1,"BEARISH",1842707772.9,"WEAK_HOLD",2025-08-29
83,"BHARATFORG","MID_CAP",1106.7,35,35.8,"BEARISH",1570336137.3,"WEAK_HOLD",2025-08-29
86,"SRF","MID_CAP",2836.4,35,34,"BEARISH",1530429609.2,"WEAK_HOLD",2025-08-29
94,"IOC","MID_CAP",136.62,35,31.4,"BEARISH",1453046774.81,"WEAK_HOLD",2025-08-29
105,"ADANIGREEN","MID_CAP",913.5,35,37.6,"BEARISH",1354245993.95,"WEAK_HOLD",2025-08-29
167,"GMRAIRPORT","SMALL_CAP",86.07,35,36.6,"BEARISH",887994260.91,"WEAK_HOLD",2025-08-29
190,"HUDCO","SMALL_CAP",204.49,35,33.6,"BEARISH",737237736.78,"WEAK_HOLD",2025-08-29
207,"PETRONET","SMALL_CAP",269.5,35,36.6,"BEARISH",637093947.55,"WEAK_HOLD",2025-08-29
300,"SIGNATURE","SMALL_CAP",1089.1,35,32.4,"BEARISH",412937235.8,"WEAK_HOLD",2025-08-29
302,"NCC","MICRO_CAP",204.5,35,30.8,"BEARISH",410545610.16,"WEAK_HOLD",2025-08-29
331,"SHAKTIPUMP","MICRO_CAP",807.15,35,36.3,"BEARISH",356228184.75,"WEAK_HOLD",2025-08-29
336,"WELCORP","MICRO_CAP",842.4,35,35.7,"BEARISH",352348607.6,"WEAK_HOLD",2025-08-29
343,"DEEPAKFERT","MICRO_CAP",1387.8,35,32.8,"BEARISH",340188300.3,"WEAK_HOLD",2025-08-29
378,"ATUL","MICRO_CAP",6278.5,35,34.8,"BEARISH",296048550.5,"WEAK_HOLD",2025-08-29
404,"IGIL","MICRO_CAP",332.65,35,36.4,"BEARISH",263394926.6,"WEAK_HOLD",2025-08-29
426,"JUBLPHARMA","MICRO_CAP",1023.1,35,31.5,"BEARISH",239291583.9,"WEAK_HOLD",2025-08-29
433,"PRIVISCL","MICRO_CAP",2212.6,35,34.1,"BEARISH",233027336,"WEAK_HOLD",2025-08-29
448,"NETWORK18","MICRO_CAP",52.83,35,36.8,"BEARISH",219994255.23,"WEAK_HOLD",2025-08-29
468,"MEDIASSIST","MICRO_CAP",505.8,35,38.1,"BEARISH",198228159.95,"WEAK_HOLD",2025-08-29
477,"SOBHA","MICRO_CAP",1430,35,33.3,"BEARISH",192196448.9,"WEAK_HOLD",2025-08-29
492,"RAMCOCEM","MICRO_CAP",1046.8,35,38.5,"BEARISH",184920801.5,"WEAK_HOLD",2025-08-29
495,"PCBL","MICRO_CAP",371.55,35,37.8,"BEARISH",183605585.35,"WEAK_HOLD",2025-08-29
498,"SHYAMMETL","MICRO_CAP",905.3,35,38.6,"BEARISH",182452523.55,"WEAK_HOLD",2025-08-29
8,"INDIGO","LARGE_CAP",5646,30,37.1,"NEUTRAL",9239605135.5,"SELL",2025-08-29
31,"VEDL","LARGE_CAP",420.65,30,38.6,"NEUTRAL",3265729541.75,"SELL",2025-08-29
44,"POWERINDIA","LARGE_CAP",19110,30,42.6,"BEARISH",2624117120,"SELL",2025-08-29
48,"INDUSTOWER","LARGE_CAP",338.6,30,37.3,"NEUTRAL",2503018431.65,"SELL",2025-08-29
62,"AMBER","MID_CAP",7267.5,30,47.9,"BEARISH",1889243444,"SELL",2025-08-29
93,"CANBK","MID_CAP",103.83,30,33.7,"NEUTRAL",1459816824.16,"SELL",2025-08-29
120,"CHOLAFIN","MID_CAP",1420.7,30,36.3,"NEUTRAL",1247880499.7,"SELL",2025-08-29
121,"CAMS","MID_CAP",3705.2,30,38.4,"NEUTRAL",1246235136.2,"SELL",2025-08-29
123,"LODHA","MID_CAP",1192.3,30,35.2,"NEUTRAL",1204236973.4,"SELL",2025-08-29
141,"ADANIENSOL","MID_CAP",764.15,30,33,"NEUTRAL",1028163538.2,"SELL",2025-08-29
155,"PAGEIND","SMALL_CAP",44335,30,42.3,"BEARISH",936065885,"SELL",2025-08-29
172,"KPITTECH","SMALL_CAP",1190.5,30,40.6,"BEARISH",866812378.1,"SELL",2025-08-29
173,"SAGILITY","SMALL_CAP",43.87,30,46.3,"BEARISH",855903345.98,"SELL",2025-08-29
175,"MANKIND","SMALL_CAP",2471.4,30,43.8,"BEARISH",820145935.9,"SELL",2025-08-29
179,"ICICIGI","SMALL_CAP",1839.6,30,35.4,"NEUTRAL",814680193.3,"SELL",2025-08-29
188,"MOTILALOFS","SMALL_CAP",857.3,30,34.3,"NEUTRAL",772180838.05,"SELL",2025-08-29
197,"ASTRAL","SMALL_CAP",1359.8,30,43.1,"BEARISH",703487183.8,"SELL",2025-08-29
202,"OFSS","SMALL_CAP",8293.5,30,37.8,"NEUTRAL",665773253.5,"SELL",2025-08-29
203,"360ONE","SMALL_CAP",1018.1,30,36.4,"NEUTRAL",661321179.9,"SELL",2025-08-29
213,"NAM-INDIA","SMALL_CAP",784.75,30,39.4,"NEUTRAL",612547239.1,"SELL",2025-08-29
223,"BANDHANBNK","SMALL_CAP",161.8,30,37.7,"NEUTRAL",569385289.58,"SELL",2025-08-29
253,"ATGL","SMALL_CAP",591.1,30,38.8,"NEUTRAL",495303347.55,"SELL",2025-08-29
259,"EMAMILTD","SMALL_CAP",573.6,30,44.2,"BEARISH",488757705.9,"SELL",2025-08-29
264,"SUNDARMFIN","SMALL_CAP",4493.7,30,39.5,"NEUTRAL",478085345.2,"SELL",2025-08-29
265,"JUBLFOOD","SMALL_CAP",627.75,30,41.7,"BEARISH",477081201.05,"SELL",2025-08-29
280,"IIFL","SMALL_CAP",427.6,30,36.3,"NEUTRAL",443600445.7,"SELL",2025-08-29
294,"SONATSOFTW","SMALL_CAP",350.85,30,39.2,"NEUTRAL",425409151.85,"SELL",2025-08-29
301,"PATANJALI","MICRO_CAP",1777.6,30,44.5,"BEARISH",411309665.8,"SELL",2025-08-29
306,"WABAG","MICRO_CAP",1457.8,30,36.3,"NEUTRAL",406464877.3,"SELL",2025-08-29
312,"LIQUIDIETF","MICRO_CAP",999.99,30,48,"NEUTRAL",403323483.09,"SELL",2025-08-29
314,"BEML","MICRO_CAP",3839.4,30,36.2,"NEUTRAL",400650567.9,"SELL",2025-08-29
326,"ICICIPRULI","MICRO_CAP",599.85,30,35.1,"NEUTRAL",359853870.45,"SELL",2025-08-29
329,"BLS","MICRO_CAP",366.7,30,40.5,"BEARISH",357971411.45,"SELL",2025-08-29
366,"BAJAJHFL","MICRO_CAP",111.24,30,38,"NEUTRAL",313223007.18,"SELL",2025-08-29
367,"TI","MICRO_CAP",473.8,30,50.4,"BEARISH",312748726.4,"SELL",2025-08-29
375,"AFFLE","MICRO_CAP",1907.6,30,44.7,"BEARISH",301138639.7,"SELL",2025-08-29
383,"CYIENT","MICRO_CAP",1168,30,37.1,"NEUTRAL",289867815.5,"SELL",2025-08-29
386,"TATATECH","MICRO_CAP",657.25,30,33.5,"NEUTRAL",286054440.95,"SELL",2025-08-29
412,"MCLOUD","MICRO_CAP",78.55,30,43,"BEARISH",255091408.6,"SELL",2025-08-29
424,"PARAS","MICRO_CAP",648.7,30,31,"NEUTRAL",240947109.85,"SELL",2025-08-29
429,"CEATLTD","MICRO_CAP",3132.2,30,40.7,"BEARISH",234447914.7,"SELL",2025-08-29
432,"UJJIVANSFB","MICRO_CAP",42.68,30,41.2,"BEARISH",233401273.49,"SELL",2025-08-29
436,"ANURAS","MICRO_CAP",1129.8,30,48.3,"BEARISH",231718839.5,"SELL",2025-08-29
444,"HSCL","MICRO_CAP",445.9,30,35.9,"NEUTRAL",222601596.25,"SELL",2025-08-29
449,"IPCALAB","MICRO_CAP",1384.4,30,45.8,"BEARISH",217666952.9,"SELL",2025-08-29
454,"CHENNPETRO","MICRO_CAP",645.4,30,41.9,"BEARISH",214566055,"SELL",2025-08-29
456,"KEC","MICRO_CAP",808.1,30,41.4,"BEARISH",212084792.2,"SELL",2025-08-29
471,"GLAXO","MICRO_CAP",2785,30,41.8,"BEARISH",197111082.8,"SELL",2025-08-29
478,"GILLETTE","MICRO_CAP",10095,30,41.1,"BEARISH",191800248,"SELL",2025-08-29
490,"TARIL","MICRO_CAP",490.2,30,43.8,"BEARISH",185773114.75,"SELL",2025-08-29
499,"PROSTARM","MICRO_CAP",188.77,30,44.4,"BEARISH",179357087.4,"SELL",2025-08-29
25,"ANGELONE","LARGE_CAP",2209.8,25,25.9,"BEARISH",3511854052.3,"SELL",2025-08-29
36,"CDSL","LARGE_CAP",1424.4,25,27.3,"BEARISH",2931238788.7,"SELL",2025-08-29
38,"PFC","LARGE_CAP",379.7,25,28.1,"BEARISH",2810507096.8,"SELL",2025-08-29
91,"RVNL","MID_CAP",302.6,25,20.4,"BEARISH",1482698447.95,"SELL",2025-08-29
106,"BHEL","MID_CAP",208.01,25,27,"BEARISH",1352916262.35,"SELL",2025-08-29
128,"KFINTECH","MID_CAP",1021.2,25,28.4,"BEARISH",1133896591.4,"SELL",2025-08-29
133,"TATAELXSI","MID_CAP",5234,25,18.5,"BEARISH",1061207479,"SELL",2025-08-29
135,"IRFC","MID_CAP",118.11,25,25.9,"BEARISH",1052030541.21,"SELL",2025-08-29
136,"COCHINSHIP","MID_CAP",1608.2,25,28.5,"BEARISH",1049042774.2,"SELL",2025-08-29
138,"NHPC","MID_CAP",77.23,25,29.5,"BEARISH",1044624899.47,"SELL",2025-08-29
217,"BALKRISIND","SMALL_CAP",2289.4,25,23.9,"BEARISH",600175408.6,"SELL",2025-08-29
219,"IRCTC","SMALL_CAP",691.95,25,25.6,"BEARISH",595341927,"SELL",2025-08-29
245,"FIVESTAR","SMALL_CAP",545.05,25,23.8,"BEARISH",511153472.25,"SELL",2025-08-29
309,"MGL","MICRO_CAP",1251.8,25,29.1,"BEARISH",404823888.4,"SELL",2025-08-29
371,"UBL","MICRO_CAP",1850.1,25,28.3,"BEARISH",308706047.5,"SELL",2025-08-29
382,"BANKBEES","MICRO_CAP",554.99,25,27.1,"BEARISH",291609230,"SELL",2025-08-29
384,"CASTROLIND","MICRO_CAP",197.23,25,29.1,"BEARISH",288675003.23,"SELL",2025-08-29
439,"PRAJIND","MICRO_CAP",391.3,25,20.7,"BEARISH",229448250.05,"SELL",2025-08-29
453,"EQUITASBNK","MICRO_CAP",50.27,25,23.9,"BEARISH",214683127.8,"SELL",2025-08-29
16,"HAL","LARGE_CAP",4332.6,20,32.4,"BEARISH",4520052531.6,"SELL",2025-08-29
21,"SUZLON","LARGE_CAP",56.43,20,31.2,"BEARISH",3731140239.35,"SELL",2025-08-29
33,"MAZDOCK","LARGE_CAP",2603.1,20,34.2,"BEARISH",3000412968.9,"SELL",2025-08-29
41,"NAZARA","LARGE_CAP",1161.1,20,30.1,"BEARISH",2702000700.8,"SELL",2025-08-29
51,"MAXHEALTH","MID_CAP",1154.3,20,32.8,"BEARISH",2294666736.1,"SELL",2025-08-29
73,"KALYANKJIL","MID_CAP",504.15,20,35.3,"BEARISH",1742819533.5,"SELL",2025-08-29
98,"GODREJPROP","MID_CAP",1947.7,20,34.9,"BEARISH",1410444401.3,"SELL",2025-08-29
101,"SOLARINDS","MID_CAP",13795,20,35.1,"BEARISH",1381173421,"SELL",2025-08-29
103,"PGEL","MID_CAP",533.1,20,32.7,"BEARISH",1363058072.1,"SELL",2025-08-29
107,"BPCL","MID_CAP",308.2,20,34.4,"BEARISH",1337677412.35,"SELL",2025-08-29
109,"BANKBARODA","MID_CAP",232.83,20,37.1,"BEARISH",1327189080.83,"SELL",2025-08-29
114,"INOXWIND","MID_CAP",138.12,20,32.5,"BEARISH",1294452978.37,"SELL",2025-08-29
117,"ABB","MID_CAP",4999,20,31.3,"BEARISH",1258237610.5,"SELL",2025-08-29
147,"JSWENERGY","MID_CAP",488.45,20,31,"BEARISH",993163257.85,"SELL",2025-08-29
152,"LICHSGFIN","SMALL_CAP",555.2,20,36.3,"BEARISH",953030192.55,"SELL",2025-08-29
160,"AUROPHARMA","SMALL_CAP",1027.9,20,36.1,"BEARISH",909318754.4,"SELL",2025-08-29
174,"NUVAMA","SMALL_CAP",6384,20,30.5,"BEARISH",841529598.5,"SELL",2025-08-29
184,"LICI","SMALL_CAP",852.15,20,31.4,"BEARISH",796423449.5,"SELL",2025-08-29
196,"TATACOMM","SMALL_CAP",1548.6,20,30.6,"BEARISH",707690973.6,"SELL",2025-08-29
205,"AMBUJACEM","SMALL_CAP",563.2,20,36.2,"BEARISH",658653705.35,"SELL",2025-08-29
208,"BIOCON","SMALL_CAP",348.35,20,36.8,"BEARISH",635466799.25,"SELL",2025-08-29
212,"SAIL","SMALL_CAP",118.66,20,36.3,"BEARISH",615894030.51,"SELL",2025-08-29
234,"THERMAX","SMALL_CAP",3207.6,20,34.7,"BEARISH",540376809.3,"SELL",2025-08-29
251,"BAJAJHLDNG","SMALL_CAP",12770,20,32.5,"BEARISH",501211453,"SELL",2025-08-29
270,"GLENMARK","SMALL_CAP",1923.9,20,39,"BEARISH",463427619.5,"SELL",2025-08-29
286,"IRB","SMALL_CAP",42.9,20,37,"BEARISH",436448495.51,"SELL",2025-08-29
287,"NAVINFLUOR","SMALL_CAP",4687.5,20,35.7,"BEARISH",434819617.5,"SELL",2025-08-29
296,"PIIND","SMALL_CAP",3694.8,20,33.8,"BEARISH",422538303.3,"SELL",2025-08-29
297,"ANANTRAJ","SMALL_CAP",516.35,20,34.3,"BEARISH",418697382.05,"SELL",2025-08-29
310,"PPLPHARMA","MICRO_CAP",183.44,20,33.1,"BEARISH",404564073.69,"SELL",2025-08-29
325,"PCJEWELLER","MICRO_CAP",13.11,20,39.5,"BEARISH",367298493.69,"SELL",2025-08-29
337,"IKS","MICRO_CAP",1514.2,20,38.2,"BEARISH",350062703.3,"SELL",2025-08-29
339,"LLOYDSENT","MICRO_CAP",70.89,20,39,"BEARISH",346095863.91,"SELL",2025-08-29
341,"DATAPATTNS","MICRO_CAP",2402.8,20,35.1,"BEARISH",343176742.9,"SELL",2025-08-29
345,"HINDCOPPER","MICRO_CAP",229.9,20,31.7,"BEARISH",339443279.57,"SELL",2025-08-29
346,"GRAVITA","MICRO_CAP",1619.7,20,31.5,"BEARISH",339189839.3,"SELL",2025-08-29
352,"CSBBANK","MICRO_CAP",362.6,20,32.7,"BEARISH",335215275.05,"SELL",2025-08-29
355,"NH","MICRO_CAP",1753.8,20,37.4,"BEARISH",326560641.1,"SELL",2025-08-29
356,"CHOLAHLDNG","MICRO_CAP",1725.7,20,30.7,"BEARISH",326073023,"SELL",2025-08-29
360,"KPRMILL","MICRO_CAP",986.4,20,38,"BEARISH",321860336.6,"SELL",2025-08-29
369,"PEL","MICRO_CAP",1120.2,20,38.7,"BEARISH",310958905.4,"SELL",2025-08-29
376,"SWSOLAR","MICRO_CAP",260,20,32.8,"BEARISH",300916378.3,"SELL",2025-08-29
381,"RELIGARE","MICRO_CAP",237.5,20,37.7,"BEARISH",292768851.8,"SELL",2025-08-29
403,"GLAND","MICRO_CAP",1871.5,20,36.7,"BEARISH",264218859.8,"SELL",2025-08-29
408,"GICRE","MICRO_CAP",363.65,20,33.6,"BEARISH",260498869.65,"SELL",2025-08-29
410,"EMBDL","MICRO_CAP",93.62,20,30.7,"BEARISH",258313602.02,"SELL",2025-08-29
417,"KPIGREEN","MICRO_CAP",481.2,20,36.7,"BEARISH",248991096.65,"SELL",2025-08-29
418,"GOKEX","MICRO_CAP",672.95,20,30.5,"BEARISH",248661038.95,"SELL",2025-08-29
420,"IRCON","MICRO_CAP",160.32,20,30.3,"BEARISH",244171664.07,"SELL",2025-08-29
421,"LTFOODS","MICRO_CAP",421.35,20,33.5,"BEARISH",243401841.5,"SELL",2025-08-29
423,"RKFORGE","MICRO_CAP",566.55,20,39.4,"BEARISH",241017899.05,"SELL",2025-08-29
435,"SYNGENE","MICRO_CAP",625.9,20,35.1,"BEARISH",232322997.8,"SELL",2025-08-29
437,"GREAVESCOT","MICRO_CAP",198.16,20,39.7,"BEARISH",230041294.43,"SELL",2025-08-29
438,"KITEX","MICRO_CAP",178.03,20,39.1,"BEARISH",229573588.38,"SELL",2025-08-29
445,"JWL","MICRO_CAP",317.55,20,34.5,"BEARISH",221788438.05,"SELL",2025-08-29
450,"WOCKPHARMA","MICRO_CAP",1427.5,20,34,"BEARISH",217289722.6,"SELL",2025-08-29
457,"NATCOPHARM","MICRO_CAP",862,20,37.6,"BEARISH",211068670.3,"SELL",2025-08-29
459,"MAHABANK","MICRO_CAP",51.95,20,31.4,"BEARISH",209280008.95,"SELL",2025-08-29
460,"WELSPUNLIV","MICRO_CAP",109.32,20,30.7,"BEARISH",206757812.6,"SELL",2025-08-29
464,"DEEPAKNTR","MICRO_CAP",1787.9,20,36.6,"BEARISH",204355624.8,"SELL",2025-08-29
467,"ITDCEM","MICRO_CAP",708.1,20,36.8,"BEARISH",200731878.1,"SELL",2025-08-29
497,"CUB","MICRO_CAP",196.05,20,32.4,"BEARISH",182721517.48,"SELL",2025-08-29
49,"BDL","LARGE_CAP",1435.7,10,29.7,"BEARISH",2495381965.1,"SELL",2025-08-29
124,"HINDPETRO","MID_CAP",375.9,10,30,"BEARISH",1177001613,"SELL",2025-08-29
153,"PNBHOUSING","SMALL_CAP",753.6,10,24.8,"BEARISH",936202497.65,"SELL",2025-08-29
180,"FEDERALBNK","SMALL_CAP",191.71,10,29.6,"BEARISH",804855616.78,"SELL",2025-08-29
236,"NBCC","SMALL_CAP",98.26,10,28.6,"BEARISH",537572275.95,"SELL",2025-08-29
239,"TORNTPOWER","SMALL_CAP",1227.3,10,26.6,"BEARISH",533515903.4,"SELL",2025-08-29
279,"CESC","SMALL_CAP",152.19,10,28.4,"BEARISH",445735683.57,"SELL",2025-08-29
285,"CONCOR","SMALL_CAP",527.35,10,27.1,"BEARISH",437041719.9,"SELL",2025-08-29
354,"APARINDS","MICRO_CAP",7732,10,28.9,"BEARISH",332048871.5,"SELL",2025-08-29
362,"LLOYDSME","MICRO_CAP",1288.8,10,28.9,"BEARISH",316572234.1,"SELL",2025-08-29
392,"RAILTEL","MICRO_CAP",328.2,10,27.3,"BEARISH",276868936.2,"SELL",2025-08-29
397,"KARURVYSYA","MICRO_CAP",214.05,10,23.1,"BEARISH",271167287.2,"SELL",2025-08-29
475,"MARKSANS","MICRO_CAP",168.6,10,17,"BEARISH",192956900.85,"SELL",2025-08-29
