"SYMBOL","CURRENT_PRICE","MONTHLY_RS","CONSOLIDATION_BREAKOUT","CUP_HANDLE","LONG_TERM_UPTREND","MOMENTUM_BREAKOUT","SUPPORT_BOUNCE","VOLUME_ACCUMULATION","EARNINGS_MOMENTUM","WEEK52_HIGH_BREAKOUT","TECHNICAL_SCORE","MARKET_CAP_CATEGORY"
"BLISSGVS",203.6,-62.53,FALSE,FALSE,TRUE,TRUE,FALSE,FALSE,FALSE,TRUE,80.7,"MID_CAP"
"BSE",2985.1,-43.08,FALSE,FALSE,TRUE,FALSE,FALSE,FALSE,FALSE,FALSE,76,"LARGE_CAP"
"CARRARO",573.9,-34.84,FALSE,FALSE,FALSE,FALSE,FALSE,FALSE,FALSE,FALSE,74.7,"MICRO_CAP"
"BLUESTARCO",1937,1.38,FALSE,FALSE,FALSE,FALSE,TRUE,TRUE,FALSE,FALSE,74,"MID_CAP"
"CANTABIL",297.5,-27.41,FALSE,FALSE,TRUE,TRUE,FALSE,FALSE,FALSE,FALSE,70.7,"MICRO_CAP"
"TATASTEEL",202,-20.48,FALSE,FALSE,TRUE,FALSE,FALSE,TRUE,FALSE,FALSE,70,"LARGE_CAP"
"ASHOKLEY",205.8,-86.46,FALSE,FALSE,TRUE,FALSE,FALSE,FALSE,FALSE,FALSE,68,"MID_CAP"
"ARVIND",387.6,-37.43,FALSE,FALSE,FALSE,TRUE,FALSE,FALSE,FALSE,FALSE,67.3,"MICRO_CAP"
"CONSOFINVT",225.25,-42.95,FALSE,FALSE,FALSE,TRUE,TRUE,FALSE,TRUE,FALSE,67.3,"MICRO_CAP"
"SBIN",1146,-42.76,FALSE,FALSE,TRUE,TRUE,FALSE,FALSE,FALSE,TRUE,66.7,"LARGE_CAP"
"BANKINDIA",168.41,-35.7,FALSE,FALSE,TRUE,FALSE,FALSE,TRUE,FALSE,FALSE,66.7,"MID_CAP"
"BAJAJCON",380.15,-76.69,FALSE,FALSE,TRUE,FALSE,FALSE,FALSE,FALSE,FALSE,66.7,"MICRO_CAP"
"JAMNAAUTO",135.14,-77.77,FALSE,FALSE,TRUE,FALSE,FALSE,FALSE,FALSE,FALSE,66,"MICRO_CAP"
"JKTYRE",555.85,-55.78,FALSE,FALSE,TRUE,TRUE,FALSE,TRUE,FALSE,FALSE,65.3,"MID_CAP"
"AVANTIFEED",1103.8,-97.52,FALSE,FALSE,TRUE,TRUE,FALSE,FALSE,FALSE,FALSE,64.7,"MID_CAP"
"APEX",380.95,-111.39,FALSE,FALSE,TRUE,FALSE,FALSE,FALSE,FALSE,FALSE,64.7,"SMALL_CAP"
"BANDHANBNK",162.07,14.23,FALSE,FALSE,FALSE,FALSE,TRUE,TRUE,FALSE,FALSE,64,"SMALL_CAP"
"CEIGALL",286.3,-23,FALSE,FALSE,TRUE,FALSE,FALSE,TRUE,FALSE,FALSE,64,"MICRO_CAP"
"DDEVPLSTIK",305.45,0.06,FALSE,FALSE,FALSE,FALSE,TRUE,FALSE,FALSE,FALSE,64,"MICRO_CAP"
"AUBANK",1005.3,-26.28,FALSE,FALSE,TRUE,FALSE,FALSE,TRUE,FALSE,FALSE,63.3,"MID_CAP"
"BHARATFORG",1590.4,-39.79,FALSE,FALSE,TRUE,FALSE,FALSE,FALSE,FALSE,FALSE,63.3,"MID_CAP"
"NAVINFLUOR",6598,-59.02,FALSE,FALSE,TRUE,FALSE,FALSE,TRUE,FALSE,TRUE,62.7,"MID_CAP"
"GRAPHITE",637.3,-14.68,FALSE,FALSE,TRUE,FALSE,FALSE,TRUE,FALSE,FALSE,62.7,"MID_CAP"
"APOLLOPIPE",332.35,-12.03,FALSE,FALSE,FALSE,FALSE,TRUE,FALSE,FALSE,FALSE,62.7,"SMALL_CAP"
"MEDPLUS",870.45,-29.65,FALSE,FALSE,FALSE,FALSE,FALSE,FALSE,FALSE,FALSE,62.7,"MICRO_CAP"
"MBAPL",452.55,-19.73,FALSE,FALSE,FALSE,FALSE,FALSE,TRUE,FALSE,FALSE,62.7,"MICRO_CAP"
"MUTHOOTMF",188.57,-22.74,FALSE,FALSE,TRUE,FALSE,FALSE,FALSE,FALSE,FALSE,62.7,"MICRO_CAP"
"INDUSINDBK",927.9,-29.54,FALSE,FALSE,TRUE,FALSE,FALSE,FALSE,FALSE,FALSE,62,"LARGE_CAP"
"COALINDIA",431.7,-18.98,FALSE,FALSE,TRUE,FALSE,FALSE,TRUE,FALSE,FALSE,62,"MID_CAP"
"KTKBANK",206.88,-23.46,FALSE,FALSE,FALSE,FALSE,FALSE,FALSE,FALSE,FALSE,61.3,"SMALL_CAP"
"STYLEBAAZA",354.9,-15.06,FALSE,FALSE,FALSE,FALSE,TRUE,FALSE,FALSE,FALSE,61.3,"MICRO_CAP"
"PSUBNKBEES",102.03,-24.09,FALSE,FALSE,TRUE,FALSE,FALSE,FALSE,FALSE,TRUE,61.3,"MICRO_CAP"
"DCBBANK",193.53,-36.66,FALSE,FALSE,TRUE,FALSE,FALSE,FALSE,FALSE,FALSE,61.3,"MICRO_CAP"
"SPAL",786.15,-18.45,FALSE,FALSE,FALSE,FALSE,TRUE,FALSE,FALSE,FALSE,61.3,"MICRO_CAP"
"ROLEXRINGS",128.25,-4.79,FALSE,FALSE,FALSE,FALSE,FALSE,FALSE,FALSE,FALSE,61.3,"MICRO_CAP"
"PFOCUS",277.32,-101.87,FALSE,FALSE,TRUE,TRUE,FALSE,FALSE,FALSE,FALSE,60.7,"LARGE_CAP"
"RAMCOCEM",1204.9,-25.38,FALSE,FALSE,FALSE,FALSE,FALSE,TRUE,FALSE,TRUE,60.7,"MICRO_CAP"
"PRECWIRE",261.96,-33.24,FALSE,FALSE,FALSE,FALSE,FALSE,FALSE,FALSE,FALSE,60.7,"MICRO_CAP"
"TIPSMUSIC",571.45,-16.16,FALSE,FALSE,FALSE,FALSE,FALSE,TRUE,FALSE,FALSE,60.7,"MICRO_CAP"
"DELPHIFX",224.17,-17.2,FALSE,FALSE,FALSE,FALSE,FALSE,FALSE,FALSE,FALSE,60.7,"MICRO_CAP"
"CUBEXTUB",115.74,-41.92,FALSE,FALSE,TRUE,FALSE,FALSE,FALSE,FALSE,FALSE,60.7,"MICRO_CAP"
"ESILVER",252.07,-146.7,FALSE,FALSE,FALSE,FALSE,FALSE,FALSE,FALSE,FALSE,59.3,"MICRO_CAP"
"DALBHARAT",2195.7,-5.87,FALSE,FALSE,FALSE,FALSE,FALSE,TRUE,FALSE,FALSE,59.3,"MICRO_CAP"
"CANFINHOME",950.2,-18.16,FALSE,TRUE,TRUE,FALSE,FALSE,FALSE,FALSE,FALSE,59.3,"MICRO_CAP"
"SAKAR",496.55,-73.95,FALSE,FALSE,TRUE,TRUE,FALSE,FALSE,FALSE,TRUE,59.3,"MICRO_CAP"
"FUSION",185.45,-1.44,FALSE,FALSE,FALSE,FALSE,FALSE,FALSE,FALSE,FALSE,59.3,"MICRO_CAP"
"SHRIRAMFIN",1062.7,-86.37,FALSE,FALSE,TRUE,FALSE,FALSE,FALSE,FALSE,TRUE,58.7,"LARGE_CAP"
"GOLDIAM",407.25,-26.63,FALSE,FALSE,FALSE,FALSE,TRUE,FALSE,FALSE,FALSE,58.7,"MID_CAP"
"ABB",5815.5,-22.8,FALSE,FALSE,FALSE,FALSE,TRUE,FALSE,FALSE,FALSE,58.7,"SMALL_CAP"
"SANSERA",1911.7,-55.04,FALSE,FALSE,TRUE,FALSE,FALSE,FALSE,FALSE,FALSE,58.7,"MICRO_CAP"
"GNA",442.9,-78.71,FALSE,FALSE,TRUE,TRUE,FALSE,FALSE,FALSE,FALSE,58.7,"MICRO_CAP"
"NIITMTS",381.95,-28.7,FALSE,FALSE,FALSE,FALSE,FALSE,FALSE,FALSE,FALSE,58.7,"MICRO_CAP"
"UNIONBANK",179.98,-41.26,FALSE,FALSE,TRUE,FALSE,FALSE,TRUE,FALSE,FALSE,58,"MID_CAP"
"ALKEM",5750.5,-10.81,FALSE,FALSE,TRUE,FALSE,FALSE,FALSE,FALSE,FALSE,58,"SMALL_CAP"
"IMFA",1451.5,-50.75,FALSE,FALSE,FALSE,FALSE,FALSE,FALSE,FALSE,FALSE,58,"SMALL_CAP"
"BELRISE",185.1,-44.56,FALSE,FALSE,TRUE,FALSE,FALSE,FALSE,FALSE,FALSE,58,"MICRO_CAP"
"SUNDARMFIN",5451,-30.04,FALSE,FALSE,TRUE,FALSE,FALSE,TRUE,FALSE,FALSE,58,"MICRO_CAP"
"CUB",289.85,-38.98,FALSE,FALSE,TRUE,FALSE,FALSE,FALSE,FALSE,FALSE,58,"MICRO_CAP"
"EPL",219.35,-15.16,FALSE,FALSE,FALSE,FALSE,TRUE,FALSE,FALSE,FALSE,58,"MICRO_CAP"
"SPORTKING",113.53,-24.51,FALSE,FALSE,FALSE,FALSE,TRUE,FALSE,FALSE,FALSE,58,"MICRO_CAP"
"VRLLOG",300.2,-22,FALSE,FALSE,FALSE,FALSE,TRUE,FALSE,FALSE,FALSE,57.3,"MICRO_CAP"
"AKUMS",467.2,-4.03,FALSE,FALSE,FALSE,FALSE,TRUE,FALSE,FALSE,FALSE,57.3,"MICRO_CAP"
"MMFL",454.55,-89.28,FALSE,FALSE,TRUE,FALSE,FALSE,FALSE,FALSE,FALSE,57.3,"MICRO_CAP"
"BBNPPGOLD",149.75,-63.81,FALSE,FALSE,TRUE,FALSE,FALSE,FALSE,FALSE,FALSE,57.3,"MICRO_CAP"
"INDUSTOWER",456.15,-33.56,FALSE,FALSE,TRUE,FALSE,FALSE,TRUE,FALSE,FALSE,56.7,"MID_CAP"
"VENKEYS",1489.7,-4.64,FALSE,FALSE,FALSE,FALSE,FALSE,TRUE,FALSE,FALSE,56.7,"MID_CAP"
"AARTIIND",470.4,-45.13,FALSE,FALSE,FALSE,TRUE,TRUE,FALSE,FALSE,FALSE,56.7,"SMALL_CAP"
"CUPID",421.15,-132.45,FALSE,FALSE,TRUE,FALSE,FALSE,FALSE,FALSE,FALSE,56.7,"SMALL_CAP"
"SMSPHARMA",320.2,-12.62,FALSE,FALSE,TRUE,FALSE,FALSE,FALSE,FALSE,FALSE,56.7,"MICRO_CAP"
"MANGLMCEM",793.7,-2.91,FALSE,FALSE,TRUE,FALSE,FALSE,FALSE,FALSE,FALSE,56.7,"MICRO_CAP"
"FORCEMOT",22361,-66.53,FALSE,FALSE,TRUE,TRUE,FALSE,FALSE,FALSE,TRUE,56,"MID_CAP"
"PETRONET",300,-14.7,FALSE,FALSE,TRUE,FALSE,TRUE,FALSE,FALSE,FALSE,56,"SMALL_CAP"
"ATHERENERG",726.05,2.58,FALSE,FALSE,FALSE,FALSE,FALSE,FALSE,FALSE,FALSE,56,"SMALL_CAP"
"BBOX",571.15,-5.59,FALSE,FALSE,FALSE,FALSE,FALSE,FALSE,FALSE,FALSE,56,"MICRO_CAP"
"PTC",187.38,-17.63,FALSE,FALSE,FALSE,FALSE,TRUE,FALSE,FALSE,FALSE,56,"MICRO_CAP"
"AARTIPHARM",794.75,10.55,FALSE,FALSE,FALSE,FALSE,FALSE,FALSE,FALSE,FALSE,56,"MICRO_CAP"
"ANURAS",1319.2,-38.38,FALSE,TRUE,TRUE,FALSE,FALSE,FALSE,FALSE,FALSE,56,"MICRO_CAP"
"NITINSPIN",354.1,-7.62,FALSE,FALSE,FALSE,FALSE,TRUE,TRUE,FALSE,FALSE,56,"MICRO_CAP"
"BIRLACABLE",154.7,2.16,FALSE,FALSE,FALSE,FALSE,TRUE,TRUE,FALSE,FALSE,56,"MICRO_CAP"
"AXISBANK",1341.4,-14.07,FALSE,FALSE,TRUE,FALSE,FALSE,TRUE,FALSE,FALSE,55.3,"LARGE_CAP"
"CEATLTD",4015.6,2.87,FALSE,FALSE,FALSE,FALSE,FALSE,TRUE,FALSE,FALSE,55.3,"SMALL_CAP"
"M&MFIN",389.9,-55.33,FALSE,FALSE,TRUE,FALSE,FALSE,FALSE,FALSE,FALSE,55.3,"SMALL_CAP"
"BALKRISIND",2678.6,-27.01,FALSE,FALSE,FALSE,FALSE,FALSE,FALSE,FALSE,FALSE,55.3,"MICRO_CAP"
"AWHCL",530.5,-1.86,FALSE,FALSE,FALSE,FALSE,FALSE,FALSE,FALSE,FALSE,55.3,"MICRO_CAP"
"PFC",415.2,-9.63,FALSE,FALSE,FALSE,FALSE,FALSE,FALSE,FALSE,FALSE,54.7,"LARGE_CAP"
"MOTHERSON",124.41,-30.04,FALSE,FALSE,FALSE,FALSE,FALSE,FALSE,FALSE,FALSE,54.7,"MID_CAP"
"BAJAJ-AUTO",9590,-10.84,FALSE,FALSE,TRUE,FALSE,FALSE,FALSE,FALSE,FALSE,54.7,"SMALL_CAP"
"TORNTPOWER",1427.2,-21.65,FALSE,FALSE,TRUE,FALSE,FALSE,FALSE,FALSE,FALSE,54.7,"SMALL_CAP"
"STLTECH",142.89,-41.49,FALSE,FALSE,FALSE,TRUE,TRUE,FALSE,TRUE,FALSE,54.7,"SMALL_CAP"
"BSOFT",445.2,-33.27,FALSE,FALSE,TRUE,FALSE,FALSE,FALSE,FALSE,FALSE,54.7,"MICRO_CAP"
"JAYBARMARU",101.22,-72.76,FALSE,FALSE,FALSE,FALSE,FALSE,FALSE,FALSE,FALSE,54.7,"MICRO_CAP"
"KROSS",215.39,-32.94,FALSE,FALSE,FALSE,FALSE,FALSE,TRUE,FALSE,FALSE,54.7,"MICRO_CAP"
"SONACOMS",530.6,-17.61,FALSE,FALSE,FALSE,FALSE,FALSE,FALSE,FALSE,FALSE,54,"MID_CAP"
"BALRAMCHIN",453.45,6.21,FALSE,FALSE,FALSE,FALSE,TRUE,FALSE,FALSE,FALSE,54,"MICRO_CAP"
"GANDHAR",156.2,-27.51,FALSE,FALSE,FALSE,FALSE,FALSE,TRUE,FALSE,FALSE,54,"MICRO_CAP"
"MFSL",1753.2,-27.72,FALSE,FALSE,FALSE,FALSE,FALSE,FALSE,FALSE,FALSE,53.3,"SMALL_CAP"
"CCL",1020.9,-36.9,FALSE,FALSE,FALSE,FALSE,FALSE,FALSE,FALSE,FALSE,53.3,"MICRO_CAP"
"GAEL",135.87,-51.91,FALSE,FALSE,FALSE,FALSE,FALSE,FALSE,FALSE,FALSE,53.3,"MICRO_CAP"
"TITAN",4257.8,-26.83,FALSE,TRUE,TRUE,FALSE,FALSE,FALSE,FALSE,FALSE,52.7,"LARGE_CAP"
"ATULAUTO",485.05,-0.08,FALSE,FALSE,FALSE,FALSE,TRUE,FALSE,FALSE,FALSE,52.7,"SMALL_CAP"
"IZMO",838.95,-203.45,FALSE,FALSE,TRUE,TRUE,FALSE,FALSE,FALSE,FALSE,52.7,"SMALL_CAP"
"FEDERALBNK",286.65,-39.78,FALSE,FALSE,TRUE,FALSE,FALSE,FALSE,FALSE,FALSE,52.7,"SMALL_CAP"
"GESHIP",1313.2,-44.46,FALSE,FALSE,TRUE,FALSE,FALSE,FALSE,FALSE,FALSE,52.7,"SMALL_CAP"
"GODAVARIB",290.95,-12.05,FALSE,FALSE,FALSE,FALSE,FALSE,FALSE,FALSE,FALSE,52.7,"MICRO_CAP"
"SHYAMMETL",890.7,2.94,FALSE,FALSE,FALSE,FALSE,TRUE,FALSE,FALSE,FALSE,52.7,"MICRO_CAP"
"DBL",469.85,4.41,FALSE,FALSE,FALSE,FALSE,FALSE,FALSE,FALSE,FALSE,52.7,"MICRO_CAP"
"UNIPARTS",501.75,-8.7,FALSE,FALSE,FALSE,FALSE,FALSE,FALSE,FALSE,FALSE,52.7,"MICRO_CAP"
"GMDCLTD",623.3,-14.19,FALSE,FALSE,TRUE,FALSE,FALSE,FALSE,FALSE,FALSE,52,"LARGE_CAP"
"HINDALCO",964.25,-25.04,FALSE,FALSE,TRUE,FALSE,FALSE,TRUE,FALSE,FALSE,52,"LARGE_CAP"
"DRREDDY",1275.5,1.99,FALSE,FALSE,FALSE,FALSE,TRUE,FALSE,FALSE,FALSE,52,"MID_CAP"
"SENCO",355.3,-16.82,FALSE,FALSE,FALSE,FALSE,TRUE,FALSE,FALSE,FALSE,52,"SMALL_CAP"
"COROMANDEL",2281.4,-3.32,FALSE,FALSE,FALSE,FALSE,FALSE,FALSE,FALSE,FALSE,52,"MICRO_CAP"
"TMB",663.4,-77.96,FALSE,FALSE,TRUE,FALSE,FALSE,FALSE,FALSE,FALSE,52,"MICRO_CAP"
"FAZE3Q",562.45,-18.48,FALSE,FALSE,FALSE,FALSE,TRUE,FALSE,FALSE,FALSE,52,"MICRO_CAP"
"SPANDANA",259.3,-8.56,FALSE,FALSE,FALSE,FALSE,TRUE,FALSE,FALSE,FALSE,52,"MICRO_CAP"
"INDIANB",902.5,-10.72,FALSE,FALSE,TRUE,FALSE,FALSE,FALSE,FALSE,FALSE,51.3,"MID_CAP"
"AUROPHARMA",1203.7,-17.49,FALSE,FALSE,FALSE,FALSE,FALSE,FALSE,FALSE,FALSE,51.3,"SMALL_CAP"
"DBREALTY",124.27,33.48,FALSE,FALSE,FALSE,FALSE,TRUE,FALSE,FALSE,FALSE,51.3,"SMALL_CAP"
"JINDALSTEL",1191.1,-20.2,FALSE,FALSE,TRUE,FALSE,FALSE,FALSE,FALSE,FALSE,51.3,"SMALL_CAP"
"KARURVYSYA",326.55,-57.45,FALSE,FALSE,TRUE,FALSE,FALSE,FALSE,FALSE,FALSE,51.3,"SMALL_CAP"
"THANGAMAYL",3722.1,-144.87,FALSE,FALSE,TRUE,FALSE,FALSE,FALSE,FALSE,FALSE,51.3,"SMALL_CAP"
"ICIL",307.19,-13.38,FALSE,FALSE,FALSE,FALSE,TRUE,FALSE,FALSE,FALSE,51.3,"MICRO_CAP"
"SENORES",833.35,-11.61,FALSE,TRUE,TRUE,FALSE,FALSE,FALSE,FALSE,FALSE,51.3,"MICRO_CAP"
"MAYURUNIQ",583,-27.2,FALSE,FALSE,FALSE,FALSE,TRUE,FALSE,FALSE,FALSE,51.3,"MICRO_CAP"
"MUFTI",107.17,9.28,FALSE,FALSE,FALSE,FALSE,TRUE,FALSE,FALSE,FALSE,51.3,"MICRO_CAP"
"CANBK",147.93,-25.46,FALSE,FALSE,FALSE,FALSE,FALSE,FALSE,FALSE,FALSE,50.7,"LARGE_CAP"
"ULTRACEMCO",13048,-17.26,FALSE,FALSE,FALSE,FALSE,FALSE,TRUE,FALSE,FALSE,50.7,"MID_CAP"
"VOLTAS",1502.9,-9.62,FALSE,FALSE,TRUE,FALSE,TRUE,FALSE,FALSE,FALSE,50.7,"SMALL_CAP"
"RICOAUTO",133.92,-106.22,FALSE,FALSE,TRUE,FALSE,FALSE,FALSE,FALSE,FALSE,50.7,"MICRO_CAP"
"VTL",507.05,-31.38,FALSE,FALSE,FALSE,FALSE,TRUE,FALSE,TRUE,FALSE,50.7,"MICRO_CAP"
"MAHLOG",374.55,-15.33,FALSE,FALSE,FALSE,FALSE,TRUE,FALSE,FALSE,FALSE,50.7,"MICRO_CAP"
"KIRLOSENG",1218.5,-39.01,FALSE,FALSE,FALSE,FALSE,FALSE,FALSE,FALSE,FALSE,50.7,"MICRO_CAP"
"INDSWFTLAB",138.79,-63.47,FALSE,FALSE,TRUE,TRUE,FALSE,FALSE,TRUE,FALSE,50.7,"MICRO_CAP"
"MANORAMA",1446,-7.35,FALSE,FALSE,FALSE,FALSE,TRUE,FALSE,FALSE,FALSE,50.7,"MICRO_CAP"
"RALLIS",278.4,-11.5,FALSE,FALSE,FALSE,FALSE,TRUE,FALSE,FALSE,FALSE,50.7,"MICRO_CAP"
"EQUAL50ADD",349.7,-3.48,FALSE,FALSE,FALSE,FALSE,FALSE,FALSE,FALSE,FALSE,50.7,"MICRO_CAP"
"CHEMPLASTS",282.75,53.7,FALSE,FALSE,FALSE,FALSE,TRUE,TRUE,FALSE,FALSE,50.7,"MICRO_CAP"
"BEL",437.3,-10.59,FALSE,FALSE,TRUE,FALSE,FALSE,TRUE,FALSE,FALSE,50,"LARGE_CAP"
"NTPC",361.9,-12.37,FALSE,FALSE,TRUE,FALSE,FALSE,TRUE,FALSE,FALSE,50,"MID_CAP"
"SETFGOLD",131.89,-59.87,FALSE,FALSE,TRUE,FALSE,FALSE,FALSE,FALSE,FALSE,50,"MID_CAP"
"BPCL",388.3,-25.79,FALSE,FALSE,FALSE,FALSE,FALSE,FALSE,FALSE,FALSE,50,"MID_CAP"
"SBCL",516,-9.72,FALSE,FALSE,FALSE,FALSE,TRUE,FALSE,FALSE,FALSE,50,"MICRO_CAP"
"TRIVENI",381.45,-15.51,FALSE,FALSE,FALSE,FALSE,TRUE,FALSE,FALSE,FALSE,50,"MICRO_CAP"
"RPTECH",390.2,-27.82,FALSE,FALSE,TRUE,FALSE,FALSE,TRUE,FALSE,FALSE,50,"MICRO_CAP"
"SATIN",158.35,-0.35,FALSE,FALSE,TRUE,FALSE,FALSE,FALSE,FALSE,FALSE,50,"MICRO_CAP"
"LIQUIDPLUS",1071.92,-2.62,FALSE,FALSE,TRUE,FALSE,FALSE,TRUE,FALSE,FALSE,49.3,"LARGE_CAP"
"GODREJCP",1197.7,-13.59,FALSE,FALSE,FALSE,FALSE,TRUE,FALSE,FALSE,FALSE,49.3,"MID_CAP"
"CHOLAFIN",1770.2,-5.03,FALSE,FALSE,FALSE,FALSE,FALSE,TRUE,FALSE,FALSE,49.3,"MID_CAP"
"APLAPOLLO",2234.6,-47.48,FALSE,FALSE,TRUE,FALSE,FALSE,FALSE,FALSE,FALSE,49.3,"MID_CAP"
"OIL",490.05,-34.53,FALSE,FALSE,TRUE,FALSE,FALSE,FALSE,FALSE,FALSE,49.3,"MID_CAP"
"CASHIETF",1048.93,-2.61,FALSE,FALSE,TRUE,FALSE,FALSE,FALSE,FALSE,FALSE,49.3,"SMALL_CAP"
"RAIN",166.51,-45.9,FALSE,FALSE,FALSE,FALSE,FALSE,FALSE,FALSE,FALSE,49.3,"MICRO_CAP"
"ACUTAAS",2002.7,-30.98,FALSE,FALSE,TRUE,FALSE,FALSE,FALSE,FALSE,FALSE,49.3,"MICRO_CAP"
"PGIL",1796.4,-67.38,FALSE,FALSE,FALSE,FALSE,FALSE,FALSE,FALSE,FALSE,49.3,"MICRO_CAP"
"DEEPAKNTR",1678,7.75,FALSE,FALSE,FALSE,FALSE,TRUE,FALSE,FALSE,FALSE,49.3,"MICRO_CAP"
"BALMLAWRIE",182.92,15.37,FALSE,FALSE,FALSE,FALSE,TRUE,TRUE,FALSE,FALSE,49.3,"MICRO_CAP"
"MOVALUE",124.02,-21.65,FALSE,FALSE,TRUE,FALSE,FALSE,TRUE,FALSE,FALSE,49.3,"MICRO_CAP"
"MRPL",194.25,-49.86,FALSE,FALSE,TRUE,FALSE,FALSE,FALSE,FALSE,FALSE,48.7,"MID_CAP"
"GRASIM",2926.3,0.41,FALSE,FALSE,FALSE,FALSE,TRUE,TRUE,FALSE,FALSE,48.7,"MID_CAP"
"DYNAMATECH",9374,-37.43,FALSE,FALSE,FALSE,FALSE,FALSE,FALSE,FALSE,FALSE,48.7,"SMALL_CAP"
"GOLD1",129.47,-62.15,FALSE,FALSE,TRUE,FALSE,FALSE,FALSE,FALSE,FALSE,48.7,"SMALL_CAP"
"RELIGARE",258.84,6.3,FALSE,FALSE,FALSE,FALSE,TRUE,TRUE,FALSE,FALSE,48.7,"SMALL_CAP"
"DONEAR",101.74,-5.72,FALSE,FALSE,FALSE,FALSE,TRUE,FALSE,FALSE,FALSE,48.7,"MICRO_CAP"
"SCI",265.25,-2.42,FALSE,FALSE,FALSE,FALSE,TRUE,FALSE,FALSE,FALSE,48,"LARGE_CAP"
"TORNTPHARM",3997.2,-21.69,FALSE,FALSE,TRUE,FALSE,FALSE,TRUE,FALSE,FALSE,48,"MID_CAP"
"VAIBHAVGBL",258.99,-14.66,FALSE,FALSE,FALSE,FALSE,TRUE,FALSE,FALSE,FALSE,48,"MID_CAP"
"MANAPPURAM",306.7,-20.25,FALSE,FALSE,TRUE,FALSE,TRUE,TRUE,FALSE,FALSE,48,"SMALL_CAP"
"GOLDETF",150.4,-60.01,FALSE,FALSE,TRUE,FALSE,FALSE,FALSE,FALSE,FALSE,48,"MICRO_CAP"
"RISHABH",445.65,-105.46,FALSE,FALSE,FALSE,FALSE,FALSE,FALSE,FALSE,FALSE,48,"MICRO_CAP"
"ICICIB22",123.97,-13.33,FALSE,FALSE,TRUE,FALSE,FALSE,TRUE,FALSE,TRUE,48,"MICRO_CAP"
"BSLGOLDETF",135.61,-61.31,FALSE,FALSE,TRUE,FALSE,FALSE,FALSE,FALSE,FALSE,48,"MICRO_CAP"
"TAINWALCHM",203.79,-2.61,FALSE,FALSE,FALSE,FALSE,FALSE,TRUE,FALSE,FALSE,48,"MICRO_CAP"
"GRWRHITECH",4271,-41.46,FALSE,FALSE,FALSE,TRUE,TRUE,FALSE,FALSE,FALSE,47.3,"MICRO_CAP"
"BATAINDIA",884.2,36.31,FALSE,FALSE,FALSE,FALSE,TRUE,FALSE,FALSE,FALSE,47.3,"MICRO_CAP"
"HINDCOPPER",598,-137.73,FALSE,FALSE,TRUE,FALSE,FALSE,FALSE,FALSE,FALSE,46.7,"LARGE_CAP"
"GOLDBEES",127.98,-59.29,FALSE,FALSE,TRUE,FALSE,FALSE,FALSE,FALSE,FALSE,46.7,"LARGE_CAP"
"VEDL",679.75,-65.06,FALSE,FALSE,TRUE,FALSE,FALSE,FALSE,FALSE,FALSE,46.7,"LARGE_CAP"
"IDBI",104.04,-3.36,FALSE,FALSE,TRUE,FALSE,FALSE,TRUE,FALSE,FALSE,46.7,"MID_CAP"
"GOLDIETF",132.27,-59.16,FALSE,FALSE,TRUE,FALSE,FALSE,FALSE,FALSE,FALSE,46.7,"MID_CAP"
"ANGELONE",2715.5,-12.9,FALSE,FALSE,FALSE,FALSE,FALSE,TRUE,FALSE,FALSE,46.7,"MID_CAP"
"MTARTECH",3404.7,-90.86,FALSE,FALSE,TRUE,FALSE,FALSE,FALSE,FALSE,FALSE,46.7,"SMALL_CAP"
"ICICIPRULI",648.3,-14.68,FALSE,FALSE,FALSE,FALSE,FALSE,TRUE,FALSE,FALSE,46.7,"SMALL_CAP"
"HDFCGOLD",132.02,-59.75,FALSE,FALSE,TRUE,FALSE,FALSE,FALSE,FALSE,FALSE,46.7,"SMALL_CAP"
"DEEPAKFERT",1078.6,53.49,FALSE,FALSE,FALSE,FALSE,TRUE,FALSE,FALSE,FALSE,46.7,"SMALL_CAP"
"NATCOPHARM",845.6,-4.26,FALSE,FALSE,FALSE,FALSE,FALSE,FALSE,FALSE,FALSE,46.7,"MICRO_CAP"
"AXISGOLD",128.66,-60.58,FALSE,FALSE,TRUE,FALSE,FALSE,FALSE,FALSE,FALSE,46.7,"MICRO_CAP"
"SUNTV",569.9,-3.26,FALSE,FALSE,FALSE,FALSE,TRUE,FALSE,FALSE,FALSE,46.7,"MICRO_CAP"
"GSPL",311.85,-1.58,FALSE,FALSE,FALSE,FALSE,FALSE,FALSE,FALSE,FALSE,46.7,"MICRO_CAP"
"UNIMECH",1013.8,6.31,FALSE,FALSE,FALSE,FALSE,TRUE,FALSE,FALSE,FALSE,46.7,"MICRO_CAP"
"VENTIVE",778.55,-8.02,FALSE,FALSE,TRUE,FALSE,FALSE,TRUE,FALSE,FALSE,46.7,"MICRO_CAP"
"INDIACEM",456.05,-33.01,FALSE,FALSE,FALSE,FALSE,FALSE,FALSE,FALSE,FALSE,46.7,"MICRO_CAP"
"PROSTARM",166.09,4.99,FALSE,FALSE,FALSE,FALSE,TRUE,FALSE,FALSE,FALSE,46.7,"MICRO_CAP"
"SESHAPAPER",249.85,2.01,FALSE,FALSE,FALSE,FALSE,TRUE,FALSE,FALSE,FALSE,46.7,"MICRO_CAP"
"QGOLDHALF",128.39,-60.78,FALSE,FALSE,TRUE,FALSE,FALSE,FALSE,FALSE,FALSE,46.7,"MICRO_CAP"
"GOLD360",151.35,-59.87,FALSE,FALSE,TRUE,FALSE,FALSE,FALSE,FALSE,FALSE,46.7,"MICRO_CAP"
"LUPIN",2196.8,-26.72,FALSE,FALSE,TRUE,FALSE,FALSE,FALSE,FALSE,FALSE,46,"SMALL_CAP"
"SKYGOLD",349.65,0.08,FALSE,FALSE,FALSE,FALSE,FALSE,FALSE,FALSE,FALSE,46,"SMALL_CAP"
"HEG",545.1,-3.55,FALSE,FALSE,FALSE,FALSE,FALSE,FALSE,FALSE,FALSE,46,"SMALL_CAP"
"WELSPUNLIV",145.11,-24.08,FALSE,FALSE,FALSE,FALSE,FALSE,FALSE,FALSE,FALSE,46,"SMALL_CAP"
"EDELWEISS",111.26,12.83,FALSE,FALSE,FALSE,FALSE,TRUE,FALSE,FALSE,FALSE,46,"MICRO_CAP"
"AZAD",1566.4,14.86,FALSE,FALSE,FALSE,FALSE,TRUE,FALSE,FALSE,FALSE,46,"MICRO_CAP"
"NAVA",579,11.36,FALSE,FALSE,FALSE,FALSE,FALSE,FALSE,FALSE,FALSE,46,"MICRO_CAP"
"EMCURE",1545.7,-30.55,FALSE,FALSE,TRUE,FALSE,FALSE,FALSE,FALSE,FALSE,46,"MICRO_CAP"
"WALCHANNAG",185.02,-19.27,FALSE,FALSE,FALSE,FALSE,TRUE,FALSE,FALSE,FALSE,46,"MICRO_CAP"
"STALLION",184.09,-90.9,FALSE,FALSE,FALSE,FALSE,FALSE,FALSE,FALSE,FALSE,46,"MICRO_CAP"
"CAMPUS",276.65,2.85,FALSE,FALSE,FALSE,FALSE,TRUE,TRUE,FALSE,FALSE,46,"MICRO_CAP"
"SSWL",223.91,4.5,FALSE,FALSE,FALSE,FALSE,TRUE,FALSE,FALSE,FALSE,46,"MICRO_CAP"
"COMMOIETF",101.36,-13.13,FALSE,FALSE,TRUE,FALSE,FALSE,FALSE,FALSE,FALSE,46,"MICRO_CAP"
"ONGC",266.6,-11.82,FALSE,FALSE,TRUE,FALSE,TRUE,FALSE,FALSE,FALSE,45.3,"MID_CAP"
"CROMPTON",262.92,17.39,FALSE,FALSE,FALSE,FALSE,TRUE,FALSE,FALSE,FALSE,45.3,"MID_CAP"
"GVT&D",3691.4,-44.92,FALSE,FALSE,TRUE,FALSE,TRUE,FALSE,FALSE,FALSE,45.3,"MID_CAP"
"PGEL",593.15,-9.08,FALSE,FALSE,FALSE,FALSE,TRUE,FALSE,FALSE,FALSE,45.3,"SMALL_CAP"
"TECHM",1621.7,-22.2,FALSE,FALSE,FALSE,FALSE,FALSE,FALSE,FALSE,FALSE,45.3,"SMALL_CAP"
"WOCKPHARMA",1411.2,-16.25,FALSE,FALSE,FALSE,FALSE,FALSE,FALSE,FALSE,FALSE,45.3,"SMALL_CAP"
"63MOONS",709.85,19.35,FALSE,FALSE,FALSE,FALSE,TRUE,FALSE,FALSE,FALSE,45.3,"SMALL_CAP"
"ASTRAL",1490.7,-5.15,FALSE,FALSE,FALSE,FALSE,TRUE,FALSE,FALSE,FALSE,45.3,"SMALL_CAP"
"GICRE",384,-0.29,FALSE,FALSE,FALSE,FALSE,TRUE,FALSE,FALSE,FALSE,45.3,"MICRO_CAP"
"AETHER",988.4,-55.82,FALSE,FALSE,FALSE,FALSE,FALSE,FALSE,FALSE,FALSE,45.3,"MICRO_CAP"
"HONASA",293.15,-14.67,FALSE,FALSE,FALSE,FALSE,FALSE,FALSE,FALSE,FALSE,45.3,"MICRO_CAP"
"SILVER360",253.05,-151.28,FALSE,FALSE,FALSE,FALSE,FALSE,FALSE,FALSE,FALSE,45.3,"MICRO_CAP"
"MASFIN",332,-18.52,FALSE,FALSE,FALSE,FALSE,TRUE,FALSE,FALSE,FALSE,45.3,"MICRO_CAP"
"NYKAA",277.86,-15.07,FALSE,FALSE,FALSE,FALSE,FALSE,FALSE,FALSE,FALSE,44.7,"LARGE_CAP"
"BANKBARODA",290.6,-9.09,FALSE,FALSE,FALSE,FALSE,FALSE,FALSE,FALSE,FALSE,44.7,"MID_CAP"
"KEI",4599.1,-24.29,FALSE,FALSE,FALSE,FALSE,TRUE,FALSE,FALSE,FALSE,44.7,"SMALL_CAP"
"BAJEL",170.75,19.98,FALSE,FALSE,FALSE,FALSE,TRUE,FALSE,FALSE,FALSE,44.7,"MICRO_CAP"
"SAIL",158.38,-36.58,FALSE,FALSE,TRUE,FALSE,FALSE,TRUE,FALSE,FALSE,44,"MID_CAP"
"HEROMOTOCO",5756.5,-4.83,FALSE,FALSE,FALSE,FALSE,FALSE,FALSE,FALSE,FALSE,44,"MID_CAP"
"SILVER1",249.2,-155.47,FALSE,FALSE,FALSE,FALSE,FALSE,FALSE,FALSE,FALSE,44,"SMALL_CAP"
"SHARDACROP",1202.7,-48.32,FALSE,FALSE,FALSE,FALSE,FALSE,FALSE,TRUE,FALSE,44,"MICRO_CAP"
"CASTROLIND",189.05,8.4,FALSE,FALSE,FALSE,FALSE,FALSE,TRUE,FALSE,FALSE,44,"MICRO_CAP"
"AEROFLEX",196.65,-12.11,FALSE,FALSE,FALSE,FALSE,TRUE,FALSE,FALSE,FALSE,44,"MICRO_CAP"
"DREDGECORP",1042.1,-111.86,FALSE,FALSE,FALSE,FALSE,FALSE,FALSE,FALSE,FALSE,44,"MICRO_CAP"
"20MICRONS",183.87,22.46,FALSE,FALSE,FALSE,FALSE,TRUE,TRUE,FALSE,FALSE,44,"MICRO_CAP"
"MUNJALSHOW",131.5,-2.11,FALSE,FALSE,FALSE,FALSE,TRUE,FALSE,FALSE,FALSE,44,"MICRO_CAP"
"LIQUIDCASE",112.66,-2.59,FALSE,FALSE,TRUE,FALSE,FALSE,TRUE,FALSE,TRUE,43.3,"MID_CAP"
"TVSMOTOR",3764.7,-10.49,FALSE,TRUE,TRUE,FALSE,FALSE,FALSE,FALSE,FALSE,43.3,"MID_CAP"
"JSWSTEEL",1245,-9.47,FALSE,FALSE,TRUE,FALSE,FALSE,FALSE,FALSE,FALSE,43.3,"MID_CAP"
"JSL",790.25,3.09,FALSE,FALSE,TRUE,FALSE,FALSE,TRUE,FALSE,FALSE,43.3,"MICRO_CAP"
"SJS",1822.9,-36.02,FALSE,FALSE,FALSE,FALSE,FALSE,TRUE,FALSE,FALSE,43.3,"MICRO_CAP"
"ASHOKA",163.97,26.44,FALSE,FALSE,FALSE,FALSE,TRUE,FALSE,FALSE,FALSE,43.3,"MICRO_CAP"
"RKFORGE",572.65,-11.55,FALSE,FALSE,FALSE,FALSE,TRUE,FALSE,FALSE,FALSE,43.3,"MICRO_CAP"
"IPCALAB",1452,-23.82,FALSE,FALSE,FALSE,FALSE,FALSE,FALSE,FALSE,FALSE,43.3,"MICRO_CAP"
"SILVERBEES",243.7,-151.42,FALSE,FALSE,FALSE,FALSE,FALSE,FALSE,FALSE,FALSE,42.7,"LARGE_CAP"
"AMBER",7048,31.97,FALSE,FALSE,FALSE,FALSE,TRUE,FALSE,FALSE,FALSE,42.7,"MID_CAP"
"SILVERIETF",253.73,-151,FALSE,FALSE,FALSE,FALSE,FALSE,FALSE,FALSE,FALSE,42.7,"MID_CAP"
"HDFCSILVER",244.41,-152.85,FALSE,FALSE,FALSE,FALSE,FALSE,FALSE,FALSE,FALSE,42.7,"MID_CAP"
"NATIONALUM",365.2,-100.02,FALSE,FALSE,FALSE,FALSE,FALSE,FALSE,FALSE,FALSE,42.7,"MID_CAP"
"DATAPATTNS",2805.1,-1.16,FALSE,FALSE,FALSE,FALSE,TRUE,FALSE,FALSE,FALSE,42.7,"MID_CAP"
"SILVER",253.48,-155.62,FALSE,FALSE,FALSE,FALSE,FALSE,FALSE,FALSE,FALSE,42.7,"SMALL_CAP"
"BIOCON",373.95,-4.13,FALSE,FALSE,FALSE,FALSE,FALSE,FALSE,FALSE,FALSE,42.7,"SMALL_CAP"
"APOLLOTYRE",505.95,-0.53,FALSE,FALSE,FALSE,FALSE,FALSE,FALSE,FALSE,FALSE,42.7,"MICRO_CAP"
"AXISILVER",254.36,-154.04,FALSE,FALSE,FALSE,FALSE,FALSE,FALSE,FALSE,FALSE,42.7,"MICRO_CAP"
"360ONE",1138.3,5.27,FALSE,FALSE,FALSE,FALSE,FALSE,TRUE,FALSE,FALSE,42.7,"MICRO_CAP"
"ELGIEQUIP",498.6,-0.63,FALSE,FALSE,FALSE,FALSE,TRUE,FALSE,FALSE,FALSE,42.7,"MICRO_CAP"
"JINDALSAW",189.38,-9.54,FALSE,FALSE,FALSE,FALSE,TRUE,FALSE,FALSE,FALSE,42.7,"MICRO_CAP"
"ASTRAMICRO",915.9,23.9,FALSE,FALSE,FALSE,FALSE,TRUE,FALSE,FALSE,FALSE,42.7,"MICRO_CAP"
"SILVERADD",245.53,-152.86,FALSE,FALSE,FALSE,FALSE,FALSE,FALSE,FALSE,FALSE,42.7,"MICRO_CAP"
"GUJGASLTD",424.55,-8.52,FALSE,FALSE,FALSE,FALSE,TRUE,FALSE,FALSE,FALSE,42.7,"MICRO_CAP"
"DIAMONDYD",1089,-6.34,FALSE,FALSE,FALSE,FALSE,FALSE,FALSE,FALSE,FALSE,42.7,"MICRO_CAP"
"MUFIN",115.06,-36.47,FALSE,FALSE,TRUE,FALSE,FALSE,FALSE,FALSE,FALSE,42.7,"MICRO_CAP"
"NAVNETEDUL",161.84,1.77,FALSE,FALSE,FALSE,FALSE,TRUE,FALSE,FALSE,FALSE,42.7,"MICRO_CAP"
"HNGSNGBEES",545.13,-9.77,FALSE,FALSE,TRUE,FALSE,FALSE,TRUE,FALSE,FALSE,42.7,"MICRO_CAP"
"DALMIASUG",303.8,30.68,FALSE,FALSE,FALSE,FALSE,TRUE,FALSE,FALSE,FALSE,42.7,"MICRO_CAP"
"POONAWALLA",465.85,10.31,FALSE,FALSE,FALSE,FALSE,TRUE,FALSE,FALSE,FALSE,42,"MID_CAP"
"ZYDUSLIFE",923.45,14.33,FALSE,FALSE,FALSE,FALSE,TRUE,FALSE,FALSE,FALSE,42,"MID_CAP"
"BHEL",274.65,-28.98,FALSE,FALSE,FALSE,FALSE,FALSE,TRUE,FALSE,FALSE,42,"SMALL_CAP"
"POKARNA",1115.15,-53.97,FALSE,FALSE,FALSE,TRUE,TRUE,FALSE,FALSE,FALSE,42,"MICRO_CAP"
"GODREJAGRO",582.25,21.84,FALSE,FALSE,FALSE,FALSE,TRUE,FALSE,FALSE,FALSE,42,"MICRO_CAP"
"ASKAUTOLTD",452.75,13.51,FALSE,FALSE,FALSE,FALSE,TRUE,FALSE,FALSE,FALSE,42,"MICRO_CAP"
"CIEINDIA",428.95,4.08,FALSE,FALSE,FALSE,FALSE,FALSE,TRUE,FALSE,FALSE,42,"MICRO_CAP"
"TARIL",285.65,68.77,FALSE,FALSE,FALSE,FALSE,TRUE,FALSE,FALSE,FALSE,41.3,"LARGE_CAP"
"ABCAPITAL",352.9,-23.77,FALSE,TRUE,TRUE,FALSE,FALSE,TRUE,FALSE,FALSE,41.3,"SMALL_CAP"
"CHENNPETRO",921.6,-17.14,FALSE,FALSE,FALSE,FALSE,FALSE,FALSE,FALSE,FALSE,41.3,"SMALL_CAP"
"LIQUIDADD",1112.68,-2.57,FALSE,FALSE,TRUE,FALSE,FALSE,FALSE,FALSE,TRUE,41.3,"SMALL_CAP"
"LTFOODS",422.55,-3.04,FALSE,FALSE,FALSE,FALSE,TRUE,FALSE,FALSE,FALSE,41.3,"MICRO_CAP"
"AVALON",1050.35,19.17,FALSE,FALSE,FALSE,FALSE,TRUE,FALSE,FALSE,FALSE,41.3,"MICRO_CAP"
"JKIL",595.15,8.07,FALSE,FALSE,FALSE,FALSE,TRUE,FALSE,FALSE,FALSE,41.3,"MICRO_CAP"
"HINDZINC",629.1,-61.79,FALSE,FALSE,FALSE,FALSE,FALSE,FALSE,FALSE,FALSE,40.7,"LARGE_CAP"
"CUMMINSIND",4427.5,-6.1,FALSE,FALSE,FALSE,FALSE,FALSE,FALSE,FALSE,FALSE,40.7,"MID_CAP"
"MUTHOOTFIN",3779.8,-34.64,FALSE,FALSE,FALSE,FALSE,FALSE,FALSE,FALSE,FALSE,40.7,"MID_CAP"
"SBISILVER",249.53,-152.48,FALSE,FALSE,FALSE,FALSE,FALSE,FALSE,FALSE,FALSE,40.7,"SMALL_CAP"
"KITEX",216.08,-6.34,FALSE,FALSE,FALSE,FALSE,TRUE,FALSE,FALSE,FALSE,40.7,"SMALL_CAP"
"CHOICEIN",771.8,10.17,FALSE,FALSE,FALSE,FALSE,FALSE,FALSE,FALSE,FALSE,40.7,"SMALL_CAP"
"NAM-INDIA",919.85,-3.04,FALSE,FALSE,TRUE,FALSE,TRUE,TRUE,FALSE,FALSE,40.7,"MICRO_CAP"
"BORORENEW",508.75,44.96,FALSE,FALSE,FALSE,FALSE,TRUE,FALSE,FALSE,FALSE,40.7,"MICRO_CAP"
"LUMAXTECH",1548.4,-62.99,FALSE,FALSE,FALSE,FALSE,FALSE,FALSE,FALSE,FALSE,40.7,"MICRO_CAP"
"RRKABEL",1468.3,-8.46,FALSE,FALSE,TRUE,FALSE,FALSE,FALSE,FALSE,FALSE,40.7,"MICRO_CAP"
"AHLUCONT",891.75,5.01,FALSE,FALSE,FALSE,FALSE,TRUE,FALSE,FALSE,FALSE,40.7,"MICRO_CAP"
"SANDHAR",553.5,-3.06,FALSE,FALSE,FALSE,FALSE,FALSE,FALSE,FALSE,FALSE,40.7,"MICRO_CAP"
"AVL",497.55,23.59,FALSE,FALSE,FALSE,FALSE,FALSE,FALSE,FALSE,FALSE,40.7,"MICRO_CAP"
"ASIANENE",262.1,41.15,FALSE,FALSE,FALSE,FALSE,TRUE,TRUE,FALSE,FALSE,40.7,"MICRO_CAP"
"SBILIFE",2024,-8.3,FALSE,FALSE,FALSE,FALSE,FALSE,TRUE,FALSE,FALSE,40,"MID_CAP"
"BLUEJET",440.25,57.31,FALSE,FALSE,FALSE,FALSE,TRUE,FALSE,FALSE,FALSE,40,"MICRO_CAP"
"GLAXO",2516.2,9.84,FALSE,FALSE,FALSE,FALSE,TRUE,FALSE,FALSE,FALSE,40,"MICRO_CAP"
"CAMLINFINE",168,25.41,FALSE,FALSE,FALSE,FALSE,TRUE,FALSE,FALSE,FALSE,40,"MICRO_CAP"
"CAPACITE",247.65,19.21,FALSE,FALSE,FALSE,FALSE,TRUE,FALSE,FALSE,FALSE,40,"MICRO_CAP"
"LIQGRWBEES",1027.21,-2.46,FALSE,FALSE,TRUE,FALSE,FALSE,TRUE,FALSE,FALSE,40,"MICRO_CAP"
"COLPAL",2155.6,6.37,FALSE,FALSE,FALSE,FALSE,TRUE,FALSE,FALSE,FALSE,39.3,"MICRO_CAP"
"JUBLINGREA",663.35,7.72,FALSE,FALSE,FALSE,FALSE,FALSE,FALSE,FALSE,FALSE,39.3,"MICRO_CAP"
"CHAMBLFERT",444.8,16.12,FALSE,FALSE,FALSE,FALSE,TRUE,FALSE,FALSE,FALSE,39.3,"MICRO_CAP"
"BANKBEES",625.28,-7.72,FALSE,FALSE,TRUE,FALSE,FALSE,FALSE,FALSE,FALSE,39.3,"MICRO_CAP"
"FINCABLES",792.65,-1.68,FALSE,FALSE,FALSE,FALSE,TRUE,FALSE,FALSE,FALSE,39.3,"MICRO_CAP"
"INFOBEAN",843.2,-77.15,FALSE,FALSE,FALSE,FALSE,FALSE,FALSE,FALSE,FALSE,39.3,"MICRO_CAP"
"SPARC",138.01,5.47,FALSE,FALSE,FALSE,FALSE,TRUE,FALSE,FALSE,FALSE,39.3,"MICRO_CAP"
"POWERINDIA",22511,-60.4,FALSE,FALSE,FALSE,FALSE,TRUE,FALSE,FALSE,FALSE,38.7,"LARGE_CAP"
"MARICO",754.85,-8.91,FALSE,FALSE,TRUE,FALSE,FALSE,FALSE,FALSE,FALSE,38.7,"SMALL_CAP"
"KIMS",646.65,19.16,FALSE,FALSE,FALSE,FALSE,TRUE,TRUE,FALSE,FALSE,38.7,"SMALL_CAP"
"NAZARA",272.45,-4.05,FALSE,FALSE,FALSE,FALSE,FALSE,TRUE,FALSE,FALSE,38.7,"SMALL_CAP"
"MANINDS",383.4,11.07,FALSE,FALSE,FALSE,FALSE,TRUE,FALSE,FALSE,FALSE,38.7,"SMALL_CAP"
"GLENMARK",1974.4,-16.18,FALSE,FALSE,FALSE,FALSE,FALSE,FALSE,FALSE,FALSE,38.7,"SMALL_CAP"
"APOLLO",250.15,17.45,FALSE,FALSE,FALSE,FALSE,TRUE,FALSE,FALSE,FALSE,38.7,"SMALL_CAP"
"BHARTIARTL",2038.2,4.59,FALSE,FALSE,FALSE,FALSE,FALSE,FALSE,FALSE,FALSE,38,"LARGE_CAP"
"ADANIPORTS",1561.7,-18.7,FALSE,FALSE,FALSE,FALSE,TRUE,FALSE,FALSE,FALSE,38,"MID_CAP"
"EICHERMOT",7195.5,-5.08,FALSE,FALSE,FALSE,FALSE,FALSE,FALSE,FALSE,FALSE,38,"MID_CAP"
"PNB",123.44,-3.52,FALSE,FALSE,FALSE,FALSE,FALSE,TRUE,FALSE,FALSE,38,"SMALL_CAP"
"AWFIS",396.9,61.81,FALSE,FALSE,FALSE,FALSE,TRUE,FALSE,FALSE,FALSE,38,"MICRO_CAP"
"INDIAGLYCO",964.75,0.54,FALSE,FALSE,FALSE,FALSE,TRUE,FALSE,FALSE,FALSE,38,"MICRO_CAP"
"UNIVCABLES",735.15,-8.78,FALSE,FALSE,FALSE,FALSE,TRUE,FALSE,FALSE,FALSE,38,"MICRO_CAP"
"DEEPINDS",407.75,22.63,FALSE,FALSE,FALSE,FALSE,TRUE,FALSE,FALSE,FALSE,38,"MICRO_CAP"
"REPCOHOME",416.05,-4.17,FALSE,FALSE,FALSE,FALSE,FALSE,FALSE,FALSE,FALSE,38,"MICRO_CAP"
"BOROLTD",248.8,51.47,FALSE,FALSE,FALSE,FALSE,FALSE,FALSE,FALSE,FALSE,38,"MICRO_CAP"
"LT",4113.6,-6.53,FALSE,FALSE,FALSE,FALSE,FALSE,TRUE,FALSE,FALSE,37.3,"LARGE_CAP"
"POWERGRID",289.75,-0.96,FALSE,FALSE,FALSE,FALSE,TRUE,FALSE,FALSE,FALSE,37.3,"LARGE_CAP"
"SIEMENS",3109,0.04,FALSE,FALSE,FALSE,FALSE,TRUE,FALSE,FALSE,FALSE,37.3,"MID_CAP"
"LTF",296.85,-19.58,FALSE,FALSE,FALSE,FALSE,FALSE,FALSE,FALSE,FALSE,37.3,"SMALL_CAP"
"SRF",2986.7,2.5,FALSE,FALSE,FALSE,FALSE,TRUE,FALSE,FALSE,FALSE,37.3,"SMALL_CAP"
"ASHAPURMIN",647.45,-1.8,FALSE,FALSE,FALSE,FALSE,FALSE,FALSE,FALSE,FALSE,37.3,"SMALL_CAP"
"DELHIVERY",433.75,16.29,FALSE,FALSE,FALSE,FALSE,TRUE,FALSE,FALSE,FALSE,37.3,"SMALL_CAP"
"CONCORDBIO",1272.2,20.58,FALSE,FALSE,FALSE,FALSE,TRUE,FALSE,FALSE,FALSE,37.3,"SMALL_CAP"
"DABUR",514.4,-4.03,FALSE,FALSE,FALSE,FALSE,FALSE,FALSE,FALSE,FALSE,37.3,"MICRO_CAP"
"GPIL",257.81,7.65,FALSE,FALSE,TRUE,FALSE,FALSE,FALSE,FALSE,FALSE,37.3,"MICRO_CAP"
"CARBORUNIV",830,15.89,FALSE,FALSE,FALSE,FALSE,TRUE,FALSE,FALSE,FALSE,37.3,"MICRO_CAP"
"RPSGVENT",779.3,14,FALSE,FALSE,FALSE,FALSE,TRUE,TRUE,FALSE,FALSE,37.3,"MICRO_CAP"
"LIQUIDBETF",1068.51,-2.52,FALSE,FALSE,TRUE,FALSE,FALSE,FALSE,FALSE,FALSE,37.3,"MICRO_CAP"
"MID150BEES",229.97,-2.02,FALSE,FALSE,FALSE,FALSE,TRUE,TRUE,FALSE,FALSE,37.3,"MICRO_CAP"
"CYIENTDLM",360.7,38.76,FALSE,FALSE,FALSE,FALSE,FALSE,FALSE,FALSE,FALSE,37.3,"MICRO_CAP"
"DCXINDIA",173.15,41.93,FALSE,FALSE,FALSE,FALSE,TRUE,FALSE,FALSE,FALSE,37.3,"MICRO_CAP"
"WANBURY",258.1,-1.33,FALSE,FALSE,FALSE,FALSE,TRUE,FALSE,FALSE,FALSE,37.3,"MICRO_CAP"
"MVGJL",188.26,2.56,FALSE,FALSE,FALSE,FALSE,TRUE,FALSE,FALSE,FALSE,37.3,"MICRO_CAP"
"SARDAEN",514.15,10.34,FALSE,FALSE,FALSE,FALSE,TRUE,FALSE,FALSE,FALSE,36.7,"MICRO_CAP"
"ANTHEM",674.9,10.07,FALSE,FALSE,FALSE,FALSE,TRUE,FALSE,FALSE,FALSE,36.7,"MICRO_CAP"
"KRISHANA",502.1,3.58,FALSE,FALSE,FALSE,FALSE,FALSE,TRUE,FALSE,FALSE,36.7,"MICRO_CAP"
"FLAIR",310.1,-3.55,FALSE,FALSE,FALSE,FALSE,FALSE,FALSE,FALSE,FALSE,36.7,"MICRO_CAP"
"RECLTD",359.9,4.52,FALSE,FALSE,FALSE,FALSE,FALSE,TRUE,FALSE,FALSE,36,"LARGE_CAP"
"BEML",1761.2,109.28,FALSE,FALSE,FALSE,FALSE,TRUE,TRUE,FALSE,FALSE,36,"SMALL_CAP"
"BAJAJELEC",408.6,42.03,FALSE,FALSE,FALSE,FALSE,TRUE,TRUE,FALSE,FALSE,36,"SMALL_CAP"
"BBL",2613.7,24.74,FALSE,FALSE,FALSE,FALSE,TRUE,FALSE,FALSE,FALSE,36,"SMALL_CAP"
"GRANULES",569,0.31,FALSE,FALSE,FALSE,FALSE,FALSE,FALSE,FALSE,FALSE,36,"MICRO_CAP"
"CAPLIPOINT",1758.4,23.24,FALSE,FALSE,FALSE,FALSE,TRUE,TRUE,FALSE,FALSE,36,"MICRO_CAP"
"BOMDYEING",126.55,45.03,FALSE,FALSE,FALSE,FALSE,TRUE,TRUE,FALSE,FALSE,36,"MICRO_CAP"
"GNFC",480.5,10.43,FALSE,FALSE,FALSE,FALSE,TRUE,FALSE,FALSE,FALSE,36,"MICRO_CAP"
"GODREJIND",1040.9,8.29,FALSE,FALSE,FALSE,FALSE,TRUE,FALSE,FALSE,FALSE,36,"MICRO_CAP"
"LIBERTSHOE",284.84,20.92,FALSE,FALSE,FALSE,FALSE,TRUE,FALSE,FALSE,FALSE,36,"MICRO_CAP"
"GULPOLY",141.11,13.83,FALSE,FALSE,FALSE,FALSE,TRUE,FALSE,FALSE,FALSE,36,"MICRO_CAP"
"NELCAST",119.14,12.67,FALSE,FALSE,FALSE,FALSE,TRUE,FALSE,FALSE,FALSE,36,"MICRO_CAP"
"GOKEX",840.8,5.7,FALSE,FALSE,FALSE,FALSE,TRUE,FALSE,FALSE,FALSE,35.3,"MID_CAP"
"POLYCAB",7788,-6.83,FALSE,FALSE,FALSE,FALSE,TRUE,TRUE,FALSE,FALSE,35.3,"MID_CAP"
"UNITDSPR",1409.8,-7.91,FALSE,FALSE,FALSE,FALSE,TRUE,TRUE,FALSE,FALSE,35.3,"SMALL_CAP"
"BERGEPAINT",467.15,26.31,FALSE,FALSE,FALSE,FALSE,FALSE,FALSE,FALSE,FALSE,35.3,"MICRO_CAP"
"SETFNIF50",276.45,0.43,FALSE,FALSE,FALSE,FALSE,FALSE,TRUE,FALSE,FALSE,35.3,"MICRO_CAP"
"SHK",177.77,34.34,FALSE,FALSE,FALSE,FALSE,TRUE,FALSE,FALSE,FALSE,35.3,"MICRO_CAP"
"MINDACORP",589.05,-7.29,FALSE,FALSE,FALSE,FALSE,TRUE,FALSE,FALSE,FALSE,35.3,"MICRO_CAP"
"KIOCL",372.6,28.49,FALSE,FALSE,FALSE,FALSE,FALSE,TRUE,FALSE,FALSE,35.3,"MICRO_CAP"
"ECOSMOBLTY",208.55,4.9,FALSE,FALSE,FALSE,FALSE,TRUE,FALSE,FALSE,FALSE,35.3,"MICRO_CAP"
"HIMATSEIDE",120.06,1.84,FALSE,FALSE,FALSE,FALSE,TRUE,FALSE,FALSE,FALSE,35.3,"MICRO_CAP"
"SPMLINFRA",187.27,32.59,FALSE,FALSE,FALSE,FALSE,TRUE,FALSE,FALSE,FALSE,35.3,"MICRO_CAP"
"JGCHEM",364.75,32.67,FALSE,FALSE,FALSE,FALSE,TRUE,FALSE,FALSE,FALSE,35.3,"MICRO_CAP"
"PURVA",245.58,17.02,FALSE,FALSE,FALSE,FALSE,TRUE,TRUE,FALSE,FALSE,35.3,"MICRO_CAP"
"HEMIPROP",135.17,8.34,FALSE,FALSE,FALSE,FALSE,TRUE,FALSE,FALSE,FALSE,35.3,"MICRO_CAP"
"RITCO",244.21,5.91,FALSE,FALSE,FALSE,FALSE,TRUE,FALSE,FALSE,FALSE,35.3,"MICRO_CAP"
"IOC",176.16,-25.82,FALSE,FALSE,FALSE,FALSE,FALSE,TRUE,FALSE,FALSE,34.7,"MID_CAP"
"SAILIFE",893.65,0.99,FALSE,FALSE,FALSE,FALSE,TRUE,TRUE,FALSE,FALSE,34.7,"SMALL_CAP"
"SUPRAJIT",449.65,-5.32,FALSE,FALSE,FALSE,FALSE,TRUE,TRUE,FALSE,FALSE,34.7,"MICRO_CAP"
"IKS",1697.1,-17.79,FALSE,FALSE,TRUE,FALSE,FALSE,FALSE,FALSE,FALSE,34.7,"MICRO_CAP"
"JBCHEPHARM",1882.7,-21.51,FALSE,FALSE,TRUE,FALSE,FALSE,FALSE,FALSE,FALSE,34.7,"MICRO_CAP"
"RGL",125.4,11.72,FALSE,FALSE,FALSE,FALSE,TRUE,FALSE,FALSE,FALSE,34.7,"MICRO_CAP"
"GOKULAGRO",175.36,-1.44,FALSE,FALSE,FALSE,FALSE,TRUE,FALSE,FALSE,FALSE,34.7,"MICRO_CAP"
"SHARDAMOTR",940.55,17.47,FALSE,FALSE,FALSE,FALSE,TRUE,FALSE,FALSE,FALSE,34.7,"MICRO_CAP"
"JUSTDIAL",697.25,22.11,FALSE,FALSE,FALSE,FALSE,TRUE,FALSE,FALSE,FALSE,34.7,"MICRO_CAP"
"GSFC",181.79,10.89,FALSE,FALSE,FALSE,FALSE,TRUE,FALSE,FALSE,FALSE,34.7,"MICRO_CAP"
"KSOLVES",293.35,13.35,FALSE,FALSE,FALSE,FALSE,TRUE,TRUE,FALSE,FALSE,34.7,"MICRO_CAP"
"CARYSIL",947.85,-8.31,FALSE,FALSE,FALSE,FALSE,TRUE,FALSE,FALSE,FALSE,34.7,"MICRO_CAP"
"PICCADIL",602,12.7,FALSE,FALSE,FALSE,FALSE,TRUE,TRUE,FALSE,FALSE,34.7,"MICRO_CAP"
"IPL",175.1,14.52,FALSE,FALSE,FALSE,FALSE,TRUE,FALSE,FALSE,FALSE,34.7,"MICRO_CAP"
"APOLLOHOSP",7211,15.66,FALSE,FALSE,FALSE,FALSE,TRUE,TRUE,FALSE,FALSE,34,"MID_CAP"
"PCBL",300.85,32.47,FALSE,FALSE,FALSE,FALSE,TRUE,TRUE,FALSE,FALSE,34,"MID_CAP"
"PNGJL",589.05,20.31,FALSE,FALSE,FALSE,FALSE,TRUE,FALSE,FALSE,FALSE,34,"SMALL_CAP"
"SHILPAMED",332.6,14.55,FALSE,FALSE,FALSE,FALSE,TRUE,FALSE,FALSE,FALSE,34,"SMALL_CAP"
"BAJAJFINSV",2024.6,9.96,FALSE,FALSE,FALSE,FALSE,TRUE,FALSE,FALSE,FALSE,34,"SMALL_CAP"
"TDPOWERSYS",799.5,-42.95,FALSE,FALSE,FALSE,FALSE,FALSE,FALSE,FALSE,FALSE,34,"MICRO_CAP"
"JYOTHYLAB",249.96,37.56,FALSE,FALSE,FALSE,FALSE,FALSE,TRUE,FALSE,FALSE,34,"MICRO_CAP"
"LIQUID1",1090.57,-2.64,FALSE,FALSE,TRUE,FALSE,FALSE,FALSE,FALSE,FALSE,34,"MICRO_CAP"
"SAREGAMA",350.85,42.25,FALSE,FALSE,FALSE,FALSE,TRUE,FALSE,FALSE,FALSE,34,"MICRO_CAP"
"SULA",192.69,41.12,FALSE,FALSE,FALSE,FALSE,TRUE,TRUE,FALSE,FALSE,34,"MICRO_CAP"
"MAXESTATES",406.15,24.61,FALSE,FALSE,FALSE,FALSE,TRUE,FALSE,FALSE,FALSE,34,"MICRO_CAP"
"FEDFINA",146.86,-5.06,FALSE,FALSE,FALSE,FALSE,TRUE,FALSE,FALSE,FALSE,34,"MICRO_CAP"
"COSMOFIRST",631.8,48.26,FALSE,FALSE,FALSE,FALSE,TRUE,FALSE,FALSE,FALSE,34,"MICRO_CAP"
"RUPA",151.77,41.51,FALSE,FALSE,FALSE,FALSE,FALSE,FALSE,FALSE,FALSE,34,"MICRO_CAP"
"REMSONSIND",120.49,26.91,FALSE,FALSE,FALSE,FALSE,TRUE,FALSE,FALSE,FALSE,34,"MICRO_CAP"
"RBZJEWEL",146.72,-7.97,FALSE,FALSE,FALSE,FALSE,TRUE,FALSE,FALSE,FALSE,34,"MICRO_CAP"
"GROWWLIQID",107.78,-2.48,FALSE,FALSE,TRUE,FALSE,FALSE,TRUE,FALSE,FALSE,34,"MICRO_CAP"
"COCHINSHIP",1524.4,29.17,FALSE,FALSE,FALSE,FALSE,TRUE,FALSE,FALSE,FALSE,33.3,"SMALL_CAP"
"MGL",1181.2,15.67,FALSE,FALSE,FALSE,FALSE,TRUE,TRUE,FALSE,FALSE,33.3,"MICRO_CAP"
"COHANCE",348.8,109.57,FALSE,FALSE,FALSE,FALSE,FALSE,FALSE,FALSE,FALSE,33.3,"MICRO_CAP"
"JUNIORBEES",748.66,-0.89,FALSE,FALSE,FALSE,FALSE,TRUE,TRUE,FALSE,FALSE,33.3,"MICRO_CAP"
"MARKSANS",186.6,-3.28,FALSE,FALSE,FALSE,FALSE,TRUE,FALSE,FALSE,FALSE,33.3,"MICRO_CAP"
"CGCL",176.79,26.51,FALSE,FALSE,FALSE,FALSE,TRUE,FALSE,FALSE,FALSE,33.3,"MICRO_CAP"
"SOBHA",1549,-0.41,FALSE,FALSE,FALSE,FALSE,TRUE,FALSE,FALSE,FALSE,33.3,"MICRO_CAP"
"QUADFUTURE",304.6,27.92,FALSE,FALSE,FALSE,FALSE,FALSE,TRUE,FALSE,FALSE,33.3,"MICRO_CAP"
"INDIGOPNTS",1039.8,-6.38,FALSE,FALSE,FALSE,FALSE,TRUE,FALSE,FALSE,FALSE,33.3,"MICRO_CAP"
"ARVINDFASN",487.05,10.97,FALSE,FALSE,FALSE,FALSE,TRUE,TRUE,FALSE,FALSE,33.3,"MICRO_CAP"
"CELLO",513.25,32.66,FALSE,FALSE,FALSE,FALSE,FALSE,FALSE,FALSE,FALSE,33.3,"MICRO_CAP"
"AUTOBEES",284.74,-4.19,FALSE,FALSE,FALSE,FALSE,FALSE,FALSE,FALSE,FALSE,33.3,"MICRO_CAP"
"NIFTYETF",279.05,0.56,FALSE,FALSE,FALSE,FALSE,FALSE,FALSE,FALSE,FALSE,33.3,"MICRO_CAP"
"ELECON",480.05,25.51,FALSE,FALSE,FALSE,FALSE,TRUE,FALSE,FALSE,FALSE,32.7,"SMALL_CAP"
"TATAINVEST",656.45,36.95,FALSE,FALSE,FALSE,FALSE,TRUE,FALSE,FALSE,FALSE,32.7,"SMALL_CAP"
"ENGINERSIN",180.82,15.8,FALSE,FALSE,FALSE,FALSE,TRUE,FALSE,FALSE,FALSE,32.7,"MICRO_CAP"
"PROTEAN",664.45,41.58,FALSE,FALSE,FALSE,FALSE,TRUE,FALSE,FALSE,FALSE,32.7,"MICRO_CAP"
"ANANDRATHI",2973.2,12.23,FALSE,FALSE,FALSE,FALSE,TRUE,FALSE,FALSE,FALSE,32.7,"MICRO_CAP"
"CONCOR",513.6,9.4,FALSE,FALSE,FALSE,FALSE,TRUE,FALSE,FALSE,FALSE,32.7,"MICRO_CAP"
"HPL",345.8,38.63,FALSE,FALSE,FALSE,FALSE,TRUE,FALSE,FALSE,FALSE,32.7,"MICRO_CAP"
"GPPL",180.14,-24.53,FALSE,FALSE,FALSE,FALSE,FALSE,FALSE,FALSE,FALSE,32.7,"MICRO_CAP"
"DENTA",294.8,51.45,FALSE,FALSE,FALSE,FALSE,TRUE,FALSE,FALSE,FALSE,32.7,"MICRO_CAP"
"PRICOLLTD",593.4,-19.57,FALSE,FALSE,FALSE,FALSE,FALSE,FALSE,FALSE,FALSE,32.7,"MICRO_CAP"
"JAICORPLTD",120.77,53.64,FALSE,FALSE,FALSE,FALSE,TRUE,FALSE,FALSE,FALSE,32.7,"MICRO_CAP"
"NPST",1464.6,34.11,FALSE,FALSE,FALSE,FALSE,TRUE,FALSE,FALSE,FALSE,32.7,"MICRO_CAP"
"TAJGVK",369.35,21.85,FALSE,FALSE,FALSE,FALSE,TRUE,FALSE,FALSE,FALSE,32.7,"MICRO_CAP"
"NELCO",679.75,36.54,FALSE,FALSE,FALSE,FALSE,TRUE,FALSE,FALSE,FALSE,32.7,"MICRO_CAP"
"RATNAVEER",155.07,-7.63,FALSE,FALSE,FALSE,FALSE,TRUE,TRUE,FALSE,FALSE,32.7,"MICRO_CAP"
"DAMCAPITAL",170.78,59.08,FALSE,FALSE,FALSE,FALSE,FALSE,FALSE,FALSE,FALSE,32.7,"MICRO_CAP"
"HINDOILEXP",154.54,-2.22,FALSE,FALSE,FALSE,FALSE,FALSE,FALSE,FALSE,FALSE,32.7,"MICRO_CAP"
"BIRLAMONEY",130.63,37.2,FALSE,FALSE,FALSE,FALSE,TRUE,FALSE,FALSE,FALSE,32.7,"MICRO_CAP"
"ICICIBANK",1396.3,-4.49,FALSE,FALSE,FALSE,FALSE,TRUE,TRUE,FALSE,FALSE,32,"LARGE_CAP"
"PATANJALI",531.55,19.29,FALSE,FALSE,FALSE,FALSE,TRUE,TRUE,FALSE,FALSE,32,"LARGE_CAP"
"LICHSGFIN",523.65,19.59,FALSE,FALSE,FALSE,FALSE,TRUE,TRUE,FALSE,FALSE,32,"MID_CAP"
"GANECOS",821.6,59.77,FALSE,FALSE,FALSE,FALSE,TRUE,FALSE,FALSE,FALSE,32,"MID_CAP"
"LUXIND",1035.95,34.98,FALSE,FALSE,FALSE,FALSE,TRUE,FALSE,FALSE,FALSE,32,"MICRO_CAP"
"RIIL",789.45,24.88,FALSE,FALSE,FALSE,FALSE,TRUE,TRUE,FALSE,FALSE,32,"MICRO_CAP"
"TARC",150.72,-8.07,FALSE,FALSE,FALSE,FALSE,FALSE,FALSE,FALSE,FALSE,32,"MICRO_CAP"
"CSBBANK",414.6,2.72,FALSE,FALSE,FALSE,FALSE,FALSE,FALSE,FALSE,FALSE,32,"MICRO_CAP"
"FMGOETZE",461.7,2.07,FALSE,FALSE,FALSE,FALSE,TRUE,FALSE,FALSE,FALSE,32,"MICRO_CAP"
"DCAL",211.52,52.29,FALSE,FALSE,FALSE,FALSE,TRUE,FALSE,FALSE,FALSE,32,"MICRO_CAP"
"NIFTY1",285.53,-0.14,FALSE,FALSE,FALSE,FALSE,FALSE,TRUE,FALSE,FALSE,32,"MICRO_CAP"
"SUNFLAG",256.13,5.46,FALSE,FALSE,FALSE,FALSE,TRUE,FALSE,FALSE,FALSE,32,"MICRO_CAP"
"GICHSGFIN",165.41,11.27,FALSE,FALSE,FALSE,FALSE,TRUE,FALSE,FALSE,FALSE,32,"MICRO_CAP"
"KCP",180.63,17.96,FALSE,FALSE,FALSE,FALSE,TRUE,FALSE,FALSE,FALSE,32,"MICRO_CAP"
"KALYANKJIL",437.35,24.67,FALSE,FALSE,FALSE,FALSE,TRUE,FALSE,FALSE,FALSE,31.3,"LARGE_CAP"
"LICI",895.45,0.91,FALSE,FALSE,FALSE,FALSE,TRUE,TRUE,FALSE,FALSE,31.3,"MID_CAP"
"JSFB",401.75,19.4,FALSE,FALSE,FALSE,FALSE,TRUE,FALSE,FALSE,FALSE,31.3,"MID_CAP"
"NIFTYBEES",292.56,0.34,FALSE,FALSE,FALSE,FALSE,FALSE,TRUE,FALSE,FALSE,31.3,"SMALL_CAP"
"INOXWIND",111.07,50.79,FALSE,FALSE,FALSE,FALSE,TRUE,FALSE,FALSE,FALSE,31.3,"SMALL_CAP"
"TATACONSUM",1167.2,0.27,FALSE,FALSE,FALSE,FALSE,FALSE,FALSE,FALSE,FALSE,31.3,"SMALL_CAP"
"ADANIENSOL",1032.5,-22.28,FALSE,FALSE,FALSE,FALSE,FALSE,FALSE,FALSE,FALSE,31.3,"SMALL_CAP"
"NESTLEIND",1295.6,-3.57,FALSE,FALSE,FALSE,FALSE,FALSE,TRUE,FALSE,FALSE,31.3,"SMALL_CAP"
"CAMS",736.4,150.31,FALSE,FALSE,FALSE,FALSE,TRUE,TRUE,FALSE,FALSE,31.3,"SMALL_CAP"
"RAMRAT",323.15,89.88,FALSE,FALSE,FALSE,FALSE,TRUE,TRUE,FALSE,FALSE,31.3,"MICRO_CAP"
"TIMETECHNO",195.81,9.93,FALSE,FALSE,FALSE,FALSE,TRUE,FALSE,FALSE,FALSE,31.3,"MICRO_CAP"
"ARE&M",897.25,19.6,FALSE,FALSE,FALSE,FALSE,TRUE,TRUE,FALSE,FALSE,31.3,"MICRO_CAP"
"TECHNOE",1092.05,32.53,FALSE,FALSE,FALSE,FALSE,TRUE,FALSE,FALSE,FALSE,31.3,"MICRO_CAP"
"J&KBANK",105.52,5.21,FALSE,FALSE,FALSE,FALSE,TRUE,TRUE,FALSE,FALSE,31.3,"MICRO_CAP"
"NESCO",1184.9,27.83,FALSE,FALSE,FALSE,FALSE,TRUE,FALSE,FALSE,FALSE,31.3,"MICRO_CAP"
"DIFFNKG",274.7,46.2,FALSE,FALSE,FALSE,FALSE,TRUE,FALSE,FALSE,FALSE,31.3,"MICRO_CAP"
"IONEXCHANG",382.65,4.31,FALSE,FALSE,FALSE,FALSE,TRUE,TRUE,FALSE,FALSE,31.3,"MICRO_CAP"
"THELEELA",442.8,-6.09,FALSE,FALSE,FALSE,FALSE,FALSE,TRUE,FALSE,FALSE,31.3,"MICRO_CAP"
"MAMATA",435.95,2.19,FALSE,FALSE,FALSE,FALSE,TRUE,FALSE,FALSE,FALSE,31.3,"MICRO_CAP"
"JUNIPER",249.23,14.22,FALSE,FALSE,FALSE,FALSE,TRUE,FALSE,FALSE,FALSE,31.3,"MICRO_CAP"
"HDFCNIFTY",289.4,0.46,FALSE,FALSE,FALSE,FALSE,FALSE,TRUE,FALSE,FALSE,31.3,"MICRO_CAP"
"MHRIL",307.15,14.39,FALSE,FALSE,FALSE,FALSE,TRUE,FALSE,FALSE,FALSE,31.3,"MICRO_CAP"
"DEEDEV",214.14,28.23,FALSE,FALSE,FALSE,FALSE,TRUE,FALSE,FALSE,FALSE,31.3,"MICRO_CAP"
"EMIL",106.37,52.99,FALSE,FALSE,FALSE,FALSE,TRUE,FALSE,FALSE,FALSE,30.7,"MID_CAP"
"BALUFORGE",486.35,42.19,FALSE,FALSE,FALSE,FALSE,TRUE,FALSE,FALSE,FALSE,30.7,"SMALL_CAP"
"LIQUIDIETF",999.99,0,FALSE,FALSE,FALSE,FALSE,FALSE,TRUE,FALSE,FALSE,30.7,"SMALL_CAP"
"HUBTOWN",240.98,36.72,FALSE,FALSE,FALSE,FALSE,TRUE,FALSE,FALSE,FALSE,30.7,"SMALL_CAP"
"AWL",211.24,39.29,FALSE,FALSE,FALSE,FALSE,FALSE,FALSE,FALSE,FALSE,30.7,"MICRO_CAP"
"POWERMECH",2200,24.74,FALSE,FALSE,FALSE,FALSE,TRUE,FALSE,FALSE,FALSE,30.7,"MICRO_CAP"
"CIGNITITEC",1522.5,22.87,FALSE,FALSE,FALSE,FALSE,FALSE,FALSE,FALSE,FALSE,30.7,"MICRO_CAP"
"CMSINFO",321.65,23.92,FALSE,FALSE,FALSE,FALSE,FALSE,FALSE,FALSE,FALSE,30.7,"MICRO_CAP"
"ORIENTELEC",172.2,33.88,FALSE,FALSE,FALSE,FALSE,TRUE,FALSE,FALSE,FALSE,30.7,"MICRO_CAP"
"QUESS",211.08,26.33,FALSE,FALSE,FALSE,FALSE,TRUE,FALSE,FALSE,FALSE,30.7,"MICRO_CAP"
"ARTEMISMED",227.86,12.66,FALSE,FALSE,FALSE,FALSE,TRUE,FALSE,FALSE,FALSE,30.7,"MICRO_CAP"
"NRBBEARING",280.4,-10.35,FALSE,FALSE,FALSE,FALSE,TRUE,FALSE,FALSE,FALSE,30.7,"MICRO_CAP"
"HEIDELBERG",171.3,21.99,FALSE,FALSE,FALSE,FALSE,TRUE,FALSE,FALSE,FALSE,30.7,"MICRO_CAP"
"GODREJPROP",1801.4,39.76,FALSE,FALSE,FALSE,FALSE,TRUE,FALSE,FALSE,FALSE,30,"LARGE_CAP"
"BAJFINANCE",983.15,15.4,FALSE,FALSE,FALSE,FALSE,TRUE,FALSE,FALSE,FALSE,30,"LARGE_CAP"
"RBLBANK",308.15,9.61,FALSE,FALSE,FALSE,FALSE,FALSE,TRUE,FALSE,FALSE,30,"SMALL_CAP"
"KRN",725.6,18.01,FALSE,FALSE,FALSE,FALSE,TRUE,FALSE,FALSE,FALSE,30,"MICRO_CAP"
"AGI",636.35,42.6,FALSE,FALSE,FALSE,FALSE,TRUE,FALSE,FALSE,FALSE,30,"MICRO_CAP"
"ETHOSLTD",2597,17.17,FALSE,FALSE,FALSE,FALSE,FALSE,FALSE,FALSE,FALSE,30,"MICRO_CAP"
"USHAMART",437.15,10.43,FALSE,FALSE,FALSE,FALSE,FALSE,FALSE,FALSE,FALSE,30,"MICRO_CAP"
"LXCHEM",152.95,42.24,FALSE,FALSE,FALSE,FALSE,TRUE,TRUE,FALSE,FALSE,30,"MICRO_CAP"
"BANCOINDIA",644.5,19.7,FALSE,FALSE,FALSE,FALSE,TRUE,FALSE,FALSE,FALSE,30,"MICRO_CAP"
"ELLEN",276.35,70.33,FALSE,FALSE,FALSE,FALSE,TRUE,FALSE,FALSE,FALSE,30,"MICRO_CAP"
"IIFLCAPS",327.9,22.47,FALSE,FALSE,FALSE,FALSE,FALSE,FALSE,FALSE,FALSE,30,"MICRO_CAP"
"TIRUMALCHM",213.25,42.87,FALSE,FALSE,FALSE,FALSE,TRUE,FALSE,FALSE,FALSE,30,"MICRO_CAP"
"SURAJEST",240.34,37.67,FALSE,FALSE,FALSE,FALSE,TRUE,FALSE,FALSE,FALSE,30,"MICRO_CAP"
"RAJRATAN",475.95,-42.17,FALSE,FALSE,TRUE,FALSE,FALSE,FALSE,FALSE,FALSE,30,"MICRO_CAP"
"ADFFOODS",225.31,-2.35,FALSE,FALSE,FALSE,FALSE,TRUE,FALSE,FALSE,FALSE,30,"MICRO_CAP"
"NAVKARCORP",101.04,28.69,FALSE,FALSE,FALSE,FALSE,FALSE,TRUE,FALSE,FALSE,30,"MICRO_CAP"
"NAHARSPING",190.95,15.1,FALSE,FALSE,FALSE,FALSE,TRUE,FALSE,FALSE,FALSE,30,"MICRO_CAP"
"TOLINS",129.73,60.01,FALSE,FALSE,FALSE,FALSE,TRUE,FALSE,FALSE,FALSE,30,"MICRO_CAP"
"HECPROJECT",117.96,26.12,FALSE,FALSE,FALSE,FALSE,TRUE,TRUE,FALSE,FALSE,30,"MICRO_CAP"
"SYRMA",872.15,-16.06,FALSE,FALSE,FALSE,FALSE,TRUE,FALSE,FALSE,FALSE,29.3,"SMALL_CAP"
"JSWINFRA",267.15,17.38,FALSE,FALSE,FALSE,FALSE,TRUE,TRUE,FALSE,FALSE,29.3,"MICRO_CAP"
"HSCL",456.2,7.04,FALSE,FALSE,FALSE,FALSE,FALSE,FALSE,FALSE,FALSE,29.3,"MICRO_CAP"
"JWL",308.75,6.9,FALSE,FALSE,FALSE,FALSE,FALSE,TRUE,FALSE,FALSE,29.3,"MICRO_CAP"
"SUMICHEM",421.95,32.46,FALSE,FALSE,FALSE,FALSE,TRUE,TRUE,FALSE,FALSE,29.3,"MICRO_CAP"
"TRANSRAILL",565.65,42.07,FALSE,FALSE,FALSE,FALSE,TRUE,FALSE,FALSE,FALSE,29.3,"MICRO_CAP"
"STARCEMENT",221.56,22.05,FALSE,FALSE,FALSE,FALSE,TRUE,TRUE,FALSE,FALSE,29.3,"MICRO_CAP"
"PRAJIND",295.8,21.82,FALSE,FALSE,FALSE,FALSE,TRUE,FALSE,FALSE,FALSE,29.3,"MICRO_CAP"
"SASKEN",1267.2,16.23,FALSE,FALSE,FALSE,FALSE,FALSE,FALSE,FALSE,FALSE,29.3,"MICRO_CAP"
"BLACKBUCK",625.35,7.11,FALSE,FALSE,FALSE,FALSE,TRUE,FALSE,FALSE,FALSE,29.3,"MICRO_CAP"
"INDGN",491.25,19,FALSE,FALSE,FALSE,FALSE,TRUE,FALSE,FALSE,FALSE,29.3,"MICRO_CAP"
"NIFTYIETF",291.19,0.19,FALSE,FALSE,FALSE,FALSE,FALSE,FALSE,FALSE,FALSE,29.3,"MICRO_CAP"
"SHAREINDIA",155.08,45.8,FALSE,FALSE,FALSE,FALSE,FALSE,FALSE,FALSE,FALSE,29.3,"MICRO_CAP"
"AADHARHFC",477.5,12.42,FALSE,FALSE,FALSE,FALSE,FALSE,FALSE,FALSE,FALSE,29.3,"MICRO_CAP"
"BALAMINES",1154.8,31.69,FALSE,FALSE,FALSE,FALSE,TRUE,FALSE,FALSE,FALSE,29.3,"MICRO_CAP"
"MEDIASSIST",421.25,42.99,FALSE,FALSE,FALSE,FALSE,TRUE,FALSE,FALSE,FALSE,29.3,"MICRO_CAP"
"FINPIPE",178.68,11.2,FALSE,FALSE,FALSE,FALSE,FALSE,FALSE,FALSE,FALSE,29.3,"MICRO_CAP"
"BIKAJI",670.75,15.24,FALSE,FALSE,FALSE,FALSE,TRUE,FALSE,FALSE,FALSE,29.3,"MICRO_CAP"
"HUHTAMAKI",189.96,48.13,FALSE,FALSE,FALSE,FALSE,TRUE,TRUE,FALSE,FALSE,29.3,"MICRO_CAP"
"SOMANYCERA",400.05,19.09,FALSE,FALSE,FALSE,FALSE,TRUE,TRUE,FALSE,FALSE,29.3,"MICRO_CAP"
"ANANTRAJ",564.3,17.85,FALSE,FALSE,FALSE,FALSE,TRUE,FALSE,FALSE,FALSE,28.7,"MID_CAP"
"CGPOWER",690.35,8.2,FALSE,FALSE,FALSE,FALSE,TRUE,FALSE,FALSE,FALSE,28.7,"SMALL_CAP"
"TATACHEM",709.45,39.66,FALSE,FALSE,FALSE,FALSE,FALSE,FALSE,FALSE,FALSE,28.7,"MICRO_CAP"
"ASTERDM",572.05,33.76,FALSE,FALSE,FALSE,FALSE,TRUE,TRUE,FALSE,FALSE,28.7,"MICRO_CAP"
"HOMEFIRST",1169.7,5.15,FALSE,FALSE,FALSE,FALSE,TRUE,FALSE,FALSE,FALSE,28.7,"MICRO_CAP"
"TBZ",168.19,13.19,FALSE,FALSE,FALSE,FALSE,TRUE,TRUE,FALSE,FALSE,28.7,"MICRO_CAP"
"MIDHANI",367.45,5.43,FALSE,FALSE,FALSE,FALSE,FALSE,TRUE,FALSE,FALSE,28.7,"MICRO_CAP"
"KRBL",371.4,2.84,FALSE,FALSE,FALSE,FALSE,TRUE,FALSE,FALSE,FALSE,28.7,"MICRO_CAP"
"MAHSEAMLES",541.7,10.44,FALSE,FALSE,FALSE,FALSE,TRUE,FALSE,FALSE,FALSE,28.7,"MICRO_CAP"
"TALBROAUTO",286.9,7.05,FALSE,FALSE,FALSE,FALSE,TRUE,FALSE,FALSE,FALSE,28.7,"MICRO_CAP"
"SUPREMEIND",3704.9,5.28,FALSE,FALSE,FALSE,FALSE,FALSE,FALSE,FALSE,FALSE,28,"SMALL_CAP"
"KIRIINDUS",517.85,19.47,FALSE,FALSE,FALSE,FALSE,TRUE,FALSE,FALSE,FALSE,28,"MICRO_CAP"
"GARUDA",179.34,23.84,FALSE,FALSE,FALSE,FALSE,TRUE,FALSE,FALSE,FALSE,28,"MICRO_CAP"
"BHARTIHEXA",1734.9,11.14,FALSE,FALSE,FALSE,FALSE,TRUE,TRUE,FALSE,FALSE,28,"MICRO_CAP"
"CYIENT",1079.3,16.83,FALSE,FALSE,FALSE,FALSE,FALSE,FALSE,FALSE,FALSE,28,"MICRO_CAP"
"PNCINFRA",234.32,30.05,FALSE,FALSE,FALSE,FALSE,TRUE,FALSE,FALSE,FALSE,28,"MICRO_CAP"
"REDTAPE",131.19,0.13,FALSE,FALSE,FALSE,FALSE,TRUE,TRUE,FALSE,FALSE,28,"MICRO_CAP"
"GREENPLY",242.87,35.43,FALSE,FALSE,FALSE,FALSE,TRUE,TRUE,FALSE,FALSE,28,"MICRO_CAP"
"KOLTEPATIL",361,31.47,FALSE,FALSE,FALSE,FALSE,FALSE,FALSE,FALSE,FALSE,28,"MICRO_CAP"
"SUBROS",826.1,50.11,FALSE,FALSE,FALSE,FALSE,TRUE,FALSE,FALSE,FALSE,28,"MICRO_CAP"
"BHARATWIRE",176.51,36.03,FALSE,FALSE,FALSE,FALSE,FALSE,TRUE,FALSE,FALSE,28,"MICRO_CAP"
"IITL",139.94,49.52,FALSE,FALSE,FALSE,FALSE,TRUE,TRUE,FALSE,FALSE,28,"MICRO_CAP"
"IKIO",158.73,44.33,FALSE,FALSE,FALSE,FALSE,TRUE,FALSE,FALSE,FALSE,28,"MICRO_CAP"
"SUNPHARMA",1704.6,-1.92,FALSE,FALSE,FALSE,FALSE,TRUE,TRUE,FALSE,FALSE,27.3,"LARGE_CAP"
"CIPLA",1342.5,26.53,FALSE,FALSE,FALSE,FALSE,FALSE,TRUE,FALSE,FALSE,27.3,"MID_CAP"
"ASIANPAINT",2417.4,6.75,FALSE,FALSE,FALSE,FALSE,FALSE,FALSE,FALSE,FALSE,27.3,"SMALL_CAP"
"LAURUSLABS",985.5,-4.97,FALSE,FALSE,FALSE,FALSE,FALSE,TRUE,FALSE,FALSE,27.3,"SMALL_CAP"
"NH",1745.6,3.16,FALSE,FALSE,FALSE,FALSE,FALSE,FALSE,FALSE,FALSE,27.3,"MICRO_CAP"
"PHOENIXLTD",1750.3,-5.23,FALSE,FALSE,FALSE,FALSE,FALSE,TRUE,FALSE,FALSE,27.3,"MICRO_CAP"
"AAVAS",1328,37.16,FALSE,FALSE,FALSE,FALSE,FALSE,FALSE,FALSE,FALSE,27.3,"MICRO_CAP"
"CESC",154.58,24.92,FALSE,FALSE,FALSE,FALSE,TRUE,TRUE,FALSE,FALSE,27.3,"MICRO_CAP"
"ATGL",545.55,22.4,FALSE,FALSE,FALSE,FALSE,TRUE,TRUE,FALSE,FALSE,27.3,"MICRO_CAP"
"BRIGADE",807.3,37.16,FALSE,FALSE,FALSE,FALSE,TRUE,FALSE,FALSE,FALSE,27.3,"MICRO_CAP"
"KSCL",871.75,30.3,FALSE,FALSE,FALSE,FALSE,TRUE,FALSE,FALSE,FALSE,27.3,"MICRO_CAP"
"GALLANTT",579.5,-15.37,FALSE,FALSE,FALSE,FALSE,TRUE,FALSE,FALSE,FALSE,27.3,"MICRO_CAP"
"TATVA",1230.7,16.18,FALSE,FALSE,FALSE,FALSE,FALSE,FALSE,FALSE,FALSE,27.3,"MICRO_CAP"
"PRSMJOHNSN",125.35,34.81,FALSE,FALSE,FALSE,FALSE,TRUE,TRUE,FALSE,FALSE,27.3,"MICRO_CAP"
"ORIENTCEM",167.66,39.5,FALSE,FALSE,FALSE,FALSE,TRUE,FALSE,FALSE,FALSE,27.3,"MICRO_CAP"
"MARINE",198.57,25.54,FALSE,FALSE,FALSE,FALSE,TRUE,FALSE,FALSE,FALSE,27.3,"MICRO_CAP"
"CRIZAC",240.1,40.37,FALSE,FALSE,FALSE,FALSE,TRUE,FALSE,FALSE,FALSE,27.3,"MICRO_CAP"
"INDOSTAR",230.08,9.54,FALSE,FALSE,FALSE,FALSE,TRUE,FALSE,FALSE,FALSE,27.3,"MICRO_CAP"
"GIPCL",150.68,31.6,FALSE,FALSE,FALSE,FALSE,TRUE,FALSE,FALSE,FALSE,27.3,"MICRO_CAP"
"DHAMPURSUG",120.5,20.87,FALSE,FALSE,FALSE,FALSE,TRUE,TRUE,FALSE,FALSE,27.3,"MICRO_CAP"
"BRITANNIA",5843,0.57,FALSE,FALSE,FALSE,FALSE,FALSE,FALSE,FALSE,FALSE,26.7,"MID_CAP"
"LEMONTREE",129.75,39.13,FALSE,FALSE,FALSE,FALSE,TRUE,FALSE,FALSE,FALSE,26.7,"SMALL_CAP"
"JUBLPHARMA",942.6,29.48,FALSE,FALSE,FALSE,FALSE,TRUE,FALSE,FALSE,FALSE,26.7,"MICRO_CAP"
"PIDILITIND",1488.2,0.47,FALSE,FALSE,FALSE,FALSE,TRUE,FALSE,FALSE,FALSE,26.7,"MICRO_CAP"
"NLCINDIA",262.35,-1.59,FALSE,FALSE,FALSE,FALSE,FALSE,TRUE,FALSE,FALSE,26.7,"MICRO_CAP"
"SAMHI",170.45,32.45,FALSE,FALSE,FALSE,FALSE,FALSE,FALSE,FALSE,FALSE,26.7,"MICRO_CAP"
"SIYSIL",581.8,42.78,FALSE,FALSE,FALSE,FALSE,TRUE,FALSE,FALSE,FALSE,26.7,"MICRO_CAP"
"GMBREW",1060.65,22.8,FALSE,FALSE,FALSE,FALSE,FALSE,FALSE,FALSE,FALSE,26.7,"MICRO_CAP"
"PREMEXPLN",506.6,36.1,FALSE,FALSE,FALSE,FALSE,TRUE,FALSE,FALSE,FALSE,26.7,"MICRO_CAP"
"STOVEKRAFT",539.6,51.2,FALSE,FALSE,FALSE,FALSE,TRUE,FALSE,FALSE,FALSE,26.7,"MICRO_CAP"
"MSTCLTD",476.3,19.63,FALSE,FALSE,FALSE,FALSE,TRUE,FALSE,FALSE,FALSE,26.7,"MICRO_CAP"
"RSYSTEMS",355.6,25.59,FALSE,FALSE,FALSE,FALSE,FALSE,FALSE,FALSE,FALSE,26.7,"MICRO_CAP"
"EXICOM",102.45,48.5,FALSE,FALSE,FALSE,FALSE,TRUE,FALSE,FALSE,FALSE,26.7,"MICRO_CAP"
"SHALBY",178.36,47.98,FALSE,FALSE,FALSE,FALSE,TRUE,FALSE,FALSE,FALSE,26.7,"MICRO_CAP"
"HCLTECH",1602,-9.68,FALSE,FALSE,FALSE,FALSE,FALSE,FALSE,FALSE,FALSE,26,"MID_CAP"
"ADANIPOWER",151.37,12.45,FALSE,FALSE,FALSE,FALSE,TRUE,TRUE,FALSE,FALSE,26,"MID_CAP"
"BDL",1303.2,26.05,FALSE,FALSE,FALSE,FALSE,FALSE,FALSE,FALSE,FALSE,26,"MID_CAP"
"ITCHOTELS",188.22,26.58,FALSE,FALSE,FALSE,FALSE,TRUE,TRUE,FALSE,FALSE,26,"SMALL_CAP"
"INDHOTEL",695,11.62,FALSE,FALSE,FALSE,FALSE,TRUE,FALSE,FALSE,FALSE,26,"SMALL_CAP"
"E2E",2634.4,28.66,FALSE,FALSE,FALSE,FALSE,TRUE,FALSE,FALSE,FALSE,26,"MICRO_CAP"
"ZENTEC",1339.6,0.17,FALSE,FALSE,FALSE,FALSE,TRUE,FALSE,FALSE,FALSE,26,"MICRO_CAP"
"JYOTICNC",861.15,3.32,FALSE,FALSE,FALSE,FALSE,TRUE,FALSE,FALSE,FALSE,26,"MICRO_CAP"
"HARIOMPIPE",386.55,27.65,FALSE,FALSE,FALSE,FALSE,FALSE,FALSE,FALSE,FALSE,26,"MICRO_CAP"
"EIDPARRY",929.45,24.28,FALSE,FALSE,FALSE,FALSE,TRUE,FALSE,FALSE,FALSE,26,"MICRO_CAP"
"RCF",137.05,16.2,FALSE,FALSE,FALSE,FALSE,TRUE,FALSE,FALSE,FALSE,26,"MICRO_CAP"
"WELENT",510.5,19.33,FALSE,FALSE,FALSE,FALSE,TRUE,FALSE,FALSE,FALSE,26,"MICRO_CAP"
"SUPRIYA",687.9,15.22,FALSE,FALSE,FALSE,FALSE,TRUE,FALSE,FALSE,FALSE,26,"MICRO_CAP"
"NOCIL",150.18,32.82,FALSE,FALSE,FALSE,FALSE,TRUE,FALSE,FALSE,FALSE,26,"MICRO_CAP"
"TVSSCS",105.52,30.83,FALSE,FALSE,FALSE,FALSE,TRUE,FALSE,FALSE,FALSE,26,"MICRO_CAP"
"STANLEY",179.3,66.04,FALSE,FALSE,FALSE,FALSE,TRUE,FALSE,FALSE,FALSE,26,"MICRO_CAP"
"SAGCEM",191.71,28.85,FALSE,FALSE,FALSE,FALSE,TRUE,FALSE,FALSE,FALSE,26,"MICRO_CAP"
"SHIVALIK",291.8,53.36,FALSE,FALSE,FALSE,FALSE,TRUE,FALSE,FALSE,FALSE,26,"MICRO_CAP"
"MHLXMIRU",196.85,13.85,FALSE,FALSE,FALSE,FALSE,FALSE,FALSE,FALSE,FALSE,26,"MICRO_CAP"
"WCIL",120.58,9.69,FALSE,FALSE,FALSE,FALSE,TRUE,FALSE,FALSE,FALSE,26,"MICRO_CAP"
"NETWEB",3172.5,45.33,FALSE,FALSE,FALSE,FALSE,FALSE,TRUE,FALSE,FALSE,25.3,"MID_CAP"
"VBL",457.35,-1.3,FALSE,FALSE,FALSE,FALSE,TRUE,TRUE,FALSE,FALSE,25.3,"MID_CAP"
"HINDPETRO",463.65,-4.69,FALSE,FALSE,FALSE,FALSE,FALSE,TRUE,FALSE,FALSE,25.3,"SMALL_CAP"
"ECLERX",4167.5,21.49,FALSE,FALSE,FALSE,FALSE,FALSE,FALSE,FALSE,FALSE,25.3,"SMALL_CAP"
"KPIGREEN",418.9,36.6,FALSE,FALSE,FALSE,FALSE,TRUE,TRUE,FALSE,FALSE,25.3,"SMALL_CAP"
"EIEL",177.67,47.86,FALSE,FALSE,FALSE,FALSE,TRUE,FALSE,FALSE,FALSE,25.3,"MICRO_CAP"
"SANDUMA",213.56,-2.84,FALSE,FALSE,FALSE,FALSE,FALSE,TRUE,FALSE,FALSE,25.3,"MICRO_CAP"
"PVRINOX",1043.35,21.96,FALSE,FALSE,FALSE,FALSE,TRUE,TRUE,FALSE,FALSE,25.3,"MICRO_CAP"
"CHOLAHLDNG",1714.7,21.55,FALSE,FALSE,FALSE,FALSE,TRUE,FALSE,FALSE,FALSE,25.3,"MICRO_CAP"
"HDFCSML250",163.87,11.07,FALSE,FALSE,FALSE,FALSE,TRUE,TRUE,FALSE,FALSE,25.3,"MICRO_CAP"
"SOLARA",478.65,34.33,FALSE,FALSE,FALSE,FALSE,TRUE,FALSE,FALSE,FALSE,25.3,"MICRO_CAP"
"STAR",886.1,-16.33,FALSE,FALSE,FALSE,FALSE,TRUE,FALSE,FALSE,FALSE,25.3,"MICRO_CAP"
"THOMASCOOK",117.9,50.54,FALSE,FALSE,FALSE,FALSE,TRUE,FALSE,FALSE,FALSE,25.3,"MICRO_CAP"
"AVANTEL",151.92,22.9,FALSE,FALSE,FALSE,FALSE,TRUE,FALSE,FALSE,FALSE,25.3,"MICRO_CAP"
"INDRAMEDCO",391.5,56.38,FALSE,FALSE,FALSE,FALSE,TRUE,FALSE,FALSE,FALSE,25.3,"MICRO_CAP"
"KRSNAA",699.5,22.28,FALSE,FALSE,FALSE,FALSE,FALSE,FALSE,FALSE,FALSE,25.3,"MICRO_CAP"
"HIKAL",183.45,43.39,FALSE,FALSE,FALSE,FALSE,FALSE,FALSE,FALSE,FALSE,25.3,"MICRO_CAP"
"NIACL",152.97,35.23,FALSE,FALSE,FALSE,FALSE,TRUE,FALSE,FALSE,FALSE,25.3,"MICRO_CAP"
"NORTHARC",262.3,1.78,FALSE,FALSE,TRUE,FALSE,TRUE,TRUE,FALSE,FALSE,25.3,"MICRO_CAP"
"OPTIEMUS",434.35,50.38,FALSE,FALSE,FALSE,FALSE,TRUE,FALSE,FALSE,FALSE,25.3,"MICRO_CAP"
"ORIENTHOT",108.79,22.62,FALSE,FALSE,FALSE,FALSE,TRUE,TRUE,FALSE,FALSE,25.3,"MICRO_CAP"
"NEWGEN",562.2,80.36,FALSE,FALSE,FALSE,FALSE,TRUE,FALSE,FALSE,FALSE,24.7,"SMALL_CAP"
"UPL",744.05,-10.88,FALSE,FALSE,FALSE,FALSE,FALSE,TRUE,FALSE,FALSE,24.7,"SMALL_CAP"
"PARADEEP",129.46,43.29,FALSE,FALSE,FALSE,FALSE,TRUE,FALSE,FALSE,FALSE,24.7,"SMALL_CAP"
"BLS",295.35,7.2,FALSE,FALSE,FALSE,FALSE,TRUE,FALSE,FALSE,FALSE,24.7,"SMALL_CAP"
"IGIL",330.65,3.93,FALSE,FALSE,FALSE,FALSE,TRUE,TRUE,FALSE,FALSE,24.7,"MICRO_CAP"
"TRITURBINE",502.55,6.97,FALSE,FALSE,FALSE,FALSE,TRUE,FALSE,FALSE,FALSE,24.7,"MICRO_CAP"
"WHIRLPOOL",906.9,63.32,FALSE,FALSE,FALSE,FALSE,TRUE,FALSE,FALSE,FALSE,24.7,"MICRO_CAP"
"SHAKTIPUMP",651.35,35.9,FALSE,FALSE,FALSE,FALSE,FALSE,FALSE,FALSE,FALSE,24.7,"MICRO_CAP"
"TATACOMM",1573.6,32.21,FALSE,FALSE,FALSE,FALSE,FALSE,FALSE,FALSE,FALSE,24.7,"MICRO_CAP"
"SWSOLAR",203.04,15.66,FALSE,FALSE,FALSE,FALSE,TRUE,TRUE,FALSE,FALSE,24.7,"MICRO_CAP"
"APTUS",266.5,26.84,FALSE,FALSE,FALSE,FALSE,FALSE,FALSE,FALSE,FALSE,24.7,"MICRO_CAP"
"ZAGGLE",285.1,40.2,FALSE,FALSE,FALSE,FALSE,TRUE,FALSE,FALSE,FALSE,24.7,"MICRO_CAP"
"PARAS",670,10.57,FALSE,FALSE,FALSE,FALSE,TRUE,FALSE,FALSE,FALSE,24.7,"MICRO_CAP"
"KPIL",1121.9,21.41,FALSE,FALSE,FALSE,FALSE,TRUE,FALSE,FALSE,FALSE,24.7,"MICRO_CAP"
"ORIENTTECH",356.8,38.85,FALSE,FALSE,FALSE,FALSE,FALSE,TRUE,FALSE,FALSE,24.7,"MICRO_CAP"
"CREDITACC",1282.3,24.32,FALSE,FALSE,FALSE,FALSE,TRUE,TRUE,FALSE,FALSE,24.7,"MICRO_CAP"
"SONATSOFTW",315.15,27.54,FALSE,FALSE,FALSE,FALSE,TRUE,FALSE,FALSE,FALSE,24.7,"MICRO_CAP"
"HGINFRA",696.9,43.53,FALSE,FALSE,FALSE,FALSE,TRUE,FALSE,FALSE,FALSE,24.7,"MICRO_CAP"
"SRM",428.05,37.34,FALSE,FALSE,FALSE,FALSE,TRUE,FALSE,FALSE,FALSE,24.7,"MICRO_CAP"
"QUICKHEAL",184.71,77.22,FALSE,FALSE,FALSE,FALSE,TRUE,FALSE,FALSE,FALSE,24.7,"MICRO_CAP"
"SURYAROSNI",263.46,11.48,FALSE,FALSE,FALSE,FALSE,TRUE,FALSE,FALSE,FALSE,24.7,"MICRO_CAP"
"PRINCEPIPE",265.06,27.94,FALSE,FALSE,FALSE,FALSE,TRUE,FALSE,FALSE,FALSE,24.7,"MICRO_CAP"
"HINDUNILVR",2435,4.59,FALSE,FALSE,FALSE,FALSE,FALSE,FALSE,FALSE,FALSE,24,"MID_CAP"
"CDSL",1374.3,29.19,FALSE,FALSE,FALSE,FALSE,TRUE,FALSE,FALSE,FALSE,24,"MID_CAP"
"CARTRADE",2186,55.82,FALSE,FALSE,FALSE,FALSE,TRUE,FALSE,FALSE,FALSE,24,"MID_CAP"
"SOLARINDS",13389,6.18,FALSE,FALSE,FALSE,FALSE,FALSE,TRUE,FALSE,FALSE,24,"SMALL_CAP"
"KPRMILL",978.85,15.63,FALSE,FALSE,FALSE,FALSE,TRUE,FALSE,FALSE,FALSE,24,"SMALL_CAP"
"SHAILY",2228,22.66,FALSE,FALSE,FALSE,FALSE,TRUE,FALSE,FALSE,FALSE,24,"SMALL_CAP"
"AMBUJACEM",542.45,4.14,FALSE,FALSE,FALSE,FALSE,TRUE,TRUE,FALSE,FALSE,24,"SMALL_CAP"
"JMFINANCIL",130.68,43.03,FALSE,FALSE,FALSE,FALSE,TRUE,FALSE,FALSE,FALSE,24,"MICRO_CAP"
"INDIASHLTR",750.05,25.79,FALSE,FALSE,FALSE,FALSE,FALSE,FALSE,FALSE,FALSE,24,"MICRO_CAP"
"REDINGTON",271.65,-7.27,FALSE,FALSE,FALSE,FALSE,FALSE,FALSE,FALSE,FALSE,24,"MICRO_CAP"
"FIRSTCRY",273.75,40.72,FALSE,FALSE,FALSE,FALSE,TRUE,FALSE,FALSE,FALSE,24,"MICRO_CAP"
"EKC",126.83,26.47,FALSE,FALSE,FALSE,FALSE,TRUE,FALSE,FALSE,FALSE,24,"MICRO_CAP"
"AURIONPRO",962.6,34.76,FALSE,FALSE,FALSE,FALSE,TRUE,FALSE,FALSE,FALSE,24,"MICRO_CAP"
"EPIGRAL",1043.9,71,FALSE,FALSE,FALSE,FALSE,TRUE,FALSE,FALSE,FALSE,24,"MICRO_CAP"
"ACI",571.25,21.76,FALSE,FALSE,FALSE,FALSE,FALSE,FALSE,FALSE,FALSE,24,"MICRO_CAP"
"JNKINDIA",253.45,27.62,FALSE,FALSE,FALSE,FALSE,TRUE,FALSE,FALSE,FALSE,24,"MICRO_CAP"
"MAHLIFE",376.65,4.47,FALSE,FALSE,FALSE,FALSE,TRUE,FALSE,FALSE,FALSE,24,"MICRO_CAP"
"MANINFRA",120.13,32.04,FALSE,FALSE,FALSE,FALSE,TRUE,FALSE,FALSE,FALSE,24,"MICRO_CAP"
"AJAXENGG",500.5,33.02,FALSE,FALSE,FALSE,FALSE,TRUE,FALSE,FALSE,FALSE,24,"MICRO_CAP"
"JASH",411.9,25.48,FALSE,FALSE,FALSE,FALSE,TRUE,TRUE,FALSE,FALSE,24,"MICRO_CAP"
"TNPL",142.67,18.62,FALSE,FALSE,FALSE,FALSE,TRUE,TRUE,FALSE,FALSE,24,"MICRO_CAP"
"SOMICONVEY",119.19,44.36,FALSE,FALSE,FALSE,FALSE,TRUE,FALSE,FALSE,FALSE,24,"MICRO_CAP"
"HBLENGINE",773.3,42.04,FALSE,FALSE,FALSE,FALSE,TRUE,FALSE,FALSE,FALSE,23.3,"LARGE_CAP"
"UNOMINDA",1204,-0.43,FALSE,FALSE,FALSE,FALSE,TRUE,TRUE,FALSE,FALSE,23.3,"SMALL_CAP"
"FORTIS",891.3,28.9,FALSE,FALSE,FALSE,FALSE,TRUE,FALSE,FALSE,FALSE,23.3,"SMALL_CAP"
"KFINTECH",995.6,28.12,FALSE,FALSE,FALSE,FALSE,FALSE,FALSE,FALSE,FALSE,23.3,"SMALL_CAP"
"THERMAX",2893.3,20.48,FALSE,FALSE,FALSE,FALSE,TRUE,FALSE,FALSE,FALSE,23.3,"MICRO_CAP"
"AFFLE",1649.8,26.11,FALSE,FALSE,FALSE,FALSE,TRUE,FALSE,FALSE,FALSE,23.3,"MICRO_CAP"
"PRIVISCL",2754.1,11.24,FALSE,FALSE,FALSE,FALSE,FALSE,TRUE,FALSE,FALSE,23.3,"MICRO_CAP"
"HERITGFOOD",377.7,42.3,FALSE,FALSE,FALSE,FALSE,TRUE,FALSE,FALSE,FALSE,23.3,"MICRO_CAP"
"MASTEK",1970.8,16.78,FALSE,FALSE,FALSE,FALSE,FALSE,TRUE,FALSE,FALSE,23.3,"MICRO_CAP"
"REFEX",239.75,60.24,FALSE,FALSE,FALSE,FALSE,TRUE,FALSE,FALSE,FALSE,23.3,"MICRO_CAP"
"GENESYS",329.65,66.24,FALSE,FALSE,FALSE,FALSE,TRUE,FALSE,FALSE,FALSE,23.3,"MICRO_CAP"
"VIMTALABS",454.25,58.57,FALSE,FALSE,FALSE,FALSE,TRUE,FALSE,FALSE,FALSE,23.3,"MICRO_CAP"
"ZYDUSWELL",407.15,32.38,FALSE,FALSE,FALSE,FALSE,TRUE,TRUE,FALSE,FALSE,23.3,"MICRO_CAP"
"SANGHVIMOV",303.4,41.36,FALSE,FALSE,FALSE,FALSE,TRUE,FALSE,FALSE,FALSE,23.3,"MICRO_CAP"
"ACMESOLAR",228.03,35.31,FALSE,FALSE,FALSE,FALSE,TRUE,FALSE,FALSE,FALSE,23.3,"MICRO_CAP"
"ARKADE",125.49,46.17,FALSE,FALSE,FALSE,FALSE,TRUE,FALSE,FALSE,FALSE,23.3,"MICRO_CAP"
"BHARATSE",167.67,46.11,FALSE,FALSE,FALSE,FALSE,FALSE,FALSE,FALSE,FALSE,23.3,"MICRO_CAP"
"HEALTHIETF",146.87,6.28,FALSE,FALSE,FALSE,FALSE,TRUE,FALSE,FALSE,FALSE,23.3,"MICRO_CAP"
"ADANIENT",2250.1,18.06,FALSE,FALSE,FALSE,FALSE,TRUE,FALSE,FALSE,FALSE,22.7,"MID_CAP"
"ICICIGI",1888.2,11.94,FALSE,FALSE,FALSE,FALSE,TRUE,TRUE,FALSE,FALSE,22.7,"SMALL_CAP"
"NCC",158.05,46.01,FALSE,FALSE,FALSE,FALSE,TRUE,FALSE,FALSE,FALSE,22.7,"MICRO_CAP"
"AEGISLOG",723.5,18.22,FALSE,FALSE,FALSE,FALSE,TRUE,FALSE,FALSE,FALSE,22.7,"MICRO_CAP"
"SCHNEIDER",768.8,20.56,FALSE,FALSE,FALSE,FALSE,TRUE,FALSE,FALSE,FALSE,22.7,"MICRO_CAP"
"ABDL",510.05,30.69,FALSE,FALSE,FALSE,FALSE,TRUE,FALSE,FALSE,FALSE,22.7,"MICRO_CAP"
"RITES",228.56,11.77,FALSE,FALSE,FALSE,FALSE,TRUE,FALSE,FALSE,FALSE,22.7,"MICRO_CAP"
"VARROC",556.55,15.45,FALSE,FALSE,FALSE,FALSE,TRUE,FALSE,FALSE,FALSE,22.7,"MICRO_CAP"
"STARHEALTH",463.25,11.7,FALSE,FALSE,FALSE,FALSE,TRUE,FALSE,FALSE,FALSE,22.7,"MICRO_CAP"
"INDOFARM",149.33,69.23,FALSE,FALSE,FALSE,FALSE,FALSE,FALSE,FALSE,FALSE,22.7,"MICRO_CAP"
"RHIM",451.3,-1.61,FALSE,FALSE,FALSE,FALSE,TRUE,TRUE,FALSE,FALSE,22.7,"MICRO_CAP"
"VIPIND",383.9,16.03,FALSE,FALSE,FALSE,FALSE,TRUE,FALSE,FALSE,FALSE,22.7,"MICRO_CAP"
"FDC",384.75,20.19,FALSE,FALSE,FALSE,FALSE,TRUE,FALSE,FALSE,FALSE,22.7,"MICRO_CAP"
"RELAXO",371.05,26.91,FALSE,FALSE,FALSE,FALSE,FALSE,FALSE,FALSE,FALSE,22.7,"MICRO_CAP"
"RELIANCE",1461.6,3.14,FALSE,FALSE,FALSE,FALSE,TRUE,FALSE,FALSE,FALSE,22,"LARGE_CAP"
"M&M",3609.6,-1.57,FALSE,FALSE,FALSE,FALSE,FALSE,FALSE,FALSE,FALSE,22,"LARGE_CAP"
"TATAELXSI",5233,10.37,FALSE,FALSE,FALSE,FALSE,FALSE,FALSE,FALSE,FALSE,22,"SMALL_CAP"
"GMMPFAUDLR",964.8,37.62,FALSE,FALSE,FALSE,FALSE,FALSE,FALSE,FALSE,FALSE,22,"MICRO_CAP"
"HDBFS",726.2,1.62,FALSE,FALSE,FALSE,FALSE,TRUE,TRUE,FALSE,FALSE,22,"MICRO_CAP"
"RAINBOW",1148.6,30.54,FALSE,FALSE,FALSE,FALSE,TRUE,FALSE,FALSE,FALSE,22,"MICRO_CAP"
"MON100",232.68,8.73,FALSE,FALSE,FALSE,FALSE,FALSE,FALSE,FALSE,FALSE,22,"MICRO_CAP"
"EPACK",259.8,42.51,FALSE,FALSE,FALSE,FALSE,TRUE,FALSE,FALSE,FALSE,22,"MICRO_CAP"
"CLEAN",799.4,43.88,FALSE,FALSE,FALSE,FALSE,FALSE,FALSE,FALSE,FALSE,22,"MICRO_CAP"
"ROUTE",585.4,36.05,FALSE,FALSE,FALSE,FALSE,FALSE,FALSE,FALSE,FALSE,22,"MICRO_CAP"
"YATRA",149.87,5.63,FALSE,FALSE,FALSE,FALSE,TRUE,FALSE,FALSE,FALSE,22,"MICRO_CAP"
"SIRCA",469.1,14.8,FALSE,FALSE,FALSE,FALSE,TRUE,FALSE,FALSE,FALSE,22,"MICRO_CAP"
"LAXMIDENTL",221.37,53.01,FALSE,FALSE,FALSE,FALSE,TRUE,FALSE,FALSE,FALSE,22,"MICRO_CAP"
"UNIECOM",101.15,41.71,FALSE,FALSE,FALSE,FALSE,FALSE,FALSE,FALSE,FALSE,22,"MICRO_CAP"
"AGARWALEYE",459.55,20.12,FALSE,FALSE,FALSE,FALSE,TRUE,FALSE,FALSE,FALSE,22,"MICRO_CAP"
"HLEGLAS",395.05,52.11,FALSE,FALSE,FALSE,FALSE,TRUE,FALSE,FALSE,FALSE,22,"MICRO_CAP"
"SHANKARA",113.17,34.51,FALSE,FALSE,FALSE,FALSE,TRUE,TRUE,FALSE,FALSE,22,"MICRO_CAP"
"WEL",149.03,-4.24,FALSE,FALSE,FALSE,FALSE,FALSE,FALSE,FALSE,FALSE,22,"MICRO_CAP"
"GRSE",2514.7,4.1,FALSE,FALSE,FALSE,FALSE,TRUE,FALSE,FALSE,FALSE,21.3,"MID_CAP"
"WAAREEENER",3122.2,19.26,FALSE,FALSE,FALSE,FALSE,TRUE,FALSE,FALSE,FALSE,21.3,"MID_CAP"
"WABAG",1294.5,14.31,FALSE,FALSE,FALSE,FALSE,TRUE,FALSE,FALSE,FALSE,21.3,"SMALL_CAP"
"SAMMAANCAP",149.14,37.53,FALSE,FALSE,FALSE,FALSE,FALSE,FALSE,FALSE,FALSE,21.3,"SMALL_CAP"
"KNRCON",146.76,41,FALSE,FALSE,FALSE,FALSE,TRUE,FALSE,FALSE,FALSE,21.3,"MICRO_CAP"
"GREAVESCOT",173.98,40.97,FALSE,FALSE,FALSE,FALSE,TRUE,FALSE,FALSE,FALSE,21.3,"MICRO_CAP"
"GRAVITA",1674.3,-3.75,FALSE,FALSE,FALSE,FALSE,TRUE,FALSE,FALSE,FALSE,21.3,"MICRO_CAP"
"DYCL",322.05,40.62,FALSE,FALSE,FALSE,FALSE,TRUE,TRUE,FALSE,FALSE,21.3,"MICRO_CAP"
"EMSLIMITED",374.9,51.93,FALSE,FALSE,FALSE,FALSE,TRUE,FALSE,FALSE,FALSE,21.3,"MICRO_CAP"
"KAYNES",3943.7,78.1,FALSE,FALSE,FALSE,FALSE,TRUE,FALSE,FALSE,FALSE,20.7,"LARGE_CAP"
"LIQUIDBEES",999.99,0,FALSE,FALSE,FALSE,FALSE,FALSE,TRUE,FALSE,FALSE,20.7,"MID_CAP"
"PERSISTENT",5875,-1.52,FALSE,FALSE,FALSE,FALSE,FALSE,TRUE,FALSE,FALSE,20.7,"MID_CAP"
"TATAPOWER",368.7,13.85,FALSE,FALSE,FALSE,FALSE,TRUE,FALSE,FALSE,FALSE,20.7,"SMALL_CAP"
"DMART",3922.4,13.04,FALSE,FALSE,FALSE,FALSE,TRUE,TRUE,FALSE,FALSE,20.7,"SMALL_CAP"
"HAVELLS",1371.9,13.54,FALSE,FALSE,FALSE,FALSE,TRUE,TRUE,FALSE,FALSE,20.7,"MICRO_CAP"
"POLYMED",1462.5,42.87,FALSE,FALSE,FALSE,FALSE,TRUE,FALSE,FALSE,FALSE,20.7,"MICRO_CAP"
"PIIND",3216,19.08,FALSE,FALSE,FALSE,FALSE,TRUE,FALSE,FALSE,FALSE,20.7,"MICRO_CAP"
"MOSCHIP",203.34,38.62,FALSE,FALSE,FALSE,FALSE,TRUE,FALSE,FALSE,FALSE,20.7,"MICRO_CAP"
"UGROCAP",136.23,43.35,FALSE,FALSE,FALSE,FALSE,FALSE,FALSE,FALSE,FALSE,20.7,"MICRO_CAP"
"SFL",609.05,16.27,FALSE,FALSE,FALSE,FALSE,TRUE,FALSE,FALSE,FALSE,20.7,"MICRO_CAP"
"PARKHOTELS",126.55,26.87,FALSE,FALSE,FALSE,FALSE,TRUE,FALSE,FALSE,FALSE,20.7,"MICRO_CAP"
"CONSUMBEES",131.8,10.01,FALSE,FALSE,FALSE,FALSE,TRUE,TRUE,FALSE,FALSE,20.7,"MICRO_CAP"
"HDFCLIFE",707.9,9.65,FALSE,FALSE,FALSE,FALSE,FALSE,TRUE,FALSE,FALSE,20,"MID_CAP"
"COFORGE",1549.3,26.54,FALSE,FALSE,FALSE,FALSE,FALSE,TRUE,FALSE,FALSE,20,"MID_CAP"
"ITI",294,20.09,FALSE,FALSE,FALSE,FALSE,TRUE,FALSE,FALSE,FALSE,20,"MICRO_CAP"
"BECTORFOOD",227.16,153.75,FALSE,FALSE,FALSE,FALSE,TRUE,TRUE,FALSE,FALSE,20,"MICRO_CAP"
"BLSE",167.48,2.53,FALSE,FALSE,FALSE,FALSE,TRUE,FALSE,FALSE,FALSE,20,"MICRO_CAP"
"TRENT",4171.2,21.62,FALSE,FALSE,FALSE,FALSE,TRUE,TRUE,FALSE,FALSE,19.3,"LARGE_CAP"
"MAZDOCK",2472.5,20.42,FALSE,FALSE,FALSE,FALSE,TRUE,TRUE,FALSE,FALSE,19.3,"MID_CAP"
"DIVISLAB",6113.5,9.31,FALSE,FALSE,FALSE,FALSE,FALSE,TRUE,FALSE,FALSE,19.3,"SMALL_CAP"
"SBICARD",765.55,28.54,FALSE,FALSE,FALSE,FALSE,TRUE,FALSE,FALSE,FALSE,19.3,"SMALL_CAP"
"OSWALPUMPS",379,89.66,FALSE,FALSE,FALSE,FALSE,FALSE,FALSE,FALSE,FALSE,19.3,"SMALL_CAP"
"RAYMOND",416.7,51.03,FALSE,FALSE,FALSE,FALSE,TRUE,TRUE,FALSE,FALSE,19.3,"MICRO_CAP"
"KERNEX",1183,9.62,FALSE,FALSE,FALSE,FALSE,FALSE,TRUE,FALSE,FALSE,19.3,"MICRO_CAP"
"AJMERA",142.87,158.27,FALSE,FALSE,FALSE,FALSE,TRUE,FALSE,FALSE,FALSE,19.3,"MICRO_CAP"
"PRAKASH",132.23,32.65,FALSE,FALSE,FALSE,FALSE,TRUE,FALSE,FALSE,FALSE,19.3,"MICRO_CAP"
"HDFCAMC",2746.6,94.69,FALSE,FALSE,FALSE,FALSE,TRUE,TRUE,FALSE,FALSE,18.7,"SMALL_CAP"
"LODHA",1090.4,12.4,FALSE,FALSE,FALSE,FALSE,TRUE,FALSE,FALSE,FALSE,18.7,"SMALL_CAP"
"IEX",125.34,27.72,FALSE,FALSE,FALSE,FALSE,TRUE,TRUE,FALSE,FALSE,18.7,"SMALL_CAP"
"PREMIERENE",806.4,48.08,FALSE,FALSE,FALSE,FALSE,TRUE,TRUE,FALSE,FALSE,18.7,"SMALL_CAP"
"PNBHOUSING",866.35,13.26,FALSE,FALSE,FALSE,FALSE,FALSE,FALSE,FALSE,FALSE,18.7,"SMALL_CAP"
"MOTILALOFS",798.95,49.39,FALSE,FALSE,FALSE,FALSE,TRUE,FALSE,FALSE,FALSE,18.7,"MICRO_CAP"
"GMRP&UI",105.31,20.27,FALSE,FALSE,FALSE,FALSE,TRUE,FALSE,FALSE,FALSE,18.7,"MICRO_CAP"
"LIQUID",999.99,0,FALSE,FALSE,FALSE,FALSE,FALSE,FALSE,FALSE,FALSE,18.7,"MICRO_CAP"
"MEDANTA",1160.9,26.46,FALSE,FALSE,FALSE,FALSE,TRUE,FALSE,FALSE,FALSE,18.7,"MICRO_CAP"
"SKIPPER",407.2,38.41,FALSE,FALSE,FALSE,FALSE,TRUE,FALSE,FALSE,FALSE,18.7,"MICRO_CAP"
"PRECAM",153.96,33.1,FALSE,FALSE,FALSE,FALSE,TRUE,FALSE,FALSE,FALSE,18.7,"MICRO_CAP"
"ADSL",130.64,50.13,FALSE,FALSE,FALSE,FALSE,TRUE,TRUE,FALSE,FALSE,18.7,"MICRO_CAP"
"INFY",1497.2,0.37,FALSE,FALSE,FALSE,FALSE,FALSE,FALSE,FALSE,FALSE,18,"LARGE_CAP"
"SWIGGY",333.7,38.61,FALSE,FALSE,FALSE,FALSE,TRUE,TRUE,FALSE,FALSE,18,"MID_CAP"
"MARUTI",14978,15.07,FALSE,FALSE,FALSE,FALSE,TRUE,TRUE,FALSE,FALSE,18,"MID_CAP"
"RVNL",317.25,6.5,FALSE,FALSE,FALSE,FALSE,FALSE,TRUE,FALSE,FALSE,18,"MID_CAP"
"TEJASNET",355.1,63.99,FALSE,FALSE,FALSE,FALSE,TRUE,FALSE,FALSE,FALSE,18,"MICRO_CAP"
"ACE",923.05,27.19,FALSE,FALSE,FALSE,FALSE,TRUE,TRUE,FALSE,FALSE,18,"MICRO_CAP"
"TANLA",500.3,31.76,FALSE,FALSE,FALSE,FALSE,TRUE,TRUE,FALSE,FALSE,18,"MICRO_CAP"
"VMART",632.05,43.67,FALSE,FALSE,FALSE,FALSE,TRUE,TRUE,FALSE,FALSE,18,"MICRO_CAP"
"MANYAVAR",491,50.31,FALSE,FALSE,FALSE,FALSE,TRUE,FALSE,FALSE,FALSE,18,"MICRO_CAP"
"INDOCO",205.01,46.02,FALSE,FALSE,FALSE,FALSE,FALSE,TRUE,FALSE,FALSE,18,"MICRO_CAP"
"HINDWAREAP",252.64,57.47,FALSE,FALSE,FALSE,FALSE,TRUE,FALSE,FALSE,FALSE,18,"MICRO_CAP"
"INDIGO",4964.1,26.82,FALSE,FALSE,FALSE,FALSE,TRUE,FALSE,FALSE,FALSE,17.3,"MID_CAP"
"WIPRO",230.08,9.36,FALSE,FALSE,FALSE,FALSE,FALSE,TRUE,FALSE,FALSE,17.3,"MID_CAP"
"JSWENERGY",480.1,19.34,FALSE,FALSE,FALSE,FALSE,TRUE,FALSE,FALSE,FALSE,17.3,"SMALL_CAP"
"NBCC",102.01,13.87,FALSE,FALSE,FALSE,FALSE,TRUE,FALSE,FALSE,FALSE,17.3,"SMALL_CAP"
"KEC",628.8,45.06,FALSE,FALSE,FALSE,FALSE,FALSE,FALSE,FALSE,FALSE,17.3,"MICRO_CAP"
"IRCON",156.47,13.37,FALSE,FALSE,FALSE,FALSE,FALSE,TRUE,FALSE,FALSE,17.3,"MICRO_CAP"
"POCL",1274.9,17,FALSE,FALSE,FALSE,FALSE,FALSE,FALSE,FALSE,FALSE,17.3,"MICRO_CAP"
"KIRLOSBROS",1617.9,29.8,FALSE,FALSE,FALSE,FALSE,TRUE,TRUE,FALSE,FALSE,17.3,"MICRO_CAP"
"ACC",1706.1,15.32,FALSE,FALSE,FALSE,FALSE,TRUE,FALSE,FALSE,FALSE,17.3,"MICRO_CAP"
"EMAMILTD",506.85,14.65,FALSE,FALSE,FALSE,FALSE,TRUE,FALSE,FALSE,FALSE,17.3,"MICRO_CAP"
"JBMA",597.75,16.69,FALSE,FALSE,FALSE,FALSE,TRUE,TRUE,FALSE,FALSE,17.3,"MICRO_CAP"
"JKLAKSHMI",730.25,23.98,FALSE,FALSE,FALSE,FALSE,FALSE,TRUE,FALSE,FALSE,17.3,"MICRO_CAP"
"WELCORP",831.55,11.41,FALSE,FALSE,FALSE,FALSE,TRUE,TRUE,FALSE,FALSE,17.3,"MICRO_CAP"
"WAAREERTL",916.2,53.6,FALSE,FALSE,FALSE,FALSE,TRUE,TRUE,FALSE,FALSE,17.3,"MICRO_CAP"
"INOXGREEN",181.76,59.54,FALSE,FALSE,FALSE,FALSE,FALSE,FALSE,FALSE,FALSE,17.3,"MICRO_CAP"
"IDEAFORGE",431.8,21.75,FALSE,FALSE,FALSE,FALSE,TRUE,FALSE,FALSE,FALSE,17.3,"MICRO_CAP"
"KANSAINER",212.59,27.28,FALSE,FALSE,FALSE,FALSE,FALSE,FALSE,FALSE,FALSE,17.3,"MICRO_CAP"
"VSTIND",241.07,10.92,FALSE,FALSE,FALSE,FALSE,TRUE,TRUE,FALSE,FALSE,17.3,"MICRO_CAP"
"JKPAPER",327.25,29.03,FALSE,FALSE,FALSE,FALSE,TRUE,TRUE,FALSE,FALSE,17.3,"MICRO_CAP"
"HDFCBANK",937.25,12.18,FALSE,FALSE,FALSE,FALSE,FALSE,TRUE,FALSE,FALSE,16.7,"LARGE_CAP"
"MAXHEALTH",1010,26.52,FALSE,FALSE,FALSE,FALSE,TRUE,FALSE,FALSE,FALSE,16.7,"MID_CAP"
"PAYTM",1179.9,18.27,FALSE,FALSE,FALSE,FALSE,TRUE,FALSE,FALSE,FALSE,16.7,"MID_CAP"
"TIINDIA",2363.3,44.96,FALSE,FALSE,FALSE,FALSE,TRUE,TRUE,FALSE,FALSE,16.7,"MID_CAP"
"PRESTIGE",1589.2,17.72,FALSE,FALSE,FALSE,FALSE,TRUE,TRUE,FALSE,FALSE,16.7,"SMALL_CAP"
"ABREL",1426.6,29.16,FALSE,FALSE,FALSE,FALSE,TRUE,FALSE,FALSE,FALSE,16.7,"MICRO_CAP"
"LLOYDSME",1258.2,8.5,FALSE,FALSE,FALSE,FALSE,TRUE,FALSE,FALSE,FALSE,16.7,"MICRO_CAP"
"UBL",1533.6,30.24,FALSE,FALSE,FALSE,FALSE,TRUE,FALSE,FALSE,FALSE,16.7,"MICRO_CAP"
"TI",444.3,18.92,FALSE,FALSE,FALSE,FALSE,TRUE,FALSE,FALSE,FALSE,16.7,"MICRO_CAP"
"KMEW",1777.5,44.59,FALSE,FALSE,FALSE,FALSE,TRUE,TRUE,FALSE,FALSE,16.7,"MICRO_CAP"
"VINCOFE",150.07,6.06,FALSE,FALSE,FALSE,FALSE,FALSE,FALSE,FALSE,FALSE,16.7,"MICRO_CAP"
"RAYMONDREL",485.8,47.15,FALSE,FALSE,FALSE,FALSE,TRUE,FALSE,FALSE,FALSE,16.7,"MICRO_CAP"
"FACT",816.7,16.87,FALSE,FALSE,FALSE,FALSE,TRUE,TRUE,FALSE,FALSE,16.7,"MICRO_CAP"
"MANAKCOAT",124.76,48.89,FALSE,FALSE,FALSE,FALSE,TRUE,FALSE,FALSE,FALSE,16.7,"MICRO_CAP"
"HEXT",601.85,29.23,FALSE,FALSE,FALSE,FALSE,TRUE,FALSE,FALSE,FALSE,16,"SMALL_CAP"
"DLF",671.15,24.51,FALSE,FALSE,FALSE,FALSE,TRUE,TRUE,FALSE,FALSE,16,"SMALL_CAP"
"LTIM",5626.5,-1,FALSE,FALSE,FALSE,FALSE,FALSE,FALSE,FALSE,FALSE,16,"SMALL_CAP"
"IIFL",517.9,-1.47,FALSE,FALSE,FALSE,FALSE,FALSE,FALSE,FALSE,FALSE,16,"SMALL_CAP"
"MANKIND",2081.9,24.87,FALSE,FALSE,FALSE,FALSE,FALSE,FALSE,FALSE,FALSE,16,"MICRO_CAP"
"V2RETAIL",1981,21.88,FALSE,FALSE,FALSE,FALSE,FALSE,FALSE,FALSE,FALSE,16,"MICRO_CAP"
"OLECTRA",1057.1,54.03,FALSE,FALSE,FALSE,FALSE,TRUE,TRUE,FALSE,FALSE,16,"MICRO_CAP"
"PARAGMILK",241.55,44.37,FALSE,FALSE,FALSE,FALSE,TRUE,FALSE,FALSE,FALSE,16,"MICRO_CAP"
"ZUARI",250.8,5.73,FALSE,FALSE,FALSE,FALSE,TRUE,FALSE,FALSE,FALSE,16,"MICRO_CAP"
"GHCL",522.4,33.32,FALSE,FALSE,FALSE,FALSE,FALSE,FALSE,FALSE,FALSE,16,"MICRO_CAP"
"GAIL",163.64,15.31,FALSE,FALSE,FALSE,FALSE,FALSE,FALSE,FALSE,FALSE,15.3,"MID_CAP"
"JIOFIN",269.25,23.17,FALSE,FALSE,FALSE,FALSE,TRUE,TRUE,FALSE,FALSE,15.3,"MID_CAP"
"ADANIGREEN",982.65,3.96,FALSE,FALSE,FALSE,FALSE,TRUE,FALSE,FALSE,FALSE,15.3,"SMALL_CAP"
"RADICO",2830.9,20.67,FALSE,FALSE,FALSE,FALSE,TRUE,FALSE,FALSE,FALSE,15.3,"SMALL_CAP"
"OBEROIRLTY",1564.3,15.52,FALSE,FALSE,FALSE,FALSE,TRUE,FALSE,FALSE,FALSE,15.3,"MICRO_CAP"
"IRCTC",624.75,24.77,FALSE,FALSE,FALSE,FALSE,FALSE,TRUE,FALSE,FALSE,15.3,"MICRO_CAP"
"PPLPHARMA",162.84,35.82,FALSE,FALSE,FALSE,FALSE,TRUE,TRUE,FALSE,FALSE,15.3,"MICRO_CAP"
"IGL",177.39,28.89,FALSE,FALSE,FALSE,FALSE,FALSE,FALSE,FALSE,FALSE,15.3,"MICRO_CAP"
"KAJARIACER",955.15,39.65,FALSE,FALSE,FALSE,FALSE,TRUE,FALSE,FALSE,FALSE,15.3,"MICRO_CAP"
"AFCONS",340.7,44.38,FALSE,FALSE,FALSE,FALSE,TRUE,FALSE,FALSE,FALSE,15.3,"MICRO_CAP"
"DIACABS",128.02,27.61,FALSE,FALSE,FALSE,FALSE,TRUE,FALSE,FALSE,FALSE,15.3,"MICRO_CAP"
"SCODATUBES",144.1,18.74,FALSE,FALSE,FALSE,FALSE,TRUE,FALSE,FALSE,FALSE,15.3,"MICRO_CAP"
"RESPONIND",189.86,-0.76,FALSE,FALSE,FALSE,FALSE,TRUE,FALSE,FALSE,FALSE,15.3,"MICRO_CAP"
"TCS",2948.2,6.61,FALSE,FALSE,FALSE,FALSE,FALSE,FALSE,FALSE,FALSE,14.7,"LARGE_CAP"
"ETERNAL",288.85,25.21,FALSE,FALSE,FALSE,FALSE,TRUE,TRUE,FALSE,FALSE,14.7,"LARGE_CAP"
"GODFRYPHLP",2184.6,56.03,FALSE,FALSE,FALSE,FALSE,TRUE,TRUE,FALSE,FALSE,14.7,"MID_CAP"
"IRFC",115.07,11.56,FALSE,FALSE,FALSE,FALSE,FALSE,TRUE,FALSE,FALSE,14.7,"SMALL_CAP"
"VMM",122.26,31,FALSE,FALSE,FALSE,FALSE,FALSE,FALSE,FALSE,FALSE,14.7,"MICRO_CAP"
"TITAGARH",777.6,23.79,FALSE,FALSE,FALSE,FALSE,FALSE,FALSE,FALSE,FALSE,14.7,"MICRO_CAP"
"YATHARTH",672.8,29.15,FALSE,FALSE,FALSE,FALSE,TRUE,FALSE,FALSE,FALSE,14.7,"MICRO_CAP"
"ZENSARTECH",625.05,40.38,FALSE,FALSE,FALSE,FALSE,FALSE,TRUE,FALSE,FALSE,14.7,"MICRO_CAP"
"AGIIL",246.75,11.65,FALSE,FALSE,FALSE,FALSE,FALSE,FALSE,FALSE,FALSE,14.7,"MICRO_CAP"
"ABLBL",114.96,28.94,FALSE,FALSE,FALSE,FALSE,TRUE,FALSE,FALSE,FALSE,14.7,"MICRO_CAP"
"KALAMANDIR",119.51,74.4,FALSE,FALSE,FALSE,FALSE,TRUE,FALSE,FALSE,FALSE,14.7,"MICRO_CAP"
"NUVOCO",348.85,32.91,FALSE,FALSE,FALSE,FALSE,TRUE,FALSE,FALSE,FALSE,14.7,"MICRO_CAP"
"PENIND",186.14,49.22,FALSE,FALSE,FALSE,FALSE,TRUE,FALSE,FALSE,FALSE,14.7,"MICRO_CAP"
"DLINKINDIA",406.45,18.8,FALSE,FALSE,FALSE,FALSE,TRUE,TRUE,FALSE,FALSE,14.7,"MICRO_CAP"
"KOPRAN",142.14,26.11,FALSE,FALSE,FALSE,FALSE,TRUE,FALSE,FALSE,FALSE,14.7,"MICRO_CAP"
"ENRIN",2691.3,24.38,FALSE,FALSE,FALSE,FALSE,TRUE,FALSE,FALSE,FALSE,14,"SMALL_CAP"
"EXIDEIND",340.45,19.49,FALSE,FALSE,FALSE,FALSE,TRUE,FALSE,FALSE,FALSE,14,"MICRO_CAP"
"INTERARCH",2101.5,-3.79,FALSE,FALSE,FALSE,FALSE,TRUE,TRUE,FALSE,FALSE,14,"MICRO_CAP"
"RAILTEL",332.2,17.05,FALSE,FALSE,FALSE,FALSE,FALSE,TRUE,FALSE,FALSE,14,"MICRO_CAP"
"HAPPSTMNDS",395.75,42.9,FALSE,FALSE,FALSE,FALSE,FALSE,TRUE,FALSE,FALSE,14,"MICRO_CAP"
"LATENTVIEW",422.85,-3.35,FALSE,FALSE,FALSE,FALSE,TRUE,FALSE,FALSE,FALSE,14,"MICRO_CAP"
"AEGISVOPAK",218.86,40.21,FALSE,FALSE,FALSE,FALSE,TRUE,TRUE,FALSE,FALSE,14,"MICRO_CAP"
"GODIGIT",318.95,21.36,FALSE,FALSE,FALSE,FALSE,FALSE,TRUE,FALSE,FALSE,14,"MICRO_CAP"
"AARTIDRUGS",377.15,39.84,FALSE,FALSE,FALSE,FALSE,TRUE,FALSE,FALSE,FALSE,14,"MICRO_CAP"
"SUVEN",163.53,28.96,FALSE,FALSE,FALSE,FALSE,TRUE,FALSE,FALSE,FALSE,14,"MICRO_CAP"
"VERANDA",198.33,40.47,FALSE,FALSE,FALSE,FALSE,FALSE,FALSE,FALSE,FALSE,14,"MICRO_CAP"
"IREDA",128.81,27.58,FALSE,FALSE,FALSE,FALSE,FALSE,TRUE,FALSE,FALSE,13.3,"SMALL_CAP"
"QPOWER",810.55,32.5,FALSE,FALSE,FALSE,FALSE,TRUE,FALSE,FALSE,FALSE,13.3,"MICRO_CAP"
"JUBLFOOD",548.35,16.08,FALSE,FALSE,FALSE,FALSE,TRUE,FALSE,FALSE,FALSE,13.3,"MICRO_CAP"
"HUDCO",194.87,25.34,FALSE,FALSE,FALSE,FALSE,TRUE,FALSE,FALSE,FALSE,13.3,"MICRO_CAP"
"GABRIEL",969.3,45.18,FALSE,FALSE,FALSE,FALSE,TRUE,FALSE,FALSE,FALSE,13.3,"MICRO_CAP"
"WESTLIFE",522.65,20.25,FALSE,FALSE,FALSE,FALSE,TRUE,TRUE,FALSE,FALSE,13.3,"MICRO_CAP"
"KPEL",317.95,43.63,FALSE,FALSE,FALSE,FALSE,TRUE,FALSE,FALSE,FALSE,13.3,"MICRO_CAP"
"KOTAKBANK",428.8,147.79,FALSE,FALSE,FALSE,FALSE,TRUE,FALSE,FALSE,FALSE,12.7,"LARGE_CAP"
"HYUNDAI",2176.2,9.83,FALSE,FALSE,FALSE,FALSE,FALSE,FALSE,FALSE,FALSE,12.7,"SMALL_CAP"
"IXIGO",214.88,61.49,FALSE,FALSE,FALSE,FALSE,TRUE,TRUE,FALSE,FALSE,12.7,"MICRO_CAP"
"TEXRAIL",121.66,18.54,FALSE,FALSE,FALSE,FALSE,FALSE,TRUE,FALSE,FALSE,12.7,"MICRO_CAP"
"RATEGAIN",594.15,14.25,FALSE,FALSE,FALSE,FALSE,FALSE,FALSE,FALSE,FALSE,12.7,"MICRO_CAP"
"EUREKAFORB",523.95,13.65,FALSE,FALSE,FALSE,FALSE,TRUE,FALSE,FALSE,FALSE,12.7,"MICRO_CAP"
"TARSONS",213.61,48.12,FALSE,FALSE,FALSE,FALSE,TRUE,FALSE,FALSE,FALSE,12.7,"MICRO_CAP"
"UDS",157.27,60.47,FALSE,FALSE,FALSE,FALSE,TRUE,TRUE,FALSE,FALSE,12.7,"MICRO_CAP"
"DIXON",11757,43.36,FALSE,FALSE,FALSE,FALSE,TRUE,FALSE,FALSE,FALSE,12,"LARGE_CAP"
"SKMEGGPROD",193.55,40.44,FALSE,FALSE,FALSE,FALSE,TRUE,FALSE,FALSE,FALSE,12,"MICRO_CAP"
"MPHASIS",2615.1,14.06,FALSE,FALSE,FALSE,FALSE,FALSE,FALSE,FALSE,FALSE,11.3,"SMALL_CAP"
"DEVYANI",131.96,35.99,FALSE,FALSE,FALSE,FALSE,TRUE,FALSE,FALSE,FALSE,11.3,"MICRO_CAP"
"SIGNATURE",911.2,29.78,FALSE,FALSE,FALSE,FALSE,TRUE,TRUE,FALSE,FALSE,11.3,"MICRO_CAP"
"EIHOTEL",343,23.68,FALSE,FALSE,FALSE,FALSE,TRUE,TRUE,FALSE,FALSE,11.3,"MICRO_CAP"
"SAKSOFT",164.57,24.87,FALSE,FALSE,FALSE,FALSE,TRUE,FALSE,FALSE,FALSE,11.3,"MICRO_CAP"
"FINOPB",232.99,44.11,FALSE,FALSE,FALSE,FALSE,TRUE,FALSE,FALSE,FALSE,11.3,"MICRO_CAP"
"HAL",4131,23.16,FALSE,FALSE,FALSE,FALSE,FALSE,TRUE,FALSE,FALSE,10.7,"LARGE_CAP"
"ITC",322.8,41.96,FALSE,FALSE,FALSE,FALSE,TRUE,TRUE,FALSE,FALSE,10.7,"LARGE_CAP"
"FSL",292.95,27.23,FALSE,FALSE,FALSE,FALSE,FALSE,FALSE,FALSE,FALSE,10.7,"MICRO_CAP"
"RAMCOSYS",510.35,37.63,FALSE,FALSE,FALSE,FALSE,TRUE,FALSE,FALSE,FALSE,10.7,"MICRO_CAP"
"HCG",561.5,42.27,FALSE,FALSE,FALSE,FALSE,FALSE,FALSE,FALSE,FALSE,10.7,"MICRO_CAP"
"MCX",2434.9,135.13,FALSE,FALSE,FALSE,FALSE,TRUE,FALSE,FALSE,FALSE,10,"LARGE_CAP"
"MOBIKWIK",224.27,26.13,FALSE,FALSE,FALSE,FALSE,TRUE,FALSE,FALSE,FALSE,10,"MICRO_CAP"
"SAPPHIRE",213.91,43.47,FALSE,FALSE,FALSE,FALSE,TRUE,FALSE,FALSE,FALSE,10,"MICRO_CAP"
"MOIL",314.2,26.61,FALSE,FALSE,FALSE,FALSE,FALSE,TRUE,FALSE,FALSE,9.3,"MICRO_CAP"
"GRMOVER",162.78,112.15,FALSE,FALSE,FALSE,FALSE,TRUE,TRUE,FALSE,FALSE,9.3,"MICRO_CAP"
"DIGITIDE",113.36,64.25,FALSE,FALSE,FALSE,FALSE,TRUE,TRUE,FALSE,FALSE,9.3,"MICRO_CAP"
"NAUKRI",1177.3,27.73,FALSE,FALSE,FALSE,FALSE,TRUE,TRUE,FALSE,FALSE,8.7,"SMALL_CAP"
"TATATECH",619.15,20.24,FALSE,FALSE,FALSE,FALSE,FALSE,TRUE,FALSE,FALSE,8.7,"MICRO_CAP"
"KPITTECH",964,35.05,FALSE,FALSE,FALSE,FALSE,FALSE,FALSE,FALSE,FALSE,8,"SMALL_CAP"
"LALPATHLAB",1444.9,98.21,FALSE,FALSE,FALSE,FALSE,TRUE,TRUE,FALSE,FALSE,7.3,"MICRO_CAP"
"THYROCARE",411.7,127.32,FALSE,FALSE,FALSE,FALSE,TRUE,FALSE,FALSE,FALSE,7.3,"MICRO_CAP"
"MAFANG",153.26,18.99,FALSE,FALSE,FALSE,FALSE,FALSE,FALSE,FALSE,FALSE,7.3,"MICRO_CAP"
"POLICYBZR",1532.1,25.23,FALSE,FALSE,FALSE,FALSE,TRUE,TRUE,FALSE,FALSE,6.7,"LARGE_CAP"
"FIVESTAR",440.45,33.16,FALSE,FALSE,FALSE,FALSE,FALSE,FALSE,FALSE,FALSE,6.7,"SMALL_CAP"
"NUVAMA",1385.6,150.05,FALSE,FALSE,FALSE,FALSE,TRUE,TRUE,FALSE,FALSE,6.7,"MICRO_CAP"
"SYNGENE",455.5,56.65,FALSE,FALSE,FALSE,FALSE,FALSE,FALSE,FALSE,FALSE,6,"MICRO_CAP"
"ONESOURCE",1162.4,67.55,FALSE,FALSE,FALSE,FALSE,TRUE,FALSE,FALSE,FALSE,6,"MICRO_CAP"
"AIIL",499.5,153.71,FALSE,FALSE,FALSE,FALSE,FALSE,FALSE,FALSE,FALSE,6,"MICRO_CAP"
"GOCOLORS",367.55,80.5,FALSE,FALSE,FALSE,FALSE,FALSE,TRUE,FALSE,FALSE,4.7,"MICRO_CAP"
"INTELLECT",771.7,45.44,FALSE,FALSE,FALSE,FALSE,FALSE,FALSE,FALSE,FALSE,2,"MICRO_CAP"
